0.0
0.0
0.0
0.0
0.0
0.0
0.0
0.0
0.0
0.006175697301080762
0.005695922543072868
0.008033647543084554
0.006963581581601705
0.0073890318684624685
0.005403823367726171
0.006475532264491337
0.007122104686209384
0.008341473225761354
0.006469319356120594
0.0021560174564453686
0.001981757360816416
0.0020852308443042897
0.0018886515062201477
0.0023066119759118982
0.002189542795852538
0.0019971860972653214
0.002108098227861929
0.0021742283598539984
0.0017388382288870661
0.0061699244942935005
0.005070650016886155
0.005438890662708517
0.007734630956019394
0.005556949180636278
0.0067889866435969885
0.006062908156471304
0.00529939843472189
0.005969500763310638
0.006546293129553805
0.004056209903977967
0.004397880491424164
0.0043172068406402775
0.004154175674672414
0.0039495800395220465
0.004062556407771176
0.004081881463625927
0.004133154121414767
0.003524891747774645
0.0037412301429975343
0.004809410293884524
0.006496338303176251
0.005722695431159014
0.004938515409059681
0.004799315437581862
0.005736544578968237
0.005202111107341676
0.004832608311916157
0.0035910246057183296
0.005509231769162862
0.008045966668949812
0.008135192704019393
0.008098527819105356
0.008204709745072085
0.010969906074239895
0.007279656945602057
0.00840979231096358
0.008048410633105244
0.006320710890282254
0.008526152594997186
0.006141424866962441
0.005801988910466768
0.006420375281087241
0.00479648510614607
0.005661022834054258
0.006298393199424764
0.0057029992778474745
0.006603391531005982
0.00501267254874312
0.006252995950293733
0.0010219587846965726
0.0009920541575474983
0.0009017408204431759
0.0010389647491350347
0.0009022193399723439
0.0009947872258499989
0.001073208960207771
0.0009751154998528323
0.0010197958436143821
0.0009289105605250342
0.011006620280234775
0.010003436199727694
0.009212700415426534
0.009752867646267043
0.009548332168531177
0.008164851177875848
0.00924994287552663
0.010004216559363054
0.00793631863796898
0.00860875262748933
0.000671374977278151
0.000747473368890988
0.0007302056651759122
0.0007207632777113963
0.0007358289209355857
0.0008027612520488988
0.0005859442814760175
0.0009481625373961805
0.0006798847105106599
0.0007363622436555357
0.005827901570745193
0.005939747281824444
0.007210264805019624
0.0076052972042157255
0.007509618418145421
0.007781133087899264
0.007446145367011088
0.007318875414262042
0.00691979493225978
0.007172476804009713
0.0034339857301568487
0.002919809990634394
0.0030165172986813095
0.0026049955828489407
0.003583870363878431
0.0028576208281636973
0.003160065626962279
0.0027947236803301475
0.002990175670893721
0.0029206250361342536
0.0
0.0
0.0
0.0
0.0
0.0
0.0
0.0
0.0
0.0
0.0
0.0
0.0
0.0
0.0
0.0
0.0
0.0
0.0
0.0
0.0001883440305846381
0.00017594423175382813
0.00019200396474615823
0.000222949093963149
0.00017932563543394356
0.00018568980755632973
0.00019923410745632773
0.00016125415177330798
0.00016972891852970535
0.00017755855298690783
9.951209648149814e-05
0.00010271435463201541
9.096403640793243e-05
8.83655575486431e-05
8.307635731025995e-05
9.241061183742518e-05
9.519934874496819e-05
0.00010216478686291974
0.00010986473696331224
9.79269541449804e-05
0.004309525960361052
0.005357230976711923
0.00437895670218728
0.005532050474944376
0.006045790437943635
0.004591803513515335
0.004783882201675524
0.005705338475887151
0.005434726032371402
0.005849896306083175
0.005442457833258206
0.00529416190367159
0.005088115733777613
0.004984971915215015
0.005117797695859553
0.00581518763268664
0.004923238937404008
0.004997140498110475
0.00517839051887494
0.0055980384745384255
0.0023191059166146255
0.002264460637641309
0.002219419289560781
0.00209635100389913
0.001928229443865454
0.002917143134931791
0.0023162018321574865
0.0022015965853831106
0.002094094249261741
0.0023924194331492116
0.0039949379498137785
0.003499733065593351
0.0036005202733255847
0.0033203334841016914
0.0035479926054129986
0.0032745769835961624
0.003147672082835419
0.00338709938167552
0.0033222147857691173
0.003408714636549704
0.006897890170697943
0.006393212121259216
0.006128107996470768
0.004915585760636615
0.006049244223576916
0.005935866858775518
0.006413702293666848
0.006477587336594889
0.0065069906351031435
0.006391965812221008
0.005129133035898159
0.004486659631529344
0.004619179902360716
0.0045797182091412425
0.004853070965209649
0.004215479229506613
0.004473663939532845
0.004234960889085998
0.0048855252848917525
0.004423371849713481
0.008202950941295976
0.008264060297119995
0.006890736182061529
0.007861356827103587
0.007955260798701609
0.0069326995161808555
0.00722800545366805
0.00764046138902253
0.00708516238904665
0.008331257251297191
0.0016916950266496335
0.0013095020385648823
0.001447625075046972
0.00164054209034504
0.001358642325101858
0.0014646051166201583
0.0014797582609790375
0.001429572258631883
0.0014382668422022256
0.0013421174801897457
0.0019293078955343122
0.0024650740358175775
0.0023266814450823145
0.002436652069067167
0.0020534471934104755
0.002298122159005073
0.002289223057161943
0.002314884941799086
0.0021383148780193028
0.0026835869493462747
0.0024773170796176997
0.0020842525905794434
0.002041503863778405
0.0026626627453738318
0.0019677761885053867
0.0026382783878985817
0.0026344212125454527
0.0023024746485023773
0.0026883204738862754
0.0025288937539665194
0.0036316327527458137
0.0033416637479744228
0.0032306194899682046
0.002514871460542166
0.00300161390702399
0.003411075201606524
0.003236450868941315
0.0033171362389804726
0.003439032771454717
0.0031566426580157017
0.0027161062207954347
0.002818208646090178
0.0027394302958662783
0.0027790497435595295
0.002429855889445922
0.002795578743884543
0.0024410142367294954
0.002876010750477035
0.0030379801121261352
0.003250189823298694
0.0017359759472042472
0.0014551810301943172
0.001945008815868477
0.0019098011950267608
0.0018438745708587302
0.002250597749962002
0.0016798942365528606
0.002014598999464663
0.0020234846494241103
0.001966665504919543
0.0002294468829968961
0.00016848375712952754
0.00016580653264253308
0.000190680844465443
0.00020164788304499832
0.00020576402680958444
0.00019451886597079585
0.00019831032753473392
0.0002238084589353859
0.00017933621338926727
0.0031758099253813427
0.003317429164654475
0.0035313158438487167
0.003504146901741807
0.0037287054776968228
0.004072095962603436
0.003339792082299582
0.0032034077114547763
0.0035709469032352732
0.003707624990862471
0.002109698893397188
0.0023885216057500398
0.0025598661335135635
0.0020208734634035645
0.002207995573056998
0.0021080105797811714
0.002399030058485577
0.0015555496122019927
0.0024666089129589115
0.002113576169679184
0.0025942597235606483
0.002792140782190155
0.0023333500850906772
0.002250577604353837
0.0026393307659516372
0.002311825693109726
0.002235259616378079
0.002804349180699917
0.001949068414537802
0.0024860559107523265
0.0016882474011322456
0.0014108780556480272
0.0014633999481890852
0.0014966881146393303
0.0016450482824633622
0.002003141123239567
0.001971736386641684
0.001680866859720314
0.002052659977279689
0.001892752783142182
0.001084049332462027
0.0009375942151984045
0.000859544162690257
0.0009528847526315801
0.0008559035088452272
0.0009714179775362491
0.0007495246284465567
0.0008148548551349884
0.0007670764130121442
0.000831312058794449
0.0037957117597328806
0.003611235999421132
0.003995265787151215
0.0036967851397720357
0.0034494911078947177
0.0034127870451159535
0.003920148327496347
0.0032685792812422766
0.004196307555991646
0.003893430384176968
0.002646260457065626
0.0022360099825465838
0.0019552571917633398
0.0024565252256431016
0.002602704888919297
0.0029038757743293864
0.0022918821120087485
0.002656406694593206
0.0025109628372408303
0.0022958013205711925
0.0032890061920739415
0.0037023348086910536
0.0034684366796190295
0.0033836554033132562
0.0034811356426732343
0.0033501859381600166
0.0032936759560144224
0.004196691602970631
0.0038434891501789585
0.003958733382660023
0.0007089979267886626
0.0008162330266520223
0.0007422008595828723
0.0007876281310344507
0.0008010613394087435
0.0008284142511111041
0.0006308569819002566
0.0006734735604340949
0.0008739717299171828
0.0008244309668192016
0.0034859582735142745
0.0030387353824748355
0.004008577277031908
0.004125845096993481
0.003398520556962961
0.0037639154133445995
0.0037461393920899307
0.003393578557949958
0.003624593302285129
0.004320995300190914
0.0040570831563127635
0.004393444189033795
0.0038122978722801687
0.003823309929016601
0.004289258611385426
0.00395603790992635
0.004144173322745956
0.0036075545195464465
0.00336121487532956
0.00390682168005616
0.0010023948851665219
0.0010312166631378556
0.0009850689908922697
0.0009975658610573309
0.0010546655042000745
0.001000853985708336
0.0011540983202863323
0.0009156510822952214
0.000985510304782168
0.0009324144080123866
0.00011047305645988769
0.00011170285530987396
7.958788747309895e-05
9.524993746120015e-05
0.00010531453023778616
0.00010158389205719007
9.85837989613931e-05
9.619681486429901e-05
7.867345480614207e-05
0.00011126937655781727
0.00367557007598582
0.003446439139790158
0.0037147163146207087
0.0033750176745068793
0.004945151215272088
0.003609441873847592
0.0030832655155077246
0.00415874095818159
0.0036124170387213383
0.004446710389226422
0.0025993184817004853
0.0027571704145932037
0.002764870720090394
0.002502027774057459
0.002359846095827386
0.002703145689388796
0.002479553623802391
0.0026475053126882348
0.00268210097695249
0.002979201415732634
0.0006721888687540607
0.0007108010769314383
0.000506248360659744
0.0005963950992273101
0.000626277535079825
0.000526754560002636
0.0006966286384287286
0.0006599053357473751
0.0006403357209766677
0.000692064430750372
0.003875022983230408
0.003493175878752646
0.00348643491708443
0.003550169798807147
0.003837106590541657
0.0032594481289462667
0.0030733669839018915
0.00285333319044217
0.003085115038929482
0.0036646194424851198
0.002005345540208494
0.0019847904764159372
0.0016724034814237683
0.0018856874068327988
0.0018973826836948535
0.001812298773785556
0.002074933440049602
0.001762359020370612
0.0019136274232852788
0.0019432349567169369
0.0010654045473727886
0.0007993738280922584
0.0008912763021126811
0.001049091552197737
0.0009998062120065384
0.0010885556168337732
0.0009251582919492251
0.0009028326528091489
0.001112438845637832
0.0007605632874584428
0.0040394233081430106
0.0037396640061619
0.00430287735321986
0.004495606687040239
0.003513564218971786
0.003728827475544408
0.003783330870160041
0.003258563724657211
0.0034554870155398846
0.0033466780814746092
0.004250063753361281
0.0040355026903674904
0.0035061384619368423
0.0046944360102046155
0.004225906578857908
0.0035932049765934654
0.004254786828768108
0.003320358964806465
0.004048648491060511
0.0035587131806822
0.0033980291275505373
0.00302584395004837
0.0029380878516583903
0.0028844926124075134
0.0035333460514379474
0.0034103839599820603
0.003582973341662788
0.0028775495887948133
0.002837757305950996
0.0035408985135595285
0.002916716613459915
0.0027613567454079883
0.0024118909941854925
0.0027951439969169595
0.002619119338841204
0.0024130985050241018
0.002494131811272446
0.002477679469901221
0.0023369515691651654
0.0024394615078118485
0.002679793462225084
0.0022430230187156226
0.0027014943161063018
0.0023072032157975685
0.0025680055273883317
0.0026867286302034495
0.0025372732888962945
0.0024554292581298025
0.0026125865274784395
0.002575834930313687
0.00038795313130069516
0.00035946483707231374
0.000422113838520058
0.000358623082988032
0.000375553506816474
0.00032547717180585265
0.00032578246311313816
0.0004033751652214944
0.00043201448892965413
0.00040872818662742073
0.002602310584158226
0.002652734209804876
0.0026054456442884174
0.0018520794050559076
0.0022958914959613523
0.0018293566835135395
0.0024217522798038603
0.002276234463741126
0.002468457624355143
0.0023607198599732973
0.0037560115739537206
0.0037279690877143595
0.0030226823240841615
0.0032115696766983736
0.003555387557688585
0.00356439182812635
0.0035396942831108333
0.0035974321112632163
0.003329179608816747
0.003697737508293858
0.0019505771180699607
0.0018133441521535855
0.0014719166789800232
0.0018268062887193618
0.0016881385159207185
0.0017633287600559277
0.0014740601965708736
0.0014224116907952354
0.0014110409335265429
0.0016938793708628705
0.0005158287164909248
0.00048166953250140376
0.0005275294183751704
0.0005661705488736735
0.0005016446175465673
0.00041559752447658887
0.0005385690887673639
0.0004882211067478464
0.0004714955848779121
0.0005850796562913607
0.0019351733777087498
0.002499504341838076
0.0022135040605373497
0.0019500440469096827
0.0020758594682235496
0.0020948447617282996
0.0017343594795387397
0.002051539717408402
0.0022402570267642716
0.002247371703258878
0.003268091322155828
0.004012956913330142
0.003306411702044505
0.003945973039985737
0.0033540292142927638
0.003440986297412929
0.003108707158259077
0.0038107209756660697
0.0034106759656496732
0.003428389408355898
0.0005603818525498044
0.0005339897474684006
0.0005032348529729004
0.00045439716461471107
0.0004153186407071252
0.0003966141619622314
0.0005098855127138222
0.0005179195127465549
0.0004894669695622618
0.0004893507323300658
0.0015857117846723647
0.0012714519016724039
0.0013193232364193104
0.001217407860384416
0.0013593242582356823
0.0012952597001473695
0.0012562934802037445
0.0014810792295775756
0.0015248267820580368
0.001135856322691088
0.0016327983203341116
0.0018795597924685025
0.001822472775403538
0.0015130566063242935
0.0015728538705657154
0.0017884909955627262
0.001903176543942771
0.0017450985842947374
0.0018309750852167448
0.0016446324851635073
9.075100223859772e-05
9.768233284682018e-05
9.482908482151712e-05
9.945507017188846e-05
0.00010571543499347981
0.00010118952377715661
0.00010312983644927853
9.51931085983907e-05
9.244767535012996e-05
0.00010126300904500693
0.0019845165783718387
0.001951331610228247
0.0015994393843178304
0.0021839055131774882
0.0019288735043835427
0.0020874397891226582
0.002159018661561979
0.0017052787302500212
0.002332747953746027
0.001637202348848994
0.0023229344106223955
0.002048627237612282
0.0020859546262026875
0.002394809212658145
0.002154300184216723
0.0024744177291422887
0.0022909680401487337
0.0022094501345961805
0.0022317015119112144
0.0022545754250142686
0.003071718316225645
0.0030780402970073347
0.002546684364537903
0.002295602523343572
0.002743409548348932
0.0030518562321990837
0.0031316658104473707
0.0027919261525811262
0.0030941554573827574
0.00277143043099529
0.003667695112112087
0.003713277246346264
0.0034820682790234216
0.0035055122557288267
0.0034670172081155454
0.003455376867008984
0.003524730713013636
0.0033746053889271857
0.0031754348619263445
0.0041729407122725465
0.0026760396430504933
0.003012690185805169
0.002174894720954997
0.0024421995792362075
0.0029387348871847386
0.002772423910474244
0.0023893291081421722
0.002519758373044607
0.0029449583886490393
0.0028355974399810963
0.003374599464640891
0.0030610296069992628
0.0024295640897128287
0.0027861352472022182
0.0029717471040791865
0.002676512641671843
0.0031245505525151584
0.003104093712879385
0.002666256980968594
0.0024820962308353543
0.003073561510165336
0.0024468082908161853
0.0027182957316706224
0.0032820636801185014
0.0027289666660854526
0.0027948136706531534
0.0024113076302445784
0.0029989914773154262
0.0029028078753890827
0.003291730155477032
0.0005217488055935391
0.0006898028835056929
0.0006285403547728648
0.000664382518305168
0.0005674159208722563
0.000622688065367724
0.0005897420316058904
0.0006294886786956364
0.0006681304291737515
0.0006304330366343182
0.0009227265479902155
0.000984626605224673
0.0009064529705574562
0.0010410437180941301
0.0011240845356014887
0.0008615626685819709
0.0009603999636125462
0.0010423755183171892
0.0009146958077946222
0.000981653407990828
0.0036847436259773323
0.003344129096623981
0.0032672354482318642
0.0032569298872828886
0.002893220951870246
0.003074335619789344
0.0034598592698033546
0.0033173667607076835
0.0029348279044591084
0.0036218739843424624
0.003252824414815091
0.0029420266096543803
0.0040767253810852526
0.00409911899002216
0.003387352917250165
0.003072730646054359
0.0036970275808446166
0.0037144917797285702
0.003697330273752807
0.003191526723402562
0.002601275527853323
0.0024909505331190385
0.0023863373865937267
0.0024684970206157405
0.0025732998483354603
0.0030639586453634023
0.002236584756223607
0.002498919943835065
0.0024452447643435096
0.002551240222426793
0.0007639021111912849
0.0007053599207547244
0.0006632819642938947
0.000705771969741179
0.0006490595967473435
0.0006051778095444209
0.0006687535413647062
0.0006999375502288682
0.0006896732162386937
0.0007232853199783197
0.0030176534985861614
0.002795148126797066
0.002962666940975163
0.0028643179992402204
0.001941801424084675
0.003387053317015651
0.0026484163689891854
0.0031996034104971455
0.003441376228928797
0.0032600321069168924
0.0012046197535934163
0.001242012163402563
0.0012670205686922279
0.0011337693185230723
0.0011551610214521185
0.0012728165054255774
0.0010492808393577102
0.0013504014287127662
0.0013774402223759392
0.0013726933653250583
0.0022117528076953065
0.002439547176500993
0.0024016225578664444
0.00215054511659757
0.0023744508156478997
0.002404856460869345
0.0025707520302434587
0.0024437119334922014
0.0022281460313966447
0.0024185966125576707
0.000846531517107646
0.0007212122702283502
0.000685163320117695
0.000777015122639638
0.0007529943353920598
0.000753978508842254
0.0007002940067674064
0.0006797710986091948
0.0006266945090350102
0.0005619827129264249
0.0017525417068710665
0.0017423761503434572
0.001400353099631316
0.0017109001841467287
0.001866702463901265
0.0019659411067712842
0.0015005804004404664
0.0018557820322713944
0.0016134332689894046
0.0019285761770592863
0.0019163953841907161
0.001975831055290647
0.0018794516731142441
0.002135109483715067
0.001953109105055644
0.001998368085640261
0.0019412270754045674
0.0021161574452561696
0.0020712574308413504
0.0022882296079021584
0.0002249345198370299
0.00019829731854872435
0.0002345414608653412
0.00017710908281329778
0.00019047893254542166
0.00020356047467672927
0.00019007745274987516
0.00018467439216263872
0.0001830628244804619
0.00022622369374492151
0.002020297453434753
0.0017157585573844068
0.0017730439016540212
0.0019067202251934234
0.001844360007389046
0.0018686381226167596
0.0019180484217658238
0.0018070479525442407
0.0018698204699144608
0.001326580578165832
0.0047923295910895945
0.0032885418204957684
0.0035116222019683494
0.003537109181688798
0.0037822789464104197
0.0034410856064497424
0.0036567676751820847
0.003108681213480951
0.0034481438974893848
0.004021429093102642
0.0013375703607549565
0.0012449554765723275
0.0013821843898996179
0.001398820146210282
0.0011763986025107958
0.001317399840664561
0.0014955177019052267
0.0013374050313523776
0.0013618247639747957
0.001242694973988844
0.0005783847780250198
0.0006368009852212688
0.0004962736383489372
0.0005197624647663572
0.0007168629212653366
0.0006101218752050296
0.0006993247717701591
0.0006742509040464792
0.0006053442697790932
0.00046540897916959474
0.0012932978682442602
0.0015743083280152265
0.001455720329041231
0.0011674375894386972
0.0012296229003746937
0.0014799384470234416
0.0012826358851721646
0.0014926607063131324
0.001369628155929595
0.0014263494464556692
0.0035447486466841454
0.004242687213364202
0.0035187133151616578
0.004195036418332521
0.003815085271944798
0.00369511184354361
0.0039331855646063596
0.0027424816509183545
0.0033977648500389877
0.0033441760849634433
0.0006727249906953474
0.0007651550350937314
0.0005578085356436694
0.0006957968659412054
0.0007175244154879081
0.000771708954068437
0.0006755323216602933
0.0006192248119215102
0.0008046502594915546
0.0006838104308992334
0.0019130768402539251
0.0014374846559693406
0.0018449063368095235
0.0015595455066542614
0.0019846435133378682
0.0018149204208362537
0.0020112391901896016
0.0014742753559049717
0.0020458368312284095
0.001907037784580596
0.003867521569986177
0.00380812634708409
0.004222756757305136
0.003942770692636457
0.004293467714543524
0.004258194965229622
0.004008827643975571
0.003918468206995056
0.003645174002065492
0.003583064785558489
0.00162566493622024
0.00157187064253965
0.0017930727015429756
0.0016037276198694727
0.0017138841066930014
0.0016132774320658499
0.001579012884284484
0.0017305872661234859
0.0017015031516487357
0.0016887835866268542
0.0035098945064170046
0.003911922077651232
0.0038259995155877913
0.00408042112194698
0.002967147738852464
0.004076971764773138
0.003922161182288639
0.004007529721918552
0.0037590780967395356
0.0034233639840975673
0.0027243144020418215
0.0031456975883687264
0.003006446426790165
0.0024239070113348804
0.0026464544831762025
0.002789133857851892
0.00246148508932617
0.002362891880689143
0.0030694385715182688
0.0028020896940532405
0.0005809638499098029
0.000491051423363636
0.00046015681407189256
0.0004970632713251113
0.0004714503369031752
0.0005020298540786103
0.0004861247793951099
0.0005017189952719947
0.0005584622100907807
0.0004926043082558055
0.004036608612049309
0.003503543070818481
0.00442423505493446
0.0034453700884257803
0.003641263806337906
0.003700430029127148
0.0039328073342276134
0.004196771385301912
0.0037009390341049848
0.0034345594103168393
0.003255459377197902
0.002759502875888839
0.0034412682486408054
0.003007620119378185
0.003057054204888361
0.0026830077624151938
0.00344097711638425
0.003010324373830423
0.0027467211939400673
0.0036363681784634364
0.001281018210184273
0.0010692621114754895
0.0013144929483608944
0.0011295310142830947
0.0012689525092538462
0.00114356092447991
0.001178542513460294
0.001085804023974123
0.0011568448039102068
0.001232307165104075
0.0012510470306562969
0.0015366013006788747
0.0013277638132589541
0.0012641336686790281
0.0012664106394009742
0.0018116220195308317
0.001432064249861661
0.0010096964353740574
0.0013242544601731227
0.0011848809973139176
0.0009594054810302239
0.0008297562447616376
0.0008946878726184234
0.0009408743002028372
0.0008685863279635807
0.0008100977745799585
0.0007716775409740082
0.0010306600668944293
0.0009416003027119811
0.0009650412081678753
0.0003787425471983289
0.0004263272631654275
0.0004331140730185284
0.000468031255608452
0.0004463017572511412
0.0003999530217703168
0.00044900912003518974
0.0003681679849985352
0.0004264053665144162
0.0004299749883906682
0.001389307918954111
0.0014120151782692106
0.0011571149114429778
0.0012692405407590092
0.0010979494632755574
0.0010255755505911293
0.0012240009753079642
0.001095168023935097
0.0010894792838821166
0.001151673829100503
0.00020283392342824923
0.0001938447478629088
0.00017979583744861358
0.00020118693850214555
0.00022990004408617655
0.00018748734518482033
0.00015404907834360958
0.00017649499138430602
0.00021640090471560308
0.0002033787924429032
0.0023476790206792253
0.0024822361474784805
0.0027049363228610814
0.002651713882452297
0.002616514938782639
0.002250052182688484
0.0026924258765616566
0.0022466895449628757
0.0022106291726387084
0.0025349048186806855
0.0019471058682654667
0.001966588162739567
0.0016771040848684692
0.002166289500323435
0.0020294701222384757
0.0021995464178098307
0.0023109267327703882
0.0026418055782165763
0.001780869139162834
0.0021556643458855813
0.001716672999445471
0.001904961026876999
0.0014760947715931145
0.0017045496649628676
0.0016588761545517563
0.0017052403089787675
0.001911718997839212
0.001580305017532692
0.0016065478921870916
0.001674573063537938
0.0014239718219001669
0.0021900837673545226
0.0014198252732974244
0.002053909423541754
0.0017977519077304912
0.0016601472047037618
0.001973353866378455
0.001820371047275705
0.001700502631386253
0.0015811323532063115
0.003131299085146829
0.0027141196183347845
0.0023248354444515102
0.003343180748581088
0.0028754024249034917
0.00278454197777603
0.0034256903884718522
0.003001813841616195
0.0028742994134123004
0.002758341120427007
0.0007067569687587182
0.0006402090819532914
0.0006709030721185257
0.0005998102050105481
0.0005919808821545052
0.0005878384469830553
0.0006353253616728663
0.0005696575792530957
0.0006857040698600038
0.0006611765391705771
0.0002126133345427984
0.0001855880657481599
0.0002102901334797039
0.00018960108774026597
0.0002069829556087208
0.0001900999958937718
0.0002040768433076612
0.00022984766528920072
0.00020551896544379608
0.00019600572807823265
0.0040177678442472435
0.0036937379270384073
0.0035360172432479446
0.004197073559581751
0.0026199466871035674
0.0037162474190584947
0.0033873553323909627
0.0038185269229791185
0.004107874989732005
0.0036286172884597953
0.001024695551264769
0.0011048088994503728
0.0011350042469377662
0.000970845273825937
0.0010408822593308538
0.0011202341646213809
0.0009827972997846276
0.0011765126360636779
0.0009913046546697738
0.0011081821728963234
0.0035976489907031083
0.003024024629127736
0.002979596142431619
0.002935525875661161
0.0028913723636364718
0.003228242558823438
0.002722734431809976
0.003495059858012868
0.00283321520206023
0.0023719492489053394
0.00019460043951492563
0.0001561496804796516
0.0002120163880897936
0.00019091895193105838
0.00020974815115726398
0.00017296622754130856
0.00021378004189821773
0.00020452130791542391
0.00019592246605586503
0.0002093659056341894
0.0025375813466221885
0.002689127850981303
0.0027051031872747447
0.0028185709934408242
0.002742945901262252
0.0030828497921071975
0.0029758498444563074
0.0024374660744174307
0.0032546640635569535
0.003208205249991783
0.00345962077455379
0.00284843048465472
0.003585545925007077
0.0035324127184804006
0.0035252345746279367
0.003585266447145538
0.0034681930700650758
0.0032658809232877064
0.003645077217595057
0.0036433325180495776
0.003633196846448576
0.002984678043821242
0.0034455848779430206
0.0029287949792184335
0.0025036093615964
0.002688337620741699
0.002522886650933848
0.002923165138720425
0.0032194772155925856
0.00341146853855218
9.575296645217273e-05
0.0001359105652378
0.00011021638382147665
9.007065015812498e-05
9.619421290036706e-05
9.982860893238311e-05
0.00011622743453178628
0.00011282904141440743
0.00010303358808626362
9.196275725688427e-05
0.0008509826654714544
0.0009264561473916513
0.0008052121520231069
0.0008995641084593146
0.0009228083277028575
0.0008403279042783228
0.0008349048995384966
0.0007557509699525104
0.0009269776019947544
0.0007366173631006852
0.0001102242134696404
0.00010731228044952103
0.00010718543209111703
8.921250234865075e-05
0.00010436704961787307
7.899095197854515e-05
8.873743476825403e-05
0.00010034612032787187
0.00010310974520251301
9.694355185976081e-05
0.0031148392639718074
0.0034550230179234863
0.002876110937403135
0.002943615528487035
0.003079244341021274
0.003062951888835336
0.003374203995932903
0.0032981541024536985
0.00277851560535375
0.003318705418424979
0.0012359772043688386
0.001079655672745263
0.001158655680144338
0.0012208140491284652
0.0013625713689808287
0.001001549059605248
0.0010653110403657216
0.001210739587223532
0.0013755915704980301
0.001345942395725277
0.0024666805771035053
0.002043652612325718
0.002632152037865711
0.002664476087902261
0.0022971226445908446
0.0019032652896607168
0.002333565024604974
0.002351854818970079
0.00250924083562897
0.0026663248706152096
0.0017341346738904335
0.0013537837981614617
0.001850817325550194
0.001482378084978398
0.001982160728241233
0.001825985665106703
0.001881527049256535
0.0017402837038093975
0.0018029136513474141
0.0012487499804379866
0.0013769117413107682
0.0015744169768592132
0.0011810483081968605
0.0013552316455167214
0.001463382503360512
0.0017326737634992078
0.0015738166925276895
0.0014863315536447189
0.0013629152531249647
0.0014189019871195337
0.003989760507542522
0.003562230681989304
0.004453032305706441
0.004682104440092302
0.003533420716368466
0.003525696877823072
0.003338059395073581
0.00325543926481694
0.004248387391064031
0.0034233209715774523
0.001760654005696887
0.0026861196317714588
0.002177241300963181
0.0016307463774697343
0.0022238752024255053
0.0019368588589273852
0.0021173889850607
0.002036755172523792
0.002448980658320122
0.0018996420373238291
0.0033599701811027945
0.0036428028368597153
0.0028480839522485083
0.0032378065024690717
0.003231830046145955
0.0033798542357601352
0.0034793682730738526
0.0030850266847515613
0.003173716364309196
0.0028431968357610663
0.0010811429218084007
0.0013491893152656105
0.0011782165688269187
0.001184392914768251
0.0011253538849195239
0.00116321127702122
0.001188322573655187
0.0012327227199387702
0.0013208562956221362
0.001069974181444256
0.0032736892248941564
0.003032813059770333
0.0034700099652346253
0.0030782902901767143
0.002439373233626301
0.0029538886846590677
0.0029406770810323727
0.003089684381684925
0.0032971014044052673
0.0027051437883863997
0.0018040279940962237
0.002459645212582336
0.002018000939720952
0.002369323514806732
0.002404978229833234
0.0021051252452542538
0.00229699753795351
0.002596985795384656
0.0024557736433675537
0.0019363029035470987
0.0011980801010559729
0.001523584213008129
0.0012688312345923295
0.001324857024037274
0.0013614639323669593
0.001561590802734102
0.0014708222123155739
0.0014900903005217849
0.0014689264187435457
0.001569286684899883
0.002476975260117753
0.0023757543546902497
0.002841686468508329
0.00237187264791844
0.0029080388484356173
0.0026560064535285765
0.00216687304003392
0.0024644485230103383
0.0025780966899917154
0.0026202849851934126
0.0008615462996910753
0.0009006696597361041
0.0008544507192329065
0.0007160121908411127
0.0009896638670786018
0.0009362992318924951
0.0009006290383343533
0.0008244531990790094
0.0009534690076404496
0.000917387114303919
0.0016730145566257511
0.0015785092977172281
0.0018126551833408922
0.0015114276595371756
0.0016001967372423613
0.0018130577186299278
0.001873294000323422
0.0017367386433213756
0.0018849137638968574
0.0016321438786674296
0.003727652046240951
0.004217132589788474
0.003962699556137461
0.004088491014830799
0.004720336921672858
0.004377962122733456
0.0038112416553595188
0.003934464928915641
0.004112644824724467
0.004419365286422948
0.00011314296047647676
8.84910522675419e-05
0.0001097463797552689
8.501167387108742e-05
9.202549308185897e-05
0.0001036163873065311
8.551246700763851e-05
0.0001049168790543421
9.57511966915197e-05
8.604774430527704e-05
0.0036893736162063725
0.0036344795092708975
0.004710750031923258
0.004291239890384986
0.004229700083591216
0.0035933353489874436
0.0036469785374109837
0.0032362218642598174
0.0035232368321912073
0.004756699598044468
0.0012199307919750345
0.001424678115114816
0.0012350541580934487
0.0010272563999617441
0.0012094666785099717
0.0011379595545837932
0.0013848432699647831
0.0017034855050944207
0.0012269955929212258
0.001383412090400745
0.001158668029150333
0.0012401137814978696
0.0015323897149328884
0.001342114592154175
0.0012537154577294772
0.0010812085596653754
0.0012323372442017066
0.0013339946134884816
0.0013996244562535468
0.0013057746832479359
0.0009203825905924614
0.0011430964077443846
0.0011086523023887674
0.001179718130389983
0.0010772991318376266
0.0011507000828215367
0.0013276255847761978
0.0009782844642571675
0.0008877366083845282
0.001209796551106626
0.0035253884859776825
0.0033880471036355332
0.003882994220854822
0.003634806471769445
0.0036939622408456657
0.0035932577312555647
0.003897267842140723
0.003844716049901308
0.0032237572441947814
0.0027920368031643696
0.0028902230437563145
0.0030253770352174814
0.002805095377541755
0.0031514936049732143
0.003413284263053771
0.0030236239295367484
0.0031153091425785394
0.0027433222886964885
0.0028301257799836885
0.0029609128112008287
0.0013747558225776738
0.0010888146043754384
0.001226197740411197
0.0012084272998985476
0.0011702568947636871
0.001365871763646137
0.001027857105660839
0.0013559666811575578
0.0010919991115215632
0.0012172729107417452
0.0017374780899055942
0.0016268091405949507
0.0015742805692468978
0.00151723547463545
0.0017630147976775354
0.0015725817921651017
0.0015035802788947918
0.001683410656524069
0.00178762707401026
0.0015587689808520563
0.001434745520665842
0.0017335829014459528
0.001778708613233629
0.0017732195011215214
0.0015598765092889205
0.001770530195387465
0.0015500166509291803
0.00201632496746646
0.0017856989268801083
0.001561928949581707
0.0009680876786393605
0.0010087135304123634
0.001130353262136923
0.0009649194559952821
0.0009237600780347743
0.0010080495213449754
0.0010279439343877106
0.0009754041926692296
0.0009433477146925317
0.0010231823986762345
0.00030100255341756533
0.0003524585206613193
0.00026133665781772724
0.0003008755988829142
0.00029676987082540403
0.00026191934614970693
0.00028365804541136586
0.0002962706877178416
0.00032950333579981106
0.0003610743860660771
0.001729496721244733
0.001759958402474814
0.0018220543725556756
0.0015029472016050843
0.0016812765301282197
0.0016179289705049733
0.0015872971548688394
0.001595180910934937
0.001509355023334339
0.0017253509079041397
0.0019924895977643103
0.0021103251164821387
0.0020996971392505236
0.00234814303274131
0.002237880212560939
0.002183657598720414
0.0018735258825784374
0.0021924304350109634
0.0020485521910459607
0.0023527735569785872
0.0012366543409000833
0.001269712725975267
0.0009156293670276311
0.0011275497315166002
0.0013716903528907432
0.001223492741575722
0.0014613447073975874
0.0012867768983405026
0.0013984960844632252
0.0012743911723808938
0.0011032935153788752
0.0011737539029322266
0.0009056842248766748
0.0011020897080401412
0.0009849138349755373
0.0011075395212497327
0.0011807187636016126
0.0009185052592666031
0.0011376646702289696
0.001188901436840053
0.003986460565206266
0.0037481331682178583
0.0038506519734406277
0.003893463826968448
0.003936763694252203
0.003979150590757534
0.004234493382003784
0.004165761284457536
0.0032151219833795137
0.003501956066881603
0.001789406405394768
0.0018583396509583886
0.0019845214927533693
0.0016504537832728245
0.0013768969427311525
0.0013098287960873957
0.0017630096705056478
0.001524981101940417
0.0018297165405458137
0.0015915787015983946
0.00229826476597799
0.002468771015789402
0.0022761928336392694
0.002370751487386232
0.002666140440388492
0.0023985492580698847
0.0022879441932765437
0.0025000803775168225
0.0024788964509974334
0.002519620792013228
0.0016785683353643193
0.0017926938448911622
0.0019488352840791412
0.001521759690783726
0.0018606106141606613
0.0018333036310894022
0.0016837489431539845
0.0018032360573674484
0.0018076549737327198
0.0016899980225410021
0.000848165496416503
0.0008928792583789417
0.0010770087877396846
0.0011606218216738582
0.0011141410538203402
0.0008073124557350223
0.0010971144025982973
0.000978368198472156
0.0011622243193706988
0.0011119079773561954
0.00227299759429548
0.002061201832277672
0.002099363399656688
0.00242778307236735
0.0023953406426332887
0.0021446336955344113
0.0023791503368137622
0.0019112641163537278
0.0020269989592395458
0.0019783442261723347
0.0016193782374134627
0.0018924772449061833
0.001753524418821462
0.0019331890907618662
0.0019395322312850158
0.0017127588380243628
0.0018226875563220407
0.0019189784094149414
0.001914504640868476
0.0020803936616942864
0.0017731745421855037
0.0015990925559969177
0.0013599720694739876
0.0013855993392172872
0.0015037179386586468
0.0016981180516235314
0.001371245624186706
0.0015462784049196643
0.0017411175026310018
0.0013269972082949665
0.0034369393591567967
0.00352736168029291
0.004041945308058327
0.0037103442329752324
0.003595600536973247
0.0037941409410915143
0.00306023469392683
0.0027555279781461012
0.0033768600571041007
0.0031252424864375117
0.001855720929800172
0.0013761702617911859
0.0021190913883480825
0.0019425796592574063
0.0019608817850279682
0.001836910362468565
0.001785201469114045
0.0016545189862387348
0.0016346414872172755
0.0019296923261417033
0.003995555838569839
0.0031240349780390407
0.003411369221169691
0.0040029330553162865
0.0039027835654026006
0.0033686261298570713
0.003530329527658832
0.004270407090206771
0.004044192187590177
0.0036979369916459157
0.0027256680027618217
0.002697096933987321
0.0025342876783806226
0.0020381946822917597
0.0025441028053184165
0.002669893502132915
0.0023446888161311923
0.0027187277017304994
0.0028999048334961107
0.002257679573370865
0.0038658826301964707
0.003685946038313833
0.0031688706457251815
0.002994610701931595
0.003076356564096771
0.0034078724905937446
0.003467013042118142
0.003189596322033949
0.0030648988012172505
0.0032278920036611708
0.0013354945135188056
0.0015129522395999388
0.0012836697605437912
0.0014708367723134078
0.0014434126632032953
0.0013587058240411213
0.0012716899389710774
0.0012526982077142213
0.0010256090612751829
0.0014691214843622913
0.003150739955581572
0.0034601415296151247
0.0035566181321621407
0.0034790665081258078
0.0027467453367301924
0.003302699926479277
0.0026466157712520186
0.003927030664149396
0.002958942449687047
0.002640389685998299
0.0037743290290795178
0.002927425848477531
0.0033866831502571662
0.0029830604861122295
0.002770422786391463
0.0032800521699838693
0.0037789286788743426
0.0037811138985153455
0.00349753483973936
0.0034225026031858563
0.003057529651079806
0.0027984980625146774
0.0028679791480077594
0.002756942841790828
0.003342320175949022
0.002871277316811442
0.002668226147775268
0.0023431182180135186
0.002577857445523822
0.0029556326546176003
0.0042084206860198686
0.003986345846774997
0.004042268194610377
0.00339862311071632
0.004701633019271629
0.0042360128530396
0.0035174040214812382
0.004128370012327878
0.004010357393420506
0.0046350778093009835
0.0009038698563489632
0.0007713848632899844
0.0008485560563317104
0.0008146014178927911
0.0008734925734473081
0.0007509450668382658
0.0007787957380610851
0.0008676695624825298
0.0007475001871572917
0.0008508121700738394
0.0018871384084517707
0.0017939887745260397
0.0016556409519491398
0.0018713963922607172
0.0013946468101696777
0.001947129725389619
0.002044664431732595
0.00228019188508518
0.002159571471800914
0.0017931026515818395
0.0012497443003430533
0.0014002512188954865
0.001378119816502709
0.0013433982512311502
0.001405127718353379
0.0013602209942457808
0.0012004966561298919
0.0011764595277963606
0.0010980134261317771
0.001262441226314737
0.0019456352013894162
0.0012898931127620198
0.001401874213556999
0.0016984159479797437
0.0017384353409515038
0.0016986456214168875
0.0016921276273725728
0.002034903329680145
0.0017850731771154556
0.0016726751763553025
0.0011015923728456157
0.0011607633939045739
0.0010985520331775196
0.0011715514496345137
0.001194440291733851
0.001041943188954642
0.001180327047631813
0.001029576985979348
0.0009551766624825035
0.0009565923213808268
0.0016918379405547847
0.001521106477717867
0.002025801786423354
0.0017058028106674862
0.00197074432647292
0.0014431561785031779
0.0019234728058302516
0.0018355019660438291
0.001655119781997399
0.0015364728403259517
0.0004378203572344201
0.0004079249586096232
0.0004035142098800619
0.00046485338755623774
0.00036942026367528405
0.0004818204311096804
0.00031778616781879946
0.00048642649765376345
0.0003993308319225541
0.0003961658337669913
0.0021671674073267602
0.002107846323259862
0.001907118029612364
0.0023530995758614124
0.002301448580383204
0.002130293090425465
0.0021982098869662813
0.0021664316654424346
0.0019633072574369243
0.0020461325038483935
0.004257056397900434
0.0037129270240388074
0.004283055599164643
0.0042054138865037505
0.0037693231751397644
0.0039186572639059725
0.0034563813820507527
0.0036202176319961236
0.003513574972768559
0.0037313872766651553
0.001041571703273632
0.000873657540860498
0.0007916572315311856
0.0009733074492384449
0.0009842881391005677
0.0007410992710426389
0.0009304718472148739
0.0008528880766440697
0.0008783004413779623
0.0009775792471236504
0.004428188581176918
0.003671017849101553
0.0026120027623159686
0.003331089280205587
0.0038283043183712554
0.004614941008142713
0.004062926580433875
0.0043640351327159845
0.003463620440403619
0.00458410713760887
0.003872063595059402
0.0032059799552351994
0.003330095340420893
0.00407628536495789
0.0036538837557979808
0.003288057415462018
0.0032577044009317437
0.0037197784995963773
0.004464797882097473
0.003520273272945165
0.0004144707083225298
0.0004201650762273506
0.0003371102531523418
0.0003432263981020427
0.0003858157671228965
0.0004645186987319937
0.0004009205876856918
0.0004022725529200009
0.0004471047664561954
0.00042295059225328803
0.0013453954150126235
0.0013186516870660977
0.0012590175749240381
0.0011872714704946428
0.001415845204597889
0.0011983766889568513
0.0012161387555316232
0.0015625799607778667
0.0012700527317514082
0.0013789548795032902
0.0014427763923439438
0.0016070343601979993
0.0017966241730142398
0.0017840320047057532
0.0014690836745441958
0.001220872456531086
0.001744114960198449
0.0015646007916328745
0.0016268782612611585
0.0018606266357939585
0.0012852784797091911
0.0014377624861503823
0.0014568306255289892
0.0015040144482870482
0.0014507610518300603
0.0015559145214698341
0.0012462618111666358
0.0016027691973083177
0.0013823694475899784
0.0014079092286039022
0.0004889213393931749
0.0004808187025333549
0.0006361043948064872
0.000613777488656018
0.000700023702433066
0.0005241946305495452
0.0006628839747840574
0.0005967423633501796
0.0006541051137765525
0.0007572658112202964
0.000967105974003156
0.0012185414562614011
0.0012113090089011158
0.0011921635788211902
0.0011924865654600826
0.0011160553931340777
0.0012086995094706167
0.0011467845036563428
0.0010999714710242772
0.001134986052129772
0.0009794600228279146
0.0010856249144339536
0.0011783219636215573
0.0009105795466129064
0.0009086355324631108
0.0010180567769565898
0.0010159099782391333
0.0007833601157218608
0.0009860689767329772
0.0009599918525538021
0.0019401961530397123
0.002023412016799592
0.00240349888075139
0.0019822791432499948
0.0019187695146139336
0.0019581498380452033
0.002154284444934038
0.001821666000580999
0.0022243295325079966
0.0018168503637155426
0.0011555311591165988
0.00138187521792421
0.001052839696510801
0.0012889903870029068
0.0011900819843765618
0.0011817312382780552
0.001177059538095937
0.001267666129703206
0.0013903004056603733
0.0011960460516156181
0.0006483288303038621
0.0006326292920142514
0.000654284308311275
0.0006200536363031176
0.0006674671764692797
0.0007315348776744965
0.00076280253612918
0.0007529079223524872
0.0007063293655722065
0.0007589725799410215
0.0007110369165966703
0.0006665963046733471
0.0006539322960012214
0.0006586301737505467
0.0007141520080644226
0.0006244110632587233
0.0005879082423099343
0.0006864595614504834
0.0006639935462313857
0.0006502046156576429
0.0030331258101977533
0.0033766178353241308
0.0032706226670627995
0.0040161257918326955
0.00324263622794537
0.002947033549374187
0.003509365884359289
0.003547203907062599
0.00326801506965819
0.003792234153616288
0.0006393365828144945
0.0006691188844150696
0.0005702111646988336
0.0006284552774256675
0.0005761862497150016
0.000680296926178111
0.00045390109094354
0.0004770133869878245
0.0005658951419838912
0.000588782273062014
0.00020644036706629794
0.0002168635959111348
0.00017236229472499076
0.00019653952762040336
0.00019866784243707596
0.00020842111618835335
0.0001992480105423618
0.0002178208017366604
0.0001879730274015777
0.00018600948235566718
0.002867862984621133
0.002805619559733437
0.0028221698055227763
0.0029802952236824497
0.002538210181809614
0.002070384485708495
0.0024845783973653393
0.002288248944538839
0.0031470700505329303
0.00256337844259533
0.0017142225596991445
0.001809742883455554
0.001217356407856888
0.0017674343243218183
0.0016543374960904108
0.0017216286476969113
0.0017785680703164754
0.0016173068181237356
0.0016254223253026976
0.0016827780301365116
0.002429380543465816
0.002249455208351792
0.0021387947964695768
0.002415264643097324
0.0022965552399669027
0.001996069807535327
0.0021273479202498983
0.00259782658041851
0.0024734362828522337
0.0021826021242643454
0.0020895274454747178
0.001713030212308813
0.0018252163265790738
0.001960642067512242
0.0020357966585615593
0.002032769332779824
0.0018307435263477316
0.002008593409195553
0.0014605163506359632
0.0020564062314352314
0.0025966600483789573
0.0035019702669940164
0.0027805326884412116
0.002899891326003819
0.0029990413355441775
0.002836539580574702
0.0028736103103366223
0.003000258291392237
0.0025396155047535353
0.0028476518133797655
0.003983673926604223
0.0031266557435914535
0.0035111570528587855
0.0032492929163720962
0.003700680987788747
0.0047096359926084375
0.0039576659689226235
0.0034445877536173797
0.0036006076807524904
0.0032055263193898984
0.0024083822857338833
0.002965984026687054
0.003035532602403058
0.0028683665651205734
0.002708451659853065
0.0034130397096704306
0.002759788979336483
0.0034474070122932432
0.0028499853974379456
0.0032018943009491318
0.0024940392921443295
0.003078222827907189
0.0036438440438566113
0.002969751670690695
0.002795310012763171
0.003416766449125523
0.002861625110215528
0.00333028411273132
0.0027326516012166012
0.003455373791885078
0.002397175508880422
0.0020680095223926994
0.0019574277616171377
0.001958640720761253
0.0022728885957270634
0.0016124372853704191
0.0024673690288077137
0.0019961567597321663
0.001909596806787379
0.0022830922283125126
0.0002926267739799898
0.00031806611152268663
0.0003358516277529571
0.00026350982730324814
0.0002674556033627726
0.00031076320515654164
0.0002997525922950363
0.00029117315970479305
0.00027883409765327755
0.00032535537104817286
0.00335706928812259
0.003384198417737719
0.003157392141750051
0.0030732055892299997
0.002776457850657898
0.0029440450221410942
0.002802225620515424
0.0027409555502005754
0.00288355037248423
0.003188944908908701
0.004018566194554736
0.0038706613998930597
0.0029750199845397303
0.0026840100582838622
0.0043865312297655295
0.004214815503989941
0.0038548559944016764
0.0038218709754005748
0.0038969725907612475
0.003879900492801924
0.0035679489430975055
0.003510704167211967
0.0031479397646892197
0.0035672193947584325
0.003656336484102467
0.004091237217186068
0.0033470664572754615
0.0034318451357022365
0.003629178678646559
0.0034981779863826486
0.00010761133604207144
0.00010842227458683217
9.210868085527696e-05
0.00010800405649731847
9.610976167331162e-05
9.204122681121756e-05
0.00010526102983644832
8.720634964403621e-05
9.680831803378338e-05
0.00010034295125119902
0.001917991805570853
0.0021090654645369534
0.0021385947719454366
0.0017687098873765102
0.0019058453597510104
0.0019838536639413614
0.0019069359322962157
0.0016668246669627293
0.002091273655678386
0.0021439319126485184
0.003519569868705419
0.0034778519821389887
0.0037074022285662257
0.0034588608690717198
0.003686138121899546
0.00402099514784674
0.004017639485161277
0.003671208535094088
0.003971984735453128
0.003974817455087964
0.0007869624355759924
0.0008402177957207584
0.0010153596680482651
0.0008350999596080617
0.0008798451818516339
0.0008518572407467562
0.0009462280425472687
0.0009063046570229432
0.0010687842876084008
0.0009395320998001441
0.0029470157068045236
0.0034812971311745985
0.0028786074563742626
0.003092689102193896
0.003032227447988181
0.002949794793953865
0.003218773517083048
0.0029163162368264347
0.003120548643596568
0.0025650544932454234
0.0022262916845472614
0.002218212654286139
0.0023433952241493647
0.0017852876414681121
0.00198607320815433
0.0023656816580322174
0.0019890348044944947
0.0022171951448849933
0.001987876829965652
0.002125157513603067
0.0018584367074442089
0.0016797906953470896
0.0014999818794085276
0.0015479105074819497
0.0017564196947215311
0.001769936734807369
0.0017263099812484621
0.0014984073863394784
0.001738878379999088
0.0018109784291563198
0.0013039457789248486
0.0016993301225832484
0.0016061690231704477
0.0014131228264357082
0.0014475953278224754
0.0016449830366665687
0.00118587558297585
0.0011871281661944837
0.001536434182148609
0.001439438208105699
0.0009471800863876064
0.0008486151404460879
0.0007424121915343682
0.000973567925085436
0.0008700205492098612
0.0007599993783377986
0.000842791148934465
0.000864836564130509
0.0008038937358028121
0.0010286729838757476
0.0008298369527618768
0.0007683930497239699
0.0009794806635078778
0.0008289108192552873
0.0008529262303371609
0.0006433807741798892
0.0007460606650828924
0.000803894264837215
0.0007933411662632892
0.0008401280889543503
0.003173157505627238
0.004338512387721246
0.0036992161183479195
0.003277510686962452
0.0034914348296249892
0.0037576025211486113
0.004244896125855064
0.003827689430877235
0.004221044316790935
0.003044692044063354
0.00253023252255549
0.002832885535084148
0.0030984973808013652
0.0034994989380119513
0.003233347735087237
0.0035702737256356437
0.0028382635769095455
0.0029821025342694654
0.0035784924227864746
0.002739948911850489
0.002571370687866621
0.0024631792676061332
0.00259944244543143
0.0029280806120838532
0.002486469686289674
0.002149720552142613
0.002546350488620676
0.0019842326194563055
0.002150576642657951
0.002465777957949132
0.003305865354390146
0.0027363763702455968
0.0032421270946323445
0.003292827402649085
0.003293668679681916
0.003871464169129231
0.0029480945596448887
0.0028374524593306376
0.002473597857520858
0.003261692134243106
0.0022006626507227
0.001974635475905986
0.002363581189310452
0.0019215972792578126
0.0015855322537039666
0.0018855865037371322
0.002085279935866775
0.0021130654026151312
0.0019880059475903635
0.0016700428979351265
0.0008228975920557405
0.0008974282662204687
0.0009260768109440263
0.0009055477081504094
0.0009551993070200354
0.0007305150930084316
0.000793228897365442
0.0009112252972282774
0.0008927594609847373
0.0009437662154417874
0.0033489933825609206
0.0031989154671200875
0.0030322183336354983
0.0025976859719737135
0.0028853981610871917
0.0025518262938773375
0.0028007245770523903
0.0032848374412233826
0.002899733762093233
0.002797783731648521
0.0027834004028944735
0.00281504002828496
0.002698884004861799
0.0029709797701969634
0.0032315326151438196
0.00306838930739558
0.003260215579934707
0.0025634376698738318
0.002753218937129144
0.002150104089215867
0.0026530177456717727
0.002694908603502783
0.0032007441271897866
0.002337759410478618
0.0025003754271491806
0.003186469392161226
0.002655587208141243
0.00262552693569274
0.0029566462021283347
0.0028157336045198673
0.0011888586948578044
0.0015964563543655326
0.0013070078231158426
0.0012987858781275488
0.001541815562947119
0.0016071967936110904
0.001385974909316179
0.0013376791581826417
0.0014433108520466545
0.0012892375718170442
0.0027091454294008916
0.003424608317979515
0.003283929041294307
0.003586492908845587
0.003449895956661706
0.0031165149107020562
0.0030087453615537108
0.0027094149442741826
0.0033428151546298704
0.003484864606585592
0.002151704711386155
0.0023385604349681535
0.0021522247692159413
0.001990513338458536
0.001970850281942916
0.0018461547202439387
0.002145877241464083
0.0025338686409158047
0.002677818241988532
0.002428878129488693
0.003033019081887525
0.0032945001161642853
0.0022568108360334774
0.002945959918524343
0.0025597745019368913
0.003240646918262365
0.0034176341568819967
0.0031898166488204716
0.002817705438165577
0.0030471382623918236
0.0009838852300621647
0.0010472739724115341
0.0007663993233948583
0.0009484849316179898
0.0007755155755395415
0.0009086483590767983
0.0007626973878812933
0.0008680812611277488
0.0008422698292602148
0.0008207602409166852
0.0042584549622384695
0.003861243902519737
0.0040472873434951534
0.003661842935903817
0.003748380497862348
0.003678696193640668
0.003963379049657584
0.003854830589959993
0.004320954662310572
0.003976457317767038
0.0011282362428351766
0.0013358930831287076
0.0013592795266887114
0.0013244700449134507
0.0012477226352192582
0.0014655923594600684
0.0012920181466241746
0.0011594449178919095
0.0009865167855915488
0.0014169343132821692
0.0034633419743232714
0.003449236183959656
0.0037628503221968966
0.00420491109167135
0.0035754778317256064
0.0042310851255819674
0.003799498053968362
0.003451929479748629
0.0035669574096446085
0.003624839044498383
0.0023651830134874814
0.00268734477508938
0.001986187277387559
0.0023385072879993085
0.002005076707363179
0.0020367542430409294
0.0022532792768571092
0.0021494632593807733
0.002285227114883907
0.0020222988609751398
0.0031152345830409716
0.0030438474604178164
0.0031446151255106482
0.003870127600924033
0.0034173303592881974
0.0033698280528116865
0.0035464562938643572
0.0038651987599353198
0.0029591543621236287
0.003455958454144462
0.00201271518963143
0.0021851679195234773
0.0020016207837027754
0.002232664303559542
0.0016299385751941964
0.0021048202499288986
0.0021020697408308878
0.002025950041211951
0.0017798099902774287
0.0014677988427435923
0.0003399190916872131
0.0002888234047590276
0.0003040282942763323
0.00032130018729251245
0.00032409456600497144
0.0003085619805608945
0.0003135856225379877
0.00032904579664346656
0.00031523566428121307
0.0002453457839212862
0.004205597887500267
0.0037928918752519196
0.0033449344642141952
0.003437734458310647
0.003847988668481957
0.0035692847298858317
0.0035388919793214167
0.003496072271906029
0.0036942078354848806
0.0036579595939005833
0.0015345884452224394
0.0016082286939779642
0.001757098220273365
0.0016054477953709593
0.0015659956268720488
0.0017703721921503593
0.0017965501776687975
0.0017745998369253578
0.0016037554659210807
0.0014691299877930759
0.0018343835269198396
0.002083739180610993
0.0018566052692637327
0.002199222432359161
0.002299596332784566
0.0023665165932590503
0.0022685158702910584
0.002374495592030646
0.002335248749060353
0.0019711580948439246
0.0023545553059895704
0.002076176233545096
0.002025562234954514
0.002394627133237287
0.0019291795334352366
0.0021313153777901233
0.002342896149608318
0.0021873998487783076
0.00207565258985836
0.0021543282857971586
0.002581836179380768
0.002634180744157984
0.002944050647573936
0.0024861160323129796
0.0029083430851082554
0.002726039563844697
0.002773644133306735
0.002736831412073717
0.0025813306270679646
0.002781224786122054
0.003347542283123333
0.0035159519627495704
0.0031779416898181506
0.0030073035424119272
0.003701377669642975
0.0032775627883456326
0.0032973104485483776
0.003555506729059097
0.003340210088249473
0.003545037415456167
0.00031185198667402507
0.00029520639922076556
0.000288918662986559
0.00032921372841570836
0.0002905849995935346
0.0002933454854248711
0.000307828171371004
0.00032296892410621893
0.00030678274192376463
0.0002446514919498133
0.002723699508573576
0.0033578558245430947
0.003203160418356116
0.0032106304942642167
0.0031641204186281663
0.0031285214726065242
0.003403698129487617
0.002912747533422011
0.0033150632691732185
0.002929193530616301
0.0016677438446491793
0.0018762232315519866
0.0016852557453153059
0.0016707902560768283
0.0014524210152192236
0.0014506917647357158
0.0016983291311247145
0.0015718138268247157
0.0016373253639130956
0.0016560932405131608
0.0009538700058624699
0.0009952250697300208
0.0009844754317423654
0.0010979973164201389
0.001076595267492774
0.0011109469695986247
0.0011779797630554255
0.0009489539474428224
0.001095529100841564
0.0008546287790812448
0.0010899451384190355
0.0009186500865168363
0.0010693060720872079
0.0010840579375976053
0.000904658379109499
0.0008576407311290523
0.0010489376535880806
0.0011308124098147786
0.0009038334052621328
0.0009406554184339284
0.002936926339072438
0.0031753247372923597
0.003466672420775125
0.0028596366362296298
0.0024211204034440396
0.0024665752720042927
0.0029890136840054387
0.002555303168879827
0.002844210917171468
0.0029634284166924667
0.0024957453494922547
0.0026544540372543135
0.0025044501995606
0.0029954876389029546
0.002677598005796278
0.003119440223970956
0.0029562103472582425
0.002381761061301629
0.0029285476421494136
0.0026999491605212648
0.0017859941929773788
0.0016390118601164274
0.0016479027314078205
0.0016073226555494069
0.0017852208291322378
0.0017655911298582179
0.0013624658497895007
0.0014868567559500612
0.0016794954975081116
0.001524116633725919
0.00151683712841308
0.0011274344830292664
0.0013874469841129622
0.0013695228628729118
0.001252135761969891
0.0010758947936250496
0.0013077224594899518
0.001488813611784184
0.001298319809369594
0.0011269244147024992
0.0012649635655811488
0.0017414846788928035
0.0016531969671084122
0.0015908254212680507
0.001958854605511486
0.0016057088506545988
0.0015114006576118708
0.0017347181593882807
0.001543558870455947
0.001981718704869751
0.003497084408941013
0.003279092801070527
0.004099336374470173
0.00256223195150504
0.0034942541214820415
0.00319805118993828
0.0038287520655558628
0.003028651356582892
0.0032972539619466833
0.0034928410822324418
0.0031187996900327664
0.0026059028618148064
0.002554403081823252
0.0023265734325272317
0.002781443442536859
0.002928660900577541
0.0024282789231884327
0.0024840542262340153
0.002669286754852246
0.0030879360386624
0.0013423524575869442
0.0011695367044627092
0.0012873359563531329
0.001569381990116711
0.0015087312686874119
0.0017514787539601082
0.001294049948857833
0.001574653025763195
0.0012622507658485833
0.0014125726358844835
0.0030062657974491156
0.003825122321869175
0.0033993556911657017
0.003343746309168758
0.003160853684115457
0.003272690933387584
0.003359143854139022
0.003172545586860321
0.0035154064539084763
0.0032110035977534986
9.825333832342996e-05
0.00010967744146647317
9.991020531573422e-05
9.51815058453973e-05
0.00010235496128598459
9.0076340757135e-05
0.00011021174500504739
9.638677296923159e-05
0.00011118822890076627
8.62200743715129e-05
0.000991768257663848
0.0009370571444527427
0.0008154829156433103
0.0008881808903273933
0.0008658301595750001
0.0007829654958699067
0.0008710509959717751
0.0007847292710689972
0.0008876246113716477
0.0008710385354711059
0.0017083599386554077
0.002165072930988119
0.001911781338327109
0.0020139293833102705
0.00220447855640085
0.002257999075912052
0.0021128566090918665
0.0024477720583168266
0.002084563858259808
0.0020282178262197867
0.0014530371236102272
0.001315956657537917
0.0016350190111620096
0.0015167354761749404
0.0014704847272040448
0.001249053222200231
0.0013407731768579482
0.0014212956509132926
0.001183987816556097
0.001306416388940445
0.002921868562279514
0.0030888288101770535
0.003584103925971473
0.0031394469185074504
0.0034549588688921563
0.0028345091241008665
0.003487622968766184
0.0038340977756776023
0.002543229442896538
0.0028483582275695848
0.0022644629208844044
0.002321675077778479
0.0025123388520086223
0.0030826797654404355
0.0026764119430278364
0.002433272169332185
0.0034253865848169565
0.0025769110555594952
0.0024532619032631505
0.0018183731232873823
0.0034303159079848828
0.0040411425415552895
0.0037208552393535326
0.004790373874690734
0.0035800918506497157
0.0035270456951917795
0.004127953377881136
0.003346163441990833
0.003184501549742277
0.0037136261070198733
0.0018443899249221956
0.002151816036656933
0.001915830257358729
0.0023010779822841654
0.0016201701074010748
0.0021536262920290794
0.0022712574898417007
0.0016802054350797341
0.0021398712798948167
0.002247338678388104
0.002720799848689458
0.0021965542538018882
0.0025803457334637485
0.0022102206785434976
0.0022070327835842615
0.0028026195136229733
0.002136975210320225
0.002215188712074565
0.0019238232749320106
0.0024321022257330575
0.003337252514842668
0.0040597300178415435
0.003476967155792588
0.0032448551852958278
0.0035307644404635394
0.003608173443126394
0.0032969188887441445
0.0031164359152359277
0.0033622323102072862
0.003684855884336982
0.001851436029911154
0.001634853444192398
0.001706276377374875
0.0018761820813615068
0.0018339068583722075
0.0016525854350209338
0.0016528760915534315
0.0014064587347753224
0.0013399913215081378
0.001800990021309514
0.002540013049683494
0.003108128340253015
0.002864899271261763
0.00312904688667069
0.0029543047236072766
0.003413868429030625
0.002941660415678981
0.0032771570906422968
0.0030232930988041643
0.003054167257002183
0.0041587356886186155
0.003426599306768213
0.003796819455495102
0.004110807545520596
0.004437501834135027
0.004198382179953964
0.003874961844979379
0.003718108034515727
0.003829759612064807
0.003228387677260758
0.003678480123382223
0.0024956809969199816
0.003044131996041466
0.0035516022035561212
0.0032693909722687395
0.0024869341364639926
0.0034363771305544956
0.0035650745862304896
0.0033710363697080905
0.0032304107553821682
0.000686591093155392
0.0006529592686398927
0.0007118014151013641
0.0008761107768060748
0.0007583254653082791
0.0008116200030211369
0.0007667590646970248
0.0008100504280650331
0.0009274547014355237
0.0007114315134698827
0.001171951661690285
0.0011778207466614766
0.0011761091907683992
0.0013716506747236306
0.0011405467264637883
0.0012872989806374821
0.0012231353262389625
0.0010766514755344873
0.001224041938592788
0.0013531554350586137
0.0029100888055677877
0.003447262784268948
0.003842140184433459
0.0032570505036371607
0.003809754963044994
0.0030284182628372847
0.0037783524958247385
0.004484009066742202
0.004668040993879645
0.00339772193261986
0.003911036263782514
0.003918608757600242
0.0036419718195257644
0.003945586211390986
0.003142520192358145
0.0035671193024121154
0.003349920783875816
0.0035236368878583547
0.003997935746099281
0.0028683393581291927
0.0036141962480705824
0.002702341709427906
0.003430691121142767
0.0041986858341735225
0.003640652660339412
0.003701189560691711
0.003441713444248599
0.0033237065424783383
0.003368765185031435
0.0026135331158800975
0.0009354672297075307
0.0010194298070023951
0.000991012534236161
0.0010328828020302273
0.0009469698278406514
0.0011301897839539196
0.000997653670635984
0.000981515840032091
0.0011171573153168858
0.0010860259041364825
0.0008358819707142126
0.0007151649400448666
0.0008539252505398868
0.0008525886328914364
0.0007500653781722166
0.000873651285153739
0.000767280972537379
0.0008280150653245582
0.0006700151276480407
0.0008563272161465498
0.0010714258423809198
0.000980002949752876
0.0013321686592331246
0.0010234580116853956
0.0011801061944834818
0.001005794865935554
0.0010341475536274978
0.0012708550426108666
0.0011925625431056723
0.001157179655858022
0.0012988316609561024
0.00116561233936876
0.0011502361765733263
0.0012967409567324788
0.0009873165197532624
0.001133004502133807
0.0011758196063303265
0.0011567901726812263
0.0012866394702076526
0.0012640585033691855
0.001639953363869311
0.001403651275700168
0.0013371289325167237
0.0016245486923383758
0.0013895721464980615
0.0015085003216855277
0.0015502931228228792
0.0015469508471958665
0.001602774248401175
0.0015934915753601157
0.0009274635691001603
0.0008262399140041789
0.0007833808355166938
0.000892721088735338
0.0009722658734685347
0.0008426139825033051
0.0009101956075918496
0.0009469262972259547
0.0008052018013756996
0.001009746165544755
0.0005117505988992815
0.0004558324600096607
0.0005003603759967252
0.0006340870835581263
0.0005045182787370291
0.000492403655192529
0.00045123217678024325
0.0006570779979042287
0.0004814717487818347
0.0004698372535555508
0.0020340692706033903
0.0019878041501543054
0.0017127043725468432
0.001818639613846661
0.0019909183503586266
0.002113317719693084
0.0018348278958402679
0.002091821871153514
0.001989860901078394
0.0021746482469443837
0.0017831178082801703
0.00131770623368722
0.0017290623683977268
0.0015913706065341382
0.001769093440375618
0.0017733861991881279
0.0015852117890614579
0.0019309636482778296
0.002112922829308102
0.001623646225577718
0.0037086730685149142
0.003934268082669266
0.003743826183887132
0.0035777843875109882
0.0041000386272273094
0.003848393544038172
0.0036644755754665546
0.003953561492656251
0.0037396369493657763
0.0041831980753887395
0.00048417638333049317
0.000388288518719202
0.0004523089302144912
0.00038962727564615757
0.00037999081271198053
0.000428822324041363
0.000385261943388589
0.00041576116379384297
0.0003882228684900934
0.0003754745393277704
0.003161913658185888
0.0029010450949033314
0.0032759889468530986
0.003742299596671015
0.004079245050396322
0.003474223009293553
0.0036266111911098546
0.003727601946669027
0.0031803649769613844
0.003091080396132107
0.0017443107659376096
0.0018785144387508128
0.0010055970398355593
0.0015662933856089233
0.0014324228812053203
0.001723678448894907
0.0016204569512283976
0.0016324076907457035
0.0016493524526610365
0.001719160478445155
8.937059090981224e-05
0.0001002449768285318
0.00010169946249238638
9.994778519037323e-05
9.584031378173877e-05
9.682920077447664e-05
0.00010265086001548812
8.732431307171911e-05
9.887921455072124e-05
0.00010302141336013318
0.0004000867119477722
0.00039073794195500667
0.000350071358885912
0.0003576106493741465
0.000354870237035382
0.0004901227921867784
0.0003849347260473185
0.00035485390708100213
0.00040432315171798626
0.0004094766661584268
0.0019616248008155787
0.0024655475197181424
0.001996309029770169
0.001967942702659479
0.002448506740674976
0.0019404870432694005
0.002394896702783635
0.002122536033865632
0.0023176433063262104
0.0025514903187833374
0.003512354327105549
0.0032011853766767007
0.0032311116305132814
0.0030260010546294715
0.00336764500427573
0.0029987782106627283
0.0032247373808161816
0.003231733320568833
0.002566150131146986
0.0032155077730021816
0.0013474062268230447
0.001779825273418938
0.001679773986552612
0.0016082152949295043
0.0014521835046654823
0.0019155918379080376
0.0020338274355334923
0.001643326307745076
0.0015011577263742307
0.0015388459126212469
0.0003134830665670205
0.0003098797391351642
0.0002925089769999127
0.00028291046629103274
0.00030201930225792447
0.00033956946583130394
0.00028117008801628666
0.0003165849706888746
0.00026081809284963196
0.00027871143734268226
0.0036568419623467826
0.003651538811852505
0.0036767879233549033
0.003149881911961229
0.0040966587983789805
0.0039061001004446552
0.0029823585115805887
0.0038613672791421114
0.0037208975822123095
0.0033358496354158724
0.0013530651724184219
0.0013558677879028879
0.00128429491264359
0.0014472153233995708
0.0015249683862269818
0.0015325616681607552
0.0015437416636843418
0.0014033727884879138
0.0014465757100131048
0.001696985833327552
0.0028447578007752138
0.0030450741891766015
0.0032652899339058144
0.0037709105527156165
0.0031190494918230654
0.003314075028007609
0.003190487737434223
0.003986663488909267
0.003429977977276915
0.0027122497119423596
0.00047720141056158436
0.0005879787263359238
0.00045313411943654757
0.0005252164095885496
0.0005172267121556452
0.0006098389459307788
0.00044104858045335014
0.00048745924210738555
0.0005699167145662942
0.0005037264895961401
0.0008856129485132293
0.0008848000905816816
0.0007621358896995665
0.0007037015941378525
0.0008247976563747414
0.0008361870957937353
0.0007888553581530058
0.00075974941127939
0.0006575951147945764
0.0007257364362389502
0.0030330249843233737
0.003002278816985901
0.0032125641182061777
0.00283700555620134
0.0031180748206256215
0.0027017687374860664
0.0029537401951754564
0.002573633704662381
0.003326349850588081
0.0027442775963593454
0.0007808482022876915
0.0006922926438663658
0.0007275963591297476
0.0006630665374188202
0.0007583736398674747
0.0007516879280333248
0.0006590361477212658
0.0006725921750448087
0.0006622933463749422
0.0006828371423456474
0.0016002088768133213
0.0012815859203178773
0.001464065575016917
0.001439917303058984
0.0014367383591278203
0.0015225978704673587
0.0015828569182759834
0.0016156299884536411
0.0016293348773763687
0.0014840494929627215
0.0033293152920497392
0.004122081161484093
0.003522140254246697
0.0036262185019538744
0.0036638344710382327
0.004580047080543883
0.0033838243643905114
0.004501515835256904
0.004139304538322338
0.0038498439629995078
0.0016485728503662488
0.0020581972873045667
0.0017374335330678679
0.001736305375765427
0.0016183698387425205
0.001755503974229018
0.0016953739971068403
0.0017632314735429651
0.0016629183157616742
0.001789023331334948
0.002451175393414827
0.0029064703707772873
0.002497573315644333
0.0026921187250784693
0.002608768167048243
0.0027573749488251985
0.002542753614667321
0.0023259590805452934
0.002807118134702232
0.002253098754081301
0.0022184219802228473
0.002406520930771134
0.002185027008933439
0.002716731856322962
0.0024895798062028983
0.0022106317823147575
0.00234884008687714
0.0026127234781591073
0.002250377806183111
0.0023091241029960094
0.0001153692612718722
0.00011930813829971446
9.850834342762977e-05
0.00012112239973010622
8.939340050068614e-05
0.00010124183095624529
0.00010664883356977246
0.00011473551708811246
9.823792147303794e-05
0.0001022754131725663
0.0006639249595617483
0.000672052332818165
0.0007321812626625582
0.0005422872522007119
0.0006862309734277691
0.0007574753161655534
0.0007536013415668946
0.0007709665768841265
0.0006365421681327927
0.0007977739246403381
0.002685250008154913
0.002816970381340644
0.0021619966400795447
0.002015771018054631
0.002519021233852677
0.0019728094574588046
0.002815858529624006
0.0020352035895849383
0.0023210042362567305
0.002187658837041503
0.0003997816305329903
0.000375359460864834
0.00039632932692422506
0.0004366795998638898
0.00037810747864020666
0.0004209168912142366
0.00039220958835345935
0.0004235482601953083
0.00042304572500055085
0.0003814264397602008
0.00020779092346734067
0.0001767528481676658
0.00018826187321947484
0.00023492154962136044
0.00022406767482074276
0.00023752701009904643
0.00021916780957883847
0.00015885990242131765
0.00019928164749295475
0.00020384033540590411
0.0036478466600577213
0.003899669866557275
0.003720891626700944
0.0032376873700891992
0.003489208688392843
0.003015507380651503
0.003168865605425391
0.0031738178683664705
0.0033583338618457777
0.002918247666100928
0.0039051545815078324
0.004293840058018105
0.0038962135599648565
0.0032281626137602693
0.004862738163453983
0.004027634952690045
0.003482380878504762
0.0035181816772484227
0.004697141226973634
0.004259509290868955
0.002288699854473414
0.0024294981579865015
0.0024652903432497856
0.0028526362538978467
0.002558573158894217
0.0024162601578293784
0.002449264019403542
0.002659877519244665
0.0027678745738011386
0.0023577238893779384
0.0011423574152548137
0.001547150086976535
0.0012571706890111235
0.0015622220536490455
0.0013040918040710917
0.0012561382248288439
0.0015435992469788158
0.001097831213480845
0.0014038340092021348
0.001376440014592089
0.0027783379679113184
0.002500061454450939
0.0023418542840936757
0.0020333521086554735
0.0025377431261135934
0.0021889768691082372
0.002825711422971385
0.002525113407449182
0.002592474721171727
0.0025908374146374484
0.0016065401112581468
0.001514185067539665
0.0017975813012954035
0.0016221570240585105
0.001978131672186777
0.0019027660157370269
0.0015823577953209252
0.0019078727495488608
0.0017011329713448819
0.001766308521451767
0.002565347337945408
0.0022763193852888674
0.0017885383190718587
0.0020474241259795063
0.002039715344354472
0.00198995771894337
0.0016534263307451298
0.0021030849691671336
0.002070933407664657
0.001820824909343111
0.003277479152080908
0.002717859560359454
0.003896960452649598
0.004546831254576988
0.004074264521480415
0.0038253895490649855
0.0034903497018414563
0.0034483411664835368
0.0040010731230868705
0.0037160281491374937
0.00028954053185249675
0.00029703501347492725
0.000272204894394622
0.0003252300240778077
0.00034310276996870394
0.000323332884014221
0.0002969547227143461
0.00036545500765197654
0.00030202095503585434
0.000237610018660052
0.0028887455692841574
0.0027452465576502895
0.002991148954666051
0.002440985525805165
0.0025621560113447362
0.003010525261857895
0.0027748155050306474
0.0028938867062042605
0.002951531884228577
0.0028468568800330434
0.00023921382340725742
0.00021803893515072234
0.0002061703356663554
0.0001578426184305955
0.0001811955419092489
0.0001982235815039221
0.00019525218142408166
0.0001943615606420473
0.00019618981097478018
0.00018958133780959906
0.0017948530845637888
0.0016026474582848168
0.0018136519490718893
0.0016414766550962234
0.001775386165995831
0.0018267188040613938
0.0018014179600627394
0.0016167561076494792
0.0020059131176228184
0.0017926369785562595
0.00023322113930422143
0.00016979744049373878
0.00016891060406819906
0.0001974046476269509
0.00023840525645626935
0.00019228685505720514
0.0001837937893644785
0.00020435654572424617
0.0002479819627086734
0.00021036051778613603
0.003265743887931928
0.0036807416655613955
0.0033087970457026674
0.003634130101139779
0.004083445188505426
0.003037116002143568
0.003641217530665426
0.0032925308233591618
0.004064808711167991
0.0030124337503831325
0.0013121256401856817
0.0015414745336572973
0.001655080373017961
0.001431167510555428
0.0015768203151058475
0.0014423436811553815
0.0016795132652533962
0.0013866556010080269
0.0015373859813153572
0.0015218969241788316
0.0011108584383577903
0.001147175020464446
0.0010928120008329844
0.0007428898782114667
0.0010010196815061466
0.0009368336173207845
0.0011815690078406465
0.0011571645462019149
0.0009486840482636365
0.0013061511832875663
0.00040901039252394994
0.00041177350042613124
0.00035831591450904553
0.0003903843219931423
0.0003781336412113416
0.00037366191725165566
0.00039298033182060194
0.0003508285648792782
0.0003524226066008394
0.00041317210212198075
0.0033040285983891595
0.0032481306033056347
0.0034657353431748294
0.003390205528060441
0.004048096062900707
0.004070752632330523
0.0037265232522124057
0.003932017874809748
0.0034853689529064096
0.003609759259009877
0.001012717176563081
0.0012083413124971685
0.0011558767969066395
0.0013922620642890945
0.0012862985865561137
0.0013239674507458416
0.0011232310503925642
0.0010552896187427281
0.001175426750755506
0.0012594474240870534
0.0019322908952147332
0.002040992654761903
0.0019210582903669575
0.0016031865925604282
0.0014878472539390168
0.0019582175837809662
0.0019091602204774829
0.001964446137829678
0.0017927174078142748
0.0020542641170780604
0.0006894200804141589
0.0007601242528605259
0.0008487507607896835
0.00083901122450196
0.0007805267025385689
0.0008799702333473305
0.0007992913102481137
0.0006693854702792271
0.000794948329411014
0.0007321070954486261
0.0031494780125258066
0.0029394284609539504
0.0032145839724598124
0.003505512273056582
0.003567326937520326
0.0036787211273193745
0.003085708913763076
0.003606036730529452
0.0037652278371181538
0.0026155497056773013
0.0010981377704698688
0.0009586648866308044
0.0009196023714241972
0.0010466343931318396
0.0009261039538560546
0.0009220493828991706
0.0012132190779686853
0.0008006922273978982
0.0008998527738309986
0.001030510924704492
0.003013885655485692
0.004064877284267368
0.003558814148005578
0.003529944344632129
0.0038405065212814625
0.003846374156416283
0.0034791062229448085
0.004076548950972747
0.004124195202085791
0.0032950578447048036
0.0036222616197991125
0.003083922778107734
0.0037145537871905382
0.0036524108744825216
0.003537315871254242
0.002931770882470357
0.0028577837428705143
0.003276079877885865
0.003607580561696092
0.002897153723994392
0.0004042492922098166
0.0004099589700097062
0.0003887902309735696
0.00044267844287904876
0.0004035299663156132
0.00037867774044908557
0.0003567178886509174
0.00039431236581961333
0.000438874524780299
0.0003864470790659631
0.0008223514546970762
0.0009594581199221636
0.0009661478246641959
0.0008887236858389273
0.0009768730228325727
0.0008621539251120889
0.0007382929630169531
0.0008283036969227334
0.0010191677918608129
0.0009508629101911015
0.0015284201408641228
0.0014919231750633415
0.0014225478582519059
0.0017932910628307526
0.0014739485389824367
0.0017049848806451628
0.0016435531203136053
0.001380207201735875
0.0015236910777430626
0.0012925152432363063
0.0035086062068544494
0.0033396346555883195
0.0033804666776828525
0.004327862200267462
0.003464744051709633
0.0031173582894079284
0.0032750105067498782
0.0034794400765422455
0.003047078756293384
0.0031025992916119743
0.0014322120397327698
0.0013948631886089478
0.0014313661601704321
0.001940780237332994
0.001426537276775497
0.0018272912549508085
0.0018920727490521051
0.0017407331972367163
0.0016765498339424562
0.0016720933449230234
0.0018285404782003875
0.0016849372571577817
0.0012638659996835502
0.001671025844867456
0.0017030875508931064
0.0014749439627665057
0.001731195583077845
0.001744015599104561
0.0012869112722780273
0.0017728733990416677
0.0008595836496695686
0.0008040644858875064
0.0007837587526952014
0.000727057314539642
0.0007077079358032768
0.0007941766697772671
0.0007215886838379953
0.0008113042710082557
0.0007120625957476055
0.0009273270087732204
0.003645461968626207
0.003985447055986506
0.0033919770513012844
0.00323177660928501
0.003878982253496301
0.0034214598859514584
0.0036898458960994557
0.003356365624595662
0.003842193302662929
0.0037331661630867654
0.000326560887865438
0.00027877760476225516
0.00026291152734621997
0.0003012715876463198
0.000317818102313861
0.0002913496292749495
0.00034030615344148865
0.0003247888356508534
0.00029139213675983335
0.0002603409876295674
0.0012466511616923738
0.0013209324411834116
0.001282503475046594
0.0013293416951306548
0.0014554458628757848
0.0012768264573824344
0.0012575930225959188
0.0015368767864006841
0.0013294989085584305
0.0015325001939203735
0.0019495170714184389
0.0019258662676988442
0.001636163987750988
0.0017691453673227713
0.001542664484486645
0.0016152632986522586
0.0014766108042998374
0.0015037354768874735
0.0017063009036351695
0.001836156820594276
9.699756403858211e-05
0.00011149437453817265
0.00010018618136308477
0.00010654462683393627
9.836365077031866e-05
9.9114743383446e-05
0.00011176380879864235
8.767169322690426e-05
9.656875812663978e-05
0.00010060115775323153
0.0006462663598279211
0.0007442367358018596
0.0006582991095826617
0.0008609332217369455
0.0008302285199030925
0.0007871455780003332
0.0008869471380314175
0.0007357415907034595
0.0007886682252812901
0.0007602164375842341
0.0023952346805704476
0.002276676676915893
0.002295645381802341
0.0021205218701066775
0.0022377270021642394
0.0026405025905768837
0.0025650624696954365
0.002190899935119511
0.002259789695861891
0.0019810247111677064
0.0037923269735053357
0.0038604634455194744
0.004325434309961776
0.00430861589407441
0.0037007496088825834
0.0030745065876856027
0.003715692242098392
0.003989879441676451
0.004351091882611492
0.0038565044275142095
0.0017943335082276422
0.0019788166544255185
0.002069158038239153
0.0018786511679904944
0.0018532476963437868
0.001744140723795499
0.0017073565918225785
0.001843360230181205
0.0016843488222186126
0.0018032759010872135
0.003646324393554166
0.0035678102901618375
0.0031349813494372988
0.003167699428638205
0.0029060501331045602
0.002679154008097854
0.0036676235296156075
0.0035111621486588794
0.0032898426173765642
0.0034525301460627544
0.0033993357914128934
0.002366473284592771
0.003651930416169894
0.0032154453295649018
0.004291899043594469
0.003267821820034961
0.0037765083654069083
0.00363980190476441
0.004383118334194831
0.0037092792506435417
0.0027177230976277527
0.002758288258772268
0.0031898791111762107
0.0032456493258675102
0.0036763525205951992
0.0035035614374744973
0.0029378428820655152
0.002445519602348953
0.002908171532572756
0.003252465448933288
0.0021514761446418656
0.0025047836420894636
0.0022848496738253348
0.002042814047982821
0.0021109573515998726
0.0020968875711381138
0.002250059487469759
0.002312975123773314
0.002228994427585729
0.0027988506425057156
0.0004658899358721973
0.0004060346335528961
0.0004222346046902004
0.00037760877811171274
0.00039672894047050394
0.0004212947982605087
0.000477484029967144
0.00044834304532928023
0.00042087735225263803
0.0003609213211762979
0.0040460415202794526
0.0039872300167088665
0.00436627793484681
0.00410305176622351
0.004286332638352233
0.003757955661961015
0.003796789222372724
0.0037700314575680317
0.0038901300173612642
0.0038253094597004694
0.0004677451705065695
0.00041859630902854237
0.0005005533999150546
0.0005421382724594397
0.000476932763119707
0.0005173181114749004
0.0004687345112923457
0.0004026487360739184
0.0004334502511019948
0.0005534782600779383
0.0020043559433305497
0.0022513973986709917
0.0022117291755071743
0.0023232157777616134
0.0020939679901857927
0.0021210375523699854
0.0019718215234342585
0.0021844710369913283
0.002286343458211268
0.0021431722070228984
0.0029269779521164316
0.0027948193269196012
0.003210721359170424
0.0035897997250957416
0.0036573210399812365
0.004208520512675134
0.00421680691658233
0.003860442945460038
0.0036809727734483408
0.0039224815285108195
0.0016075658101849162
0.0018721048388371394
0.001962254857982213
0.0022123057207840777
0.0021742975528068827
0.0015978773823674918
0.001796785792577835
0.001913183006033936
0.0018157495203007306
0.0017768537404746238
0.002824725768718331
0.0024084809538056527
0.0021927569413727034
0.0027949462969099263
0.0033820987158997306
0.0028911049168666167
0.002288204629995922
0.0026376965291979343
0.002555537688465826
0.0037422065252118806
0.0038123057725184028
0.0033994560827730596
0.0033059191898628056
0.0035289670802296177
0.0032590075214921676
0.0033323265584304235
0.0031737961247681945
0.0034384690176770694
0.0032249668816085224
0.002570071250631636
0.0013269571863335162
0.0014455342106665403
0.0010769347247136715
0.0012735490405828328
0.0011755135876803915
0.0011401296728656824
0.001675598931869706
0.0011937160974340789
0.001457765385534666
0.001113889182161824
0.001987495397225233
0.0019367675419279344
0.001626535386710356
0.0016135421168667547
0.0020038073711296607
0.0021063432093845823
0.0021603272495641242
0.0019454017150512552
0.002079537643842362
0.002319727476391733
0.0031910164559330306
0.0034984751022116246
0.0031467811494799683
0.0033156752227110325
0.0032784144003395765
0.0031572691052640786
0.003461899065817467
0.0033320682746611372
0.003133775388726453
0.0033868903727786092
0.00378444046335307
0.003959386161096904
0.004168701232166134
0.004643512459085945
0.004089832542893007
0.0033184883420915162
0.00441013939911908
0.004040562257059282
0.003434665800533827
0.004039065634180026
0.0014729582201265894
0.0015826746404872872
0.001615355028046185
0.0013935515504751906
0.001599160716940042
0.0015982438129137685
0.0014691343206476447
0.0015878733996865148
0.0014601767896673847
0.0014318528002474308
0.00020089770889637933
0.0002024671248907113
0.00017300388262686458
0.00021118326896699864
0.00016968627818780594
0.00018808537868231052
0.00021171727872965578
0.0002412201733489021
0.0001717569521530525
0.0001847594952166911
0.0007128555030877591
0.0006949489185920582
0.0009355703979008297
0.0008964785465739377
0.0009115814893992681
0.0008706675105282953
0.0007078533491960881
0.0008814994332937792
0.0007401140602561572
0.0008441175132866339
0.0019598107664657626
0.002330772417841229
0.0025079715238325462
0.0021083644243276127
0.0020758003304978713
0.0020732568630417564
0.0019461141795961991
0.002413222041142834
0.00258366125822362
0.0021433682094151754
0.0006084856868856698
0.0006741953341041388
0.000648540272655036
0.0006439506141152648
0.0005931811747713765
0.0006274181560094791
0.0006711919112112878
0.0006719037520701122
0.0006379090337454974
0.0006435916728934093
0.003390747898992138
0.003461515184825695
0.0028588336406533887
0.00275216878120061
0.0032865732300156624
0.003251847385752017
0.0036427924652636906
0.0037143848866802312
0.004106019322504882
0.003893350689475504
0.002228484289551199
0.0022156015695171693
0.002073378643424111
0.0023824250241641625
0.0019671924468543747
0.0022379491565903964
0.0024479676685187106
0.002072481217789286
0.0019476200866975109
0.0021994989398902475
0.0026370257803177742
0.003264541192201074
0.0027781970485530726
0.0022266449520287387
0.0026343367403924107
0.002977802804793019
0.0026259623141293726
0.0025222020621366416
0.002706071347379077
0.002413043392993539
0.0006878759559342056
0.0007900308632703603
0.0008044549225707162
0.0007079324284614082
0.0009174412281273667
0.0006768001951917853
0.0008610380342017446
0.0008357863018987508
0.0006870540424498792
0.000837003767236599
0.0005032421865750093
0.0004470580635694334
0.0005171398149918288
0.0005099324405995097
0.0004971242787810885
0.0004620496719152594
0.0004962767330803795
0.0005505373205102507
0.000524830345587564
0.0004865378075821686
0.0008023653764248897
0.0006867367795293506
0.0008630122592121294
0.0007192402555006365
0.0009987884206748355
0.0006729235041459773
0.000714831944372023
0.0007844043333901794
0.0008657909648842982
0.0007819397092262099
0.003064963123748525
0.0028824878229136634
0.003129335253242694
0.003271111942602295
0.002662656517295431
0.002459577871300655
0.003347326717502632
0.0032241958432467897
0.002977789488098346
0.003505081055830604
0.0032796780933478896
0.003739248708823129
0.004653528119504958
0.004626435337819909
0.004286809020202998
0.0034614655064449285
0.0037713941792271565
0.0034395033116287476
0.003895578721883632
0.003736738238652457
0.0012431011301704913
0.0014334748098379893
0.0011992928284448368
0.0011611951358914579
0.0011036521023878375
0.0012446219800168593
0.0010950315879452658
0.0012514453223590892
0.0011830936918948798
0.001275023434605185
0.0002829394544808773
0.0002746148596954751
0.0003617261452716269
0.0003005021410638192
0.0002859761326370003
0.0002890038479419504
0.0002823619226109086
0.00033822668852345685
0.00035627871973328937
0.00023521441460043572
0.002176166298048478
0.0029147848045585536
0.0020760288803606227
0.0023026549622454408
0.0024486205420174902
0.0027653042778153472
0.002567005054568577
0.0024981307973270432
0.0031362536036179905
0.0031704504081418792
0.0017580500216410535
0.0018816277289239634
0.001754535278796201
0.001905683618193877
0.001708160749376017
0.001734749955736685
0.0015662168062542136
0.0014634691594779521
0.002065940405832293
0.0017912196327811096
0.0006031366394015676
0.0006578242444939231
0.0006564040951059593
0.0005523678686511129
0.0005225385026918297
0.0005424705937045
0.0005589911681312445
0.0006079769353911001
0.0006274330416843098
0.0006318503714682132
0.003713488796134653
0.0037894633482804833
0.003699785814221014
0.00336611035129005
0.0038140318557798435
0.003623953197609009
0.0033691091311878222
0.0032448889882678873
0.004233037258733342
0.0034340295167836245
0.0037989721627670566
0.003964650963086794
0.0033224644044425196
0.003595441646296896
0.0033296030517542463
0.0030159554922634634
0.004458093693292255
0.003872956483970324
0.003355981472887669
0.003399246734408885
0.0015086634485144477
0.0014830864885124772
0.0016401383572497302
0.0019013665802542748
0.0018678395174496908
0.0016434006508512398
0.001722494000532809
0.0018815714943371232
0.001961382410014092
0.0017002637699636153
0.00091850561478827
0.0006616990263600513
0.000726898978885916
0.0007872444797050209
0.0007566048205459727
0.000694284769897534
0.0008387247727075686
0.0008683141768295033
0.0009709493892625849
0.0008451871815400206
0.0014612857905851118
0.0015084893239739737
0.0016857522631142587
0.001791557141177308
0.0016100216682724013
0.0013956934711766968
0.001789320280302807
0.001659061201569087
0.0014248310250827862
0.0015409142883010033
0.0026590047050665732
0.0027472218439395955
0.0027927162556217345
0.002520699843236271
0.0023917691961561644
0.002268486665838956
0.0025420818467067285
0.0021437367204943754
0.002540524130064305
0.0024878001444287694
0.0007730821030925877
0.00064377792058565
0.000833973776719937
0.0008559594297680918
0.0008367356773684525
0.0008070330695088475
0.0007075202549348352
0.0008444943649238403
0.0007462751249326174
0.0007693672218241711
0.0032216422394609656
0.0037277193266396624
0.003774011663469334
0.0037435392050281886
0.0036929481000842605
0.004568910254546938
0.002943948952059706
0.00454783404018938
0.0037817475757104635
0.0035026452951200625
0.0027303836313064063
0.00244285818613861
0.0031362516388014953
0.0028407332569218356
0.0027153305130997864
0.003366669428913791
0.0028152630689999665
0.002979196583447921
0.002813896760191834
0.0024318378460646372
0.0012702442212124074
0.0011320201702854013
0.00108798053068861
0.0011310773982545384
0.0012114131867345464
0.001277739990265717
0.0012970725894106486
0.0010899048626214914
0.0011116430465569107
0.0011578620266184077
0.0002084613354369974
0.0001980772667151237
0.00020253114106208263
0.0002044692794602667
0.00020925178159039083
0.00017102460655322104
0.0002090109408866812
0.0002047347923785155
0.00020967890918384478
0.0001980013364553821
0.0036059348498100425
0.003654606321275563
0.004380559232333533
0.0034568744177551993
0.003872799260528657
0.0042208644844266155
0.004149841335249418
0.0038194617540891376
0.003183349341524993
0.003500878932658427
0.003941921825490773
0.0037064707608461048
0.0043220638662854124
0.0041496103632556545
0.0039966333091717085
0.0034256102444517635
0.004038542269379924
0.003584611613182392
0.0034975894233776343
0.003512056789479819
0.001386636782350487
0.0011741629351402242
0.0013431920699945822
0.0012414293609497376
0.0012845339944083207
0.0012350530298124906
0.0011169279938993766
0.0014886695188333124
0.0012254609298929305
0.0013823495110909083
0.0028616032535965985
0.0025582950679219297
0.002801383435587287
0.0021415197166916337
0.0022288973662390977
0.0027127866629135995
0.002139562511395957
0.002503137725682891
0.0023124026219074833
0.002722700901587378
0.0028474106130163394
0.002798380029840469
0.0029903977377831923
0.0031751988404967782
0.0029829149418608395
0.0030293704795146476
0.0027260421574409554
0.0028596714933761995
0.003328989561816364
0.0031951821847966875
0.002985254388923489
0.0026565827405678416
0.0025716311539729455
0.0022589890166350057
0.0023301516984859656
0.002445251429210942
0.002636353439966051
0.0024425764925920033
0.0023378722790030407
0.0025106567006084866
0.0015996923925917599
0.0018631545806532031
0.0015296146311447223
0.001698859304061723
0.0016820815856947264
0.0016188929699957626
0.0019370522337037155
0.0016421918592558786
0.0014313953196896717
0.0017921236546832614
0.0024222351593527116
0.002275339022889204
0.0024278457939273957
0.002462487060498602
0.0024516703921846077
0.002440833694013032
0.0024907517852432184
0.002146405317003789
0.002211362125754722
0.0027844221482567965
0.002392635663654152
0.002457257074557462
0.003045221849459324
0.0032003045757891396
0.0022512413453297142
0.0027740803590647436
0.00220654870975475
0.002654429564399759
0.0028195170278142298
0.002206762535791576
0.002969552556333863
0.002058098327520159
0.002617234785900929
0.00258018765574203
0.0024865235711553396
0.0023236982740694988
0.0025861620685856
0.0025979510333015137
0.0022509442566870487
0.002545572932450648
0.002681290106836957
0.0025913926835807156
0.002771543453213494
0.0024564775437306372
0.0025108821783759085
0.0023278426462765116
0.0023481028149966885
0.002665642991694919
0.002585175778094304
0.002402940195345714
0.0031025640697111933
0.0019717699531150734
0.0030260972887153703
0.0026589408354573824
0.0024523361069353454
0.002456892187564923
0.002765012585670203
0.002464543420299778
0.002333245860493035
0.00231025157016751
0.0007138801693119231
0.0008257950853230839
0.000702540272036563
0.0007139925783402018
0.0007169756971249743
0.0007222348534347839
0.0007415689920521758
0.0007496086347807574
0.0007401366333201766
0.0007271007806983565
0.002451372372911443
0.002085963387788523
0.0022052412316565955
0.0021491325258304883
0.0021977011444194302
0.001996798893718637
0.0020254642502301585
0.0022718601028563286
0.0019326135810171492
0.0019945297858215763
0.002788896933501996
0.002992390340240518
0.003204143587872141
0.0032221819274896586
0.0025959214996916927
0.0027869895040224975
0.00334339729097932
0.003402295837569204
0.0040316040156194955
0.0027767526713603557
0.0021290151995418324
0.002024664301086803
0.0020591151332669433
0.001765049316505726
0.002051191764732491
0.0018541411242299502
0.002328071798182412
0.0019801337112899838
0.0022653155475727783
0.0018868234894617601
0.0026672066145470587
0.003229485619868156
0.002831255523459672
0.003239970523228088
0.003254899867872598
0.003283684758599695
0.003268835862907183
0.0035439741885172405
0.003666481525775603
0.003748317371135407
0.002704324296764752
0.0031121661686491072
0.003154123538177875
0.003028327266938195
0.002727114073831825
0.0031761872076315452
0.0033125337337226554
0.0027960644410332603
0.002666132378352076
0.002927091547575519
0.0008803520953500489
0.0009776347927252346
0.0008464284098813347
0.0008561400283155948
0.0008342882534644295
0.0009097224703235845
0.0009009431781583147
0.0007330503911252442
0.0008907449993416886
0.0007583559615904245
0.0006748145957196255
0.0009123750830255327
0.0008945695478378107
0.0008765214794615298
0.0008195819941918319
0.001048839806957455
0.0009447960924707871
0.0007307833259721029
0.0009372241853431952
0.0008186761164474915
0.00027311668617553393
0.00029951831067364716
0.0003188483319903854
0.0003517577430486523
0.0003129356096862959
0.00033021989330204164
0.00024486282580248264
0.00021738249971864565
0.0003198927078318955
0.0003377435659864277
0.0019028314359612855
0.0017238569648347524
0.0019391096260921396
0.0023555270878828256
0.0018414284047425424
0.0021836235085051833
0.0026712425859266404
0.0019208696548553797
0.0020255102028695535
0.0022923290358896563
0.002301546448926508
0.0019188986665892632
0.0021566179765868747
0.0019510703284776056
0.001645675191665032
0.0019922695000459795
0.0020782381960750855
0.0020812631781487413
0.0023293503666677543
0.0027319337628938746
0.0009251387464005819
0.0010166812972318624
0.0008370894923125868
0.0010477692474041044
0.0009885518354011721
0.0009612199760394443
0.0010315894258409056
0.0009744889257246766
0.001078614043375609
0.001026056704411934
0.003853319549135517
0.0038065560476235835
0.0036634022781615186
0.003061808986970862
0.0037499739532053213
0.0036192824921014964
0.0027703256986235745
0.0036071850773892952
0.003457413161178528
0.003138894910863796
0.002180089923697308
0.0020451503607484926
0.0020055443036870397
0.0021782581536341906
0.0019220118334646416
0.0022055720184164912
0.0022650599412778116
0.0019090570318413516
0.002413998146557721
0.002224658656445754
0.0017331351582433373
0.002081608684252224
0.0015891506649254787
0.0018505437439747178
0.0015198330032195522
0.0020208664239626606
0.0017724522280090963
0.00150504789576815
0.0018790577248294711
0.001964140786691405
0.0009897127005806222
0.000915886217030346
0.0008306968133775383
0.0008822996168154713
0.0008251134301339478
0.0007959881433185791
0.001067273016232841
0.0009033009864866066
0.0008058663227971755
0.0008599892108941342
0.001542934508292947
0.0018979831298871351
0.0013014034882443146
0.0017562497606522145
0.001812312279097185
0.0016386212500948912
0.0019465770891950208
0.001768114879849332
0.0015283416200560145
0.001681340322622235
0.000741069424029517
0.0008261770380230191
0.0006635616344185522
0.0008842792021569733
0.0007181563764994763
0.0008322031307609318
0.0007808575264077554
0.0006429936166710308
0.0008048981221542387
0.0007744781732526487
0.0024735748021287095
0.0026082874323370728
0.002659700011112825
0.0026044810201902445
0.0028247231821289416
0.002483439798214267
0.002689846204618807
0.002403585047476381
0.002481555046229635
0.0021322913012238563
0.00019275422018218217
0.0002023785426559676
0.00021172342773239332
0.00017697693571045407
0.00019537667150862475
0.00021043586753878075
0.00022461820325907873
0.00020768458975632152
0.00013861782060172508
0.00020645818362848584
0.003631286376146637
0.0032053759164336216
0.0037203219414802657
0.003366053251683339
0.0031161983219969115
0.0030466018395241745
0.0036118174498723345
0.003509913335966207
0.003984743559647208
0.003139858592466621
0.0024149638245911137
0.0030235868949745645
0.0026890459250815996
0.003167157250160392
0.002710989317203924
0.0025058926580223875
0.003032748564336375
0.0028133550179131697
0.0023753684034526113
0.002635861493766051
0.0020076888083184075
0.001625637255619497
0.0016520074395736906
0.0019345585976667619
0.0014406023010036947
0.0018228705536283525
0.0015790771544255367
0.0018882627858668088
0.001748131030444129
0.001762106229505254
0.0009565415715780989
0.0009408328748320376
0.0011062195029893044
0.0009878928484133177
0.0010246674967216882
0.0009178088716568106
0.0008836167513788004
0.0011491864970117982
0.001009418142123564
0.0010365173006322205
0.0013415015555338864
0.0016108967069763047
0.001501318463222964
0.0018174207339925015
0.001654577425591411
0.001807978647298919
0.0016287782006620965
0.0017911896033261615
0.001478457677415749
0.001628401379210255
0.0009671625910542405
0.0008923546270978624
0.0010602190411606888
0.0009168576662352796
0.0011711961146729632
0.0009750233754842907
0.0008838268575536595
0.0009284872163882877
0.0009171685702048589
0.001163656887501047
0.0009511829180153276
0.0011315836041460347
0.0011413850544813807
0.001130197672891403
0.0010749577440246196
0.0013991977631198868
0.0010510659190879784
0.0012030516594151452
0.0011466624482806076
0.0011035615156946355
0.0013562437241899886
0.001433768072787762
0.001463150792328305
0.0013862005316840828
0.0012678155565975272
0.0013086926009047188
0.0014428726655117492
0.0013164473843532128
0.0014563714266729961
0.0010920337608258817
0.0021397991242496825
0.0025064464300983444
0.002541119887268885
0.0023442515688615086
0.002416685964167981
0.0023852352515744304
0.0023182278382752382
0.002639092383522848
0.002621897437359891
0.0022863159231182066
0.003907738152750202
0.004031654517246535
0.004074816311957714
0.004081430552819975
0.0035569495907487566
0.0038855329044277078
0.003830840963560891
0.003044327011090789
0.003364628931026312
0.003843333961378199
0.003018542173175794
0.0032913590579457266
0.0021891877154419674
0.0034977160944817155
0.0033693127828905403
0.003157712078999624
0.002949038315670102
0.002820678424455225
0.0026087521119267758
0.003576763239276758
0.0003955943037942471
0.000361795450669019
0.00044701814964531863
0.00043379430481990493
0.00038773519715725515
0.00043879006474497885
0.0003924706913610743
0.0004209899496165437
0.00042024330458218293
0.0004313413191974031
0.0011172597415074707
0.0012069680043034583
0.0013314881070648407
0.0010134956919373094
0.001052388138213509
0.0012096661338086665
0.0011183650563710789
0.0009746846956175327
0.001082588669930649
0.0012073341124392355
0.00017773102834449538
0.00020310302607201764
0.00022112465566325804
0.00023172609586826254
0.00015768186556765483
0.0001860599083541583
0.0002118458417191944
0.00023735178084502943
0.0001772291830184192
0.00017535356165953952
0.001314728779019631
0.0016157401113286271
0.0018862174384946368
0.0014228995594666983
0.0013220968728511627
0.0013504185730438207
0.0015761793274838695
0.0013675161526049708
0.0015667756771712035
0.0014730175754146064
0.0015516759707838877
0.0015357871780077364
0.0018382339071798853
0.0018741077486507558
0.0019522384014464462
0.0018990068194856848
0.00194821959518666
0.0017338739939033294
0.0014968720543389617
0.0019778701519903926
0.0034289714327375743
0.003859342577506496
0.0033416763836634075
0.003990490404305381
0.0040321126605710545
0.004716364557506335
0.003915422428754325
0.004339457623191497
0.003607152759461297
0.0037010014935988217
0.00011087560193981329
0.00010026413272868893
0.00012094683501218192
9.791327131662425e-05
9.683787864319841e-05
0.00010359230104197182
9.329453258889809e-05
8.567996707331104e-05
0.00011438784253376261
0.0001005049307187617
0.0033993567989454186
0.004179244474218179
0.003434307997646796
0.0036857967166445955
0.0038542457256402827
0.00452065059982559
0.004120080990101921
0.004037732013263735
0.003605078183578483
0.0038294908140038566
0.003432779326318973
0.0032969646917017027
0.003745052248871873
0.0034079345534085387
0.00406871801444386
0.003775749944619868
0.0041996450212231475
0.003924137780129807
0.0035467346965731197
0.003505650931577342
0.0035270582631622637
0.003279543529181487
0.003488262707987
0.003150099720681634
0.004231887537869609
0.003649127613989386
0.0033715722842103325
0.003136449788147205
0.0032102418427194844
0.0028783723265972997
0.003715047829445526
0.004400438598762222
0.003263909823865236
0.004170892216637359
0.003695930271478496
0.0036184743318165443
0.003535997835540182
0.003964297510554709
0.003815760096260072
0.003412289573115289
0.002542897171863601
0.0023758424150934153
0.002661260381111607
0.0026383561416430204
0.0026693045019584236
0.00258464792813703
0.0026612122709583634
0.0024575209487947432
0.0025268724491093906
0.00250817931379178
0.0026378725839327688
0.002349094251367132
0.002397172981344762
0.0024764517305307958
0.0024577228917008614
0.00234616258574996
0.002569706045336657
0.002467339105665789
0.0027994564653031472
0.0025486997851036012
0.0034589891909435756
0.00303873653651856
0.0033759327497803527
0.0032505671518054118
0.0032505333718196986
0.002963455363678352
0.003318840187805195
0.0036197747398680207
0.003798331394820038
0.003168670893648484
0.0003924009359237748
0.00034683076027511366
0.0004178529642966102
0.000424166991424652
0.0004324509928921126
0.000427937522507637
0.0004386407155329363
0.00042461217300081137
0.00036269458182465995
0.0003885679565349738
0.0014900084504791762
0.0016677791635930877
0.001697193110527132
0.0015644142520501668
0.0015232736150087292
0.0012655106762132818
0.00117785332788998
0.0017364128262320766
0.0014759303986029214
0.0016835184264410799
0.0042401665255725985
0.003886069145756061
0.0036814124094706937
0.0033003338187601013
0.00336694938629492
0.003948573289190192
0.0038911082238854357
0.0029746149457641705
0.003697712555882785
0.003917779295459047
0.0018041235593079473
0.0016262701908234534
0.001726389356569109
0.0015053957510214988
0.0017952385670319667
0.0019903183068992144
0.001890517560655946
0.0017921451570134476
0.0017523157930149985
0.0016816046876858874
0.0008322439207535322
0.0007704854199941324
0.0008245894713114757
0.0007064835262818353
0.0008285621116219635
0.0007395763613544512
0.0006831610147126942
0.0007160348770211271
0.0006936015893742525
0.0007540396105462834
0.0013195980127627721
0.001235856527496537
0.0012804286280349805
0.0013432262119728248
0.0013287179598423316
0.0015376370399252763
0.001475739534859166
0.001265484128434656
0.001195343756161438
0.0012797157466687267
0.00035286239689852437
0.0002728893542667111
0.00032809244684764443
0.00030154761986364706
0.00034204377963757893
0.0002814882456094996
0.00022800938594811146
0.0003300786446310688
0.0002678316805035668
0.00029997275938212204
0.0014065056187593547
0.0017724948445878713
0.001742599487738529
0.0018457369381648973
0.0016897364574187696
0.001929061390294231
0.0018938946409502702
0.0022382325285540887
0.002000384211656424
0.0017047128031105043
0.0013469878419654097
0.001080490969786553
0.0011467460682110671
0.001186364435722355
0.0012202361386246994
0.001104260182848378
0.0011721646831967319
0.0011850757746985942
0.0012333059810205884
0.0012360648777282462
0.0036996937939163025
0.004250397942324491
0.00444516670635474
0.0037311006581447663
0.003780152631565452
0.003516204110554345
0.003816250416818185
0.004724384187433186
0.00457907158330654
0.004500632358994001
0.0027432648657240532
0.003015898756441736
0.002934647845096278
0.002449882643533737
0.002691651007526464
0.0025917786551938925
0.002560465752708979
0.002780888997663608
0.002709894132697705
0.0026907255631222773
0.0031261498977834252
0.0037265666580255227
0.0032525232760032535
0.003351695642658303
0.003181810195082611
0.003589809734663459
0.0031625585744942193
0.0027027750961807224
0.003142557491268113
0.003111795361299788
0.0015737523444410047
0.0017953153953527295
0.0017471347919707858
0.0016077887245483018
0.0019057384979220364
0.0016278567339247552
0.0016882546941797674
0.0016837223290586197
0.0017190809762240831
0.0015609567221183459
0.0002034843708282547
0.00021679175758699808
0.00021749828564986295
0.0001916605531841593
0.00018377691374489105
0.0001875937975078524
0.0001910257976375744
0.000178847144750156
0.000192547241995843
0.00016847399529582849
0.002221831453703136
0.002146054219120575
0.0021813072220236472
0.002628565707649575
0.0024389423155679957
0.002212169575533716
0.0024787785823876126
0.0025115862363319355
0.002207072148669289
0.0019689841814689323
0.002811501879805364
0.0029237438361487556
0.0026636000680077022
0.002863778808810147
0.0035811908034799654
0.0035811026113625583
0.003444465322337829
0.003460564897508407
0.0033722209951027524
0.003066898837211042
0.003564351395972953
0.004380139844607306
0.003336810372333918
0.004230076121074117
0.004246668314654555
0.0036314612119875897
0.0040535964766365805
0.003392119162105041
0.003970758121152357
0.0039027596612194646
0.000861031265639506
0.0008840622954637145
0.0009996848114737654
0.0008502849603771977
0.0008676893172447207
0.0009693247522734606
0.0008390701389561014
0.0010037237616052428
0.0009567001187865543
0.0008424808818695197
0.0003746096123414209
0.0003258178082727821
0.000385274373028572
0.0004183651992644359
0.0004630170480645133
0.00043676182508636726
0.00043237193149036723
0.00040900372019622374
0.00034651333196809516
0.0004158429774519147
0.0025976722567340634
0.0023434051118843917
0.0023713919473737763
0.002241072278808921
0.0024397188119038536
0.0026896923946753202
0.0020865120350999577
0.002226696824766302
0.0026680282051499524
0.0020604192036812754
0.000579483658989078
0.0007543393557118723
0.000736000997386265
0.0007974225223347913
0.00068284271081074
0.0007595371491405995
0.0005906134186151337
0.0006369969567625497
0.0007547509138584826
0.0007357730377688046
0.002728143910535563
0.0027757583977625253
0.0026318579515098007
0.0032158501933820206
0.0022574018641551455
0.0025105297507928004
0.0021246951562298036
0.0025386164521410204
0.0026564118954848026
0.002349148246398242
0.0005488227927745114
0.0005653464692870344
0.0006964195283633407
0.0006293936557623293
0.000648040079970603
0.0006822487270352243
0.0005632421912819437
0.0006152590985409877
0.0006318877087782635
0.000645555141836012
0.00010477397161908397
0.00011114864229726908
7.88449353109316e-05
0.00011725270409496286
9.204168827339147e-05
0.00010468045687818651
8.398521512410542e-05
0.0001169181715498546
9.415169707168499e-05
9.366321784530763e-05
0.0031410719315143254
0.0032864636026648216
0.0033716946250703594
0.003601670478882292
0.0034452566581670446
0.0030815449156092614
0.003455465940522184
0.0035321790556619537
0.002515554015836667
0.0035300987276135286
0.0012249372718357576
0.0012686701352292904
0.0013592286631060925
0.0013213478940821764
0.001478462067817937
0.0011545966485235451
0.001570557561954637
0.0012817210220150816
0.001270170502481026
0.0013029452261085197
0.0008720064674608081
0.0008134796792766367
0.0008276495853874438
0.0007771423460618941
0.000853769276967934
0.0008175237220034187
0.0006554747670465293
0.0009486031884378321
0.0007145496313926878
0.0007769526657615255
0.00047321474183386003
0.0004281155724720056
0.00042337267021797984
0.00040196525465614654
0.00043267994155715987
0.00035780376366658474
0.0004454480740714429
0.000382981843888074
0.0003928575361127041
0.00048078090619011144
0.0012837743991984346
0.0012889799567937887
0.0014231994519722764
0.0013487587085562304
0.001481830065493076
0.0012704151523644527
0.0013718348222574353
0.0013072475041040097
0.0016705116085720948
0.001499363404872126
0.0025838767463644053
0.0025872909861274465
0.0032481338592622354
0.002770675277762229
0.0026592305008118306
0.0033726796454537147
0.003142282737145656
0.0030144939351161833
0.002607821793591245
0.002296592564788468
0.00341114728008055
0.004078998215215042
0.0031534542684440343
0.003628712076309237
0.0033189333374403457
0.0033779416817011944
0.0032482570801003526
0.004206236052989977
0.0035294516426117835
0.003676151198626341
0.00203179704427792
0.0024641897266589096
0.0020048748453275964
0.002271370834154999
0.0023011364567255173
0.0024753285448459107
0.002369031310194016
0.0026688649005817897
0.002483315405899459
0.0021606382033905205
0.002318415795365754
0.0023176792069960527
0.002235043505785102
0.0021857582654862804
0.002182946285310208
0.002125694034258113
0.0019440179401643124
0.00209371852854822
0.0020430430831907286
0.0020998581302760135
0.0028009704009131857
0.0027113431374907507
0.002452712343787102
0.002731611636814696
0.0025684256820374036
0.0029281388200046187
0.0029053905934272057
0.0030800071665498673
0.0028433907196295533
0.0029805099820343337
0.0024770698643232785
0.0024782196157130103
0.0024097203879376327
0.0031663218388502893
0.0026686559255464423
0.0021478929415889862
0.0023422522240861706
0.0026692196498284207
0.0026650851434685645
0.0026013219732954917
0.0005695354997357
0.0006520506216347899
0.0006887396207656494
0.0005580686687428474
0.0005112532004469899
0.0006294522893534287
0.00041000931387096397
0.0006136728174766124
0.0006061482010060868
0.0006579091132775308
0.001317613668152218
0.001427408605748208
0.0014655019246735796
0.0012003983432839842
0.0010387909647199788
0.001057436649080754
0.0013003569751036672
0.0014425385245258075
0.001206575976408408
0.0013244066926995236
0.0023547228465825264
0.0026457329149436
0.0024564302645727937
0.0027696531943215232
0.002245808188181676
0.0024064524492307593
0.0027669420907600515
0.0025816829429343774
0.002765740652387063
0.002854770441294668
0.002793323582511527
0.002607895426995609
0.0028555609837802734
0.0036918453311966274
0.003072372910295021
0.002878687376385889
0.002711860034311978
0.0032705943419808125
0.0031392598039511944
0.002791128046963201
8.313815586484703e-05
9.444622482793505e-05
9.984609092526026e-05
0.00010094557198194772
9.394342714005755e-05
0.00010781043783345074
0.00010399301062167645
0.00010334803283547274
0.00010239483373383326
9.389140692887634e-05
0.001795349889522329
0.0016676679495190483
0.001791526909322915
0.0016865280641631974
0.001663191291952504
0.0017012146720589512
0.0017414060749276644
0.0015674601805653718
0.0013926026512873651
0.0016116157762435103
0.0040536898970014645
0.003558611075679522
0.0033635251527851526
0.004072846773797662
0.00356931054723375
0.004114011904850811
0.00343781611670025
0.0029496386564190165
0.003784333893740783
0.0035853165111885354
0.002401657320632982
0.002949589709656149
0.002757485740129069
0.002955667406763035
0.0031225786809063513
0.002176747512047532
0.0027557458977960437
0.003085414833235551
0.002948962411454772
0.0022468573293376757
0.0008625227131280194
0.0007742365121754247
0.0009851845526504912
0.0008863070377463744
0.0008503170157133815
0.0009843278808657008
0.0009469307880011742
0.0008641896654235775
0.0008910200058011037
0.0008888822653698448
0.0015199824049657606
0.0015608933005659543
0.0015448008774652207
0.001703284354834018
0.001717865923326431
0.0016244809181337576
0.001574590718987147
0.0016729617921516482
0.0019769020833569502
0.0015573977992044312
0.003467333439914779
0.0034208818435217435
0.0032362660337360654
0.002997170835106949
0.0034465152958213533
0.0036626095366873042
0.00447142309508454
0.0033795181523899854
0.0037745886408130625
0.004106155885812622
0.0006103847037125371
0.0006056513835767366
0.0006260396754567046
0.0006679413219396654
0.0006478602685879594
0.0005661619933270168
0.0005832588840355029
0.0006573500100699536
0.0006551577639922971
0.0006360535313761347
0.002276727865628268
0.0024872455948101954
0.0025325128888766626
0.0022729337800083647
0.002280076111168578
0.002276932883943311
0.0025624556252078125
0.002640892479247417
0.0025582183622593147
0.002676842147718507
0.0017362791408632545
0.0016829197604718098
0.0016019373448765337
0.0013743257903381257
0.0015124717482533137
0.0015846562399807766
0.0015710129595227253
0.0014888200196538938
0.0012885275711877926
0.0015330609393097332
0.00312635654918882
0.0025207385055951406
0.0028595828529137247
0.0022497977097856664
0.0032398045002785163
0.0030414288799292277
0.0031078984654928916
0.0028072960630299766
0.002359096833633158
0.0028652652205943267
0.0004702617626587481
0.0004377444782870783
0.0003989551049221247
0.00038433195531081517
0.00048671947397463454
0.0004009955774265122
0.00039265723423880184
0.00044688221578206594
0.0003611830835368509
0.00040698295739587196
0.002491753442703455
0.0023033317684688693
0.003000120835566607
0.002358085781382627
0.003109117663205729
0.002876097612526503
0.0024113853568834553
0.0025659286492468792
0.0024990277539402774
0.0026290665027896712
0.003553442732754649
0.0036895363055289656
0.003712897337316714
0.004014207683513832
0.003399912740074128
0.0029331707230021197
0.0034997896940659294
0.003095499516093102
0.0029892917839573034
0.003620489538013435
0.0029074156700923987
0.0029927681947242942
0.0028393125991970866
0.0028198612982585367
0.0029197352976989962
0.002944266014778669
0.0029124849158307874
0.002712049788830945
0.0025717990573194596
0.002902836097573363
0.00021657338925577346
0.00021906267662986174
0.00016659653012238856
0.00018804064968506364
0.0002010082411105468
0.0002172492459218034
0.00019415020368801755
0.00018168361053873041
0.00017246590329190474
0.00018717515846558493
0.00021322564821998262
0.00018554393752972327
0.0001920543562079246
0.0001944503179295094
0.00019280518804097542
0.00020975931430058982
0.00019771489785739993
0.00020727783862227242
0.00018677664270322125
0.0001881485569139014
0.002558802928367489
0.0025393290392278166
0.002083970254498454
0.0023932766716343104
0.0024065289623743987
0.0021107040806008608
0.0026670884848490023
0.0024829308932509263
0.0026666607363471507
0.0021719702478250084
0.0009500429473935426
0.0014864811086906387
0.0010985049620408018
0.0012505566204507796
0.0012388285900405312
0.001355682373507992
0.0010907295638317163
0.0011945828653903252
0.001052166336078062
0.0010691484125227128
0.0029571931195303425
0.0034181006616372175
0.0031556332445264955
0.0029307445095840164
0.003558161164041994
0.0031325618943603274
0.003204872281485394
0.0033197661956880058
0.0029066695831608757
0.003261247663603681
0.0006326882313381915
0.0006796765143919051
0.0009609360811608907
0.0006722300906070069
0.0006511753754962797
0.0006625220233388887
0.0006788088066256609
0.0005814432857274163
0.0007175807284969507
0.0006481238471306317
0.0014105156202584024
0.0020563966648111786
0.0017812231216443844
0.0014873096131471494
0.001750578129088678
0.001428945179914992
0.0016053193739892552
0.0018262509044295761
0.0016506471133456175
0.001720799167610172
0.00024377606993469656
0.0002776496808211734
0.0002600055519156716
0.00027250186883529166
0.00027845713409431017
0.0002494647458011162
0.0003005564155149325
0.0002769919011091754
0.00029755335529866277
0.0002576887779958
0.0042601251769105695
0.004798367993392625
0.003827236940133735
0.003755835782496726
0.00311582940897844
0.003581849906950989
0.0038698392115257122
0.003829637786580647
0.004164731821581407
0.0031658542139336126
0.003344566650870974
0.003766310556280356
0.0037370820181047482
0.003565680678979672
0.0035818204698296646
0.0027024453658232766
0.003751073500493275
0.003278791044101752
0.0036190663147599484
0.003193536915015777
0.003362664981886331
0.0036149748530835265
0.003365347505390707
0.003908408546316513
0.0034228583939138945
0.003199162678970434
0.0031119509221352593
0.0034259483999492
0.003107660809171477
0.003841849555589984
0.0028362628365459553
0.0027654573786295524
0.0028951203194595484
0.0028913868053766626
0.0030340370246355296
0.003255330660985784
0.003074686844503291
0.002983945094040888
0.0032864430321031942
0.0026235239515021006
0.0025409798010794485
0.0028469868881982586
0.0024695144835383954
0.002369526974847911
0.0022217496962604424
0.002931351867500547
0.0028559664818482615
0.00340036762409106
0.003024241242199803
0.00257115519692288
0.0027010011630114266
0.003419488199841334
0.003380712687875737
0.0035850638701409423
0.003059925785045871
0.0031171857780774577
0.003347669078715335
0.003700665602417193
0.003448484870754839
0.0029854775695180103
0.0015353982592985532
0.0017827175101950493
0.0018180575034789932
0.0018188748106324258
0.0017707588562453362
0.0019011792911119343
0.0019065527540393732
0.001712037757807136
0.0019146841890102615
0.001826822127115187
0.003946605297293997
0.004009733014002951
0.0034740891464893242
0.003897227030405809
0.0033928703113829803
0.003713083544785701
0.0032945967146641867
0.0038540793574940676
0.0037085883649356725
0.003589922595451979
0.0029634938090416924
0.003275727354358312
0.002856026875385008
0.003023890330054194
0.0024869245892356322
0.0027714046754930125
0.002989984398765401
0.0027538406287358026
0.0031482912424747106
0.0028681229443302484
0.002881242484239883
0.002473698287544339
0.00286756272381182
0.002923271500541185
0.0027367931123078075
0.003194960971143778
0.002995471978222681
0.0032420100925513308
0.0029794736621506575
0.0029394590051485645
0.001880253855382588
0.0020427964564509607
0.0022301849332380316
0.0022303729888990685
0.0022704408792867422
0.0020463936078333684
0.002223324966483512
0.0022221782561043786
0.002338572299100334
0.0022915774646220227
0.0031105122824330073
0.0028851927524061825
0.0026022306930089893
0.003029208265128049
0.0028542384687310018
0.002713376504578481
0.002838515377790859
0.003240884934294571
0.0030698873471555837
0.0030938697253015904
0.0023564217794772397
0.0023707427295097208
0.0025722853275920127
0.0027615028524755505
0.002284024181027735
0.002321392977314258
0.0019488176986435773
0.0022304631154696814
0.0023238591446818678
0.0021567429899253337
0.0025903853000312158
0.002222159639330272
0.002306531388381049
0.002272829042374094
0.002380709435828256
0.00201652251381054
0.00241094628913562
0.0022900538829892176
0.0024082823072451446
0.0021196125657047577
0.003335276841190262
0.00278013537438307
0.003855118274642536
0.0028803542114010823
0.0036188033397591217
0.0034659801644910835
0.0032374655049664403
0.0035919671006026666
0.003753398217771107
0.0034514344047623584
0.003820534662782895
0.0032535537099719035
0.0031076886603507332
0.003323544545247479
0.003912399513910077
0.0027878103762931984
0.0034823890239521426
0.0034999591218490256
0.0030400147559688367
0.0036797700214126375
0.002172829106400695
0.0022386828921332844
0.0014339048214162195
0.001539632922078598
0.0016383656577041222
0.0016134245043225794
0.001855146147449409
0.001762700925167506
0.0015272758382421296
0.0018343818339198368
0.00325932754501133
0.003879291172370315
0.0042680845906994
0.0037029022882961054
0.0046466804885670334
0.0039830229334215424
0.0035936574816227847
0.004050910116061366
0.0037865719029395116
0.003460959839689081
0.0025958855728339283
0.002551081952707555
0.002886870001439775
0.002989115251725157
0.0032030620815113003
0.002842062634416661
0.0029290170227793347
0.003040432902308306
0.002823336841164915
0.0023097183361302396
0.00019455994201383035
0.00017560929548295797
0.00021478810081353725
0.00021953553842309924
0.00021629260475987955
0.00021362505986266704
0.0001964947180173226
0.00019626187515796618
0.00020117927907940255
0.00022699938016298798
0.003918829999079882
0.004518290802905722
0.004367829603015701
0.004342035979622868
0.0037560032337131794
0.004166734238859993
0.003561352405107379
0.0037438896648630017
0.004022869773612923
0.0038565394422073397
0.00022113896784070565
0.0001666466250723423
0.00018185544041188423
0.000200068224359337
0.0001849428832610602
0.00020772577409822402
0.0002274042605674634
0.0002014897154868088
0.00023924724914215417
0.00020823648044165452
0.0004332117731377503
0.00041673598194543116
0.00038260609027451764
0.00048084444308621336
0.0004637448016420573
0.0004631909210636041
0.0005574770414453937
0.0005171333438885957
0.0005248733831743403
0.0004318624574491969
0.001922533710694656
0.0016402062864494308
0.0016369020789531422
0.0017877109037700717
0.001877027641909988
0.0016561161354040534
0.0015518650556658816
0.0015461388539574497
0.0017584094458179165
0.0018393401981278415
0.0011025879852543468
0.001066530540674276
0.001005773199882297
0.0011475685833218596
0.000973409495585232
0.0010619625923254262
0.0010929673583944695
0.0011353828492866873
0.0011561740700701498
0.0012214751674452001
0.0015342058969502232
0.001536988040106913
0.0013912399715709466
0.0015656995589405942
0.0013277139596835476
0.0012839730446537179
0.0012505205586568295
0.0014477009034435946
0.001386999479028619
0.0012378547440542542
0.0035458281994428364
0.003458575705746563
0.0028213984857924125
0.0037451449315979296
0.003560523416123307
0.003386255094258183
0.0035637168562899306
0.003713314658245659
0.003985422635257929
0.0036913195121374242
0.001992526681967492
0.0023299897663447366
0.0023698461609211246
0.002314523759796281
0.0023010492663732593
0.0026439107515418337
0.0021031075449239383
0.0026532169705488547
0.002096722222688691
0.002430143597634126
0.003323269682423446
0.0037137391530995428
0.0035771754506148247
0.0037932637514996215
0.003487688778149709
0.00380593179911744
0.0035357449642257465
0.0041311895036554675
0.003374047933626502
0.004470017262836059
0.001755891343206669
0.001761427601680645
0.0017517935545092729
0.0019077073779548324
0.0014092627374954452
0.001571048475957708
0.001594001741113424
0.0017866589804131775
0.0019324022464770824
0.0018246068422193597
0.0019885152444325525
0.0025443177965391796
0.002209837073948115
0.002225396078042155
0.0027535745558650085
0.0021113422425080098
0.0024112196694519323
0.0022711042600786504
0.0022766844787769813
0.0022302242460517418
0.0023943694076838016
0.0028492158074444607
0.003080725352240869
0.0025958606220619364
0.002752856143356216
0.0026509582336601365
0.0024660135421345707
0.0024259051214567265
0.0023089459602209494
0.0022912288531234453
0.00380335456370594
0.0037947799317387177
0.0041534990824153425
0.003006752222199277
0.0037399771740037743
0.004102100604941803
0.0037650262001516473
0.003259776954907643
0.0033572806863226994
0.003527997131916735
0.0029085112390421757
0.003662865785411999
0.0038852544080529784
0.0037920492423099937
0.004179471309339697
0.0038501527008544686
0.0034895514638597185
0.004307855778005659
0.0038122717087897924
0.003678951592278698
0.0018622553865975055
0.0017243094854260332
0.002352592644881974
0.0020805756069898493
0.0019457286176794253
0.002062479224176554
0.0019157755964399922
0.0021141308180393234
0.0019684062271983997
0.0017652874376405394
0.003161574746946631
0.003084260277713735
0.0035565235674247285
0.0036521277279009576
0.0029637740942242926
0.003127851988536193
0.003399605752850653
0.0036237921638681237
0.003947355361431299
0.00303162237734827
0.001280662004691986
0.0011864494607139455
0.0012192941807178032
0.0010049356572096756
0.0013627000384749829
0.0009745423311730551
0.0012365227591665552
0.001210045431771636
0.0010683320187407897
0.0010800897197018658
0.003565778945423764
0.003677462015991809
0.0040452876601119086
0.0036498538822655013
0.0035437170981577303
0.0033559075962157577
0.003699307565631024
0.003654332330681595
0.0033192514294739677
0.004452864014987716
0.0021066462576773293
0.001980374144762734
0.0017995392943959475
0.0020016953701170875
0.001593482670213038
0.002112762211274689
0.0018735664616325166
0.002336533700347249
0.001873966724781274
0.0020398903805998662
0.002748451747614717
0.0024236678388464064
0.0022840962036060715
0.002483969254547111
0.0019730507480489193
0.002488551675643308
0.0023975290134043187
0.0020633426120004574
0.002845717985906296
0.0019490141991648034
0.0032243039924121112
0.003969970025301817
0.003922857869259262
0.0037070920453431758
0.003591732968457794
0.0029772285309610904
0.003996674937851601
0.003582248114113712
0.003231357624112163
0.003337939038401812
0.004237658720314554
0.00425893723716526
0.003409989625358944
0.004213437339886576
0.004207540204466674
0.003351945911793535
0.004293657831203844
0.0042722188285156375
0.004131634942732898
0.0039136088425068246
0.0013814822000389638
0.001003210962166437
0.0013906385369056452
0.001351067440699191
0.001445531403949522
0.00138357590472862
0.0013424912914163565
0.0013214207779724569
0.001152267412581145
0.0010444026256497332
0.0023794673784985677
0.002027594670651352
0.003173963059030336
0.002545105424495551
0.0021266920652105066
0.002082901339090727
0.0020566478846982534
0.00244399686705448
0.0023615391205685623
0.002165877991152562
0.0008434634692263512
0.0008885246747721034
0.0008290960802165094
0.0007319558515037954
0.0009356781538107489
0.000726065887320971
0.0007402791086034541
0.001001166347842459
0.0008430514086258383
0.0008161732954887442
0.002266166902108005
0.0029975791523671556
0.003403680485894746
0.002767588442321855
0.002995153187872042
0.002828362634843173
0.0034775387369338972
0.003159919926188007
0.002957657335968151
0.0025950372505554793
0.00038472357970227887
0.00039180066671509924
0.00044509173635694883
0.0004289953434729169
0.00039249699962345643
0.0003350992570962909
0.00038010097791724064
0.00038245977643937127
0.00042164293999222426
0.00037320743461653934
0.003146497739918325
0.00257145468230735
0.0029492266285841015
0.003030363176584154
0.0027354506099339817
0.003078298715843391
0.002546955525284763
0.0028333481652670516
0.002655785741468478
0.002407028919480454
0.0010602425723285484
0.001178105603263897
0.0013366126691053007
0.0010528994381126594
0.0010110935158960798
0.0012331499173981707
0.0011283173682499366
0.001278080950209625
0.0011421112735570543
0.0012561384878037188
0.003669567622455604
0.003326719835400828
0.0036850702352045164
0.0031056350916533336
0.003302090133319803
0.003328855944451789
0.0035044253061980142
0.003049534486757771
0.0035325922370722553
0.00341244575312696
9.046749869174166e-05
9.815568324601329e-05
0.00011527090293507642
0.00010441705854943868
0.00010587664375751214
0.00010364277277591544
9.613461648841305e-05
9.865037708128976e-05
0.0001060533046272796
8.681821473389482e-05
0.0021022792452432834
0.002248951299860536
0.0016195861774621753
0.0023957389687039358
0.0021999828969835266
0.002280805167787002
0.002401227316569561
0.002288432722703302
0.002555263594353851
0.002127648470983414
0.0017396884720735743
0.0018666070424612738
0.0017029255764702213
0.001664166287465003
0.0017077055860074233
0.001589414672258934
0.0015764544885075904
0.0017040456275510818
0.0016531467930218926
0.0018048455465225284
0.00021745200640449963
0.00024028300172518924
0.0002057482481083632
0.00024341544558105873
0.00020828505500555502
0.0001853734428121133
0.0002065589580989539
0.00023218417106732494
0.00019157977984032138
0.00022274170282060118
0.0034975594129974708
0.0036902421663323765
0.004667520022321598
0.003493288007109674
0.004021246508522415
0.0033444469096750285
0.004111486928298636
0.003689282808359775
0.003451003466082734
0.003323097054622499
0.002581453474036118
0.0022965541655412605
0.0025187163673125717
0.0023709378376786856
0.0028797122519454263
0.0024608860025240645
0.0026174725337668892
0.002476868417612965
0.0026169090419635643
0.0021009852608121346
0.0011453451316670328
0.0010728976025310543
0.0010899247936446742
0.001151966643694213
0.000819775551477646
0.0010526024027507385
0.001147117177781569
0.0009720947588360965
0.001083468649267293
0.0009917198313465474
0.0022512831446772946
0.0021418864874014456
0.0022425189404391387
0.002333176893058796
0.002514022865871704
0.002633297534803944
0.002698488114367277
0.0025375755433268443
0.0018846691072869491
0.002291576181634875
0.0036455031067747505
0.004229868536953578
0.003497252001646435
0.004534148968737694
0.0040762538569265195
0.0038320944475481837
0.0036097980441614098
0.004366693216471142
0.004747657735800698
0.004112168322845996
0.0025041342637554323
0.002932534063716496
0.002863340792404845
0.002717883767646592
0.002388294008192807
0.0032950574154415073
0.0019371423065606959
0.002687020765870507
0.0030067097813158325
0.0024522218636869844
0.001368918565312784
0.0014789830330523175
0.0015649451040858674
0.001521329056994674
0.0014401874335630202
0.0014809319480244883
0.001609536037301093
0.0016769139790223041
0.001661211979968113
0.0015359419181303912
0.002706691622313004
0.0032938405190443072
0.0030116961534464035
0.0028249496353352395
0.002655734453679281
0.002522650570284391
0.002860758878263697
0.003173347215383813
0.003238485300354615
0.002581651035002775
0.003999148678381115
0.0034967322510230073
0.0038751575763527404
0.0037679347596188866
0.0043582503194263805
0.0039804440489363815
0.0036902046470270147
0.0033753317722902123
0.0039954375899096724
0.004357383720991879
0.00019312044150907967
0.0002076995183120856
0.0002020519254350505
0.00017882039372007233
0.0002234534621495015
0.00020428495315999676
0.0002095229994182286
0.0002418915224899698
0.0001974150910599839
0.00020530017807781335
0.003017489387830837
0.00353141176140895
0.0026620888081065556
0.0029615747738629627
0.0028337609368256993
0.003486811093864565
0.0033357182854301466
0.0027002128272527394
0.0031225378207181556
0.002423415444814608
0.001895036667699332
0.0018584804397688399
0.001923851129146222
0.001862242275882829
0.002049547532611489
0.0021424455706212844
0.0019739337463449444
0.0019753603140291267
0.0017944932382951628
0.002037655260250154
0.0027691315359953104
0.003259790683649962
0.002568676390032911
0.003593067555136084
0.003540862378777072
0.0031841415763360623
0.0030235347714846327
0.0031181425193820902
0.0034368734605062404
0.0030346379377031558
0.0026209501711650573
0.002521513237533997
0.0031380968935543164
0.0026435783939664733
0.00293419995607936
0.002841710418747995
0.0027936027473042173
0.002408492263368753
0.003040883592575002
0.003038908833707928
0.0005092235533008319
0.0005594086843834627
0.0005939435797940449
0.00042227347931939003
0.0004997295197569006
0.00048316670879890926
0.0005717547478736399
0.000500848741298274
0.000503619093360519
0.0005754508227856878
0.0035084342514940187
0.003079179177314497
0.003616957520264249
0.0032847498338988913
0.003080295339516376
0.0037937896794057193
0.003449990218471933
0.0040069641626620375
0.0027088624403686086
0.003223281487024971
0.002458100066691456
0.0024852708279950743
0.002580762378671352
0.0029757245348556558
0.002648579637025159
0.0028507945304031453
0.0030035447154444887
0.002409138728053671
0.002664398545059613
0.002500916226916892
0.0033275544061628086
0.004246325252628878
0.004112770582447507
0.004198084586950389
0.003271358571687147
0.00341789892503327
0.0036607428070957017
0.0032214446096885253
0.0035107740215548676
0.00327928351379726
0.0018159344591151816
0.002492569586689184
0.0018633033104423155
0.001802407452232282
0.0023211823965349973
0.0018652790402990068
0.0023487971703785534
0.002237479908315948
0.0020638212717385964
0.002170264669665365
0.0027948565516047854
0.0026154933947109705
0.0028890296754266014
0.0030041923753347374
0.002695327268100103
0.0024631231092547097
0.002456273942001223
0.002350337275223361
0.0029815558007103946
0.002718392456978648
0.0010799651155819657
0.00094241528736138
0.001054247618467122
0.0010879504335794597
0.0009984019808122043
0.001154046828636104
0.0009645573476103605
0.0008384382508848392
0.0009762715907449452
0.0011059565220438916
0.0013072905682051511
0.0011745526140791048
0.0011672204545934372
0.0014695119936406907
0.0012744860707705641
0.0012252787209784141
0.0013343304549214923
0.00121418121731018
0.0012987836447755487
0.0012446733276544365
0.002826458088916713
0.002577394178573596
0.0022846007769582867
0.0025922708512596654
0.0024080694254549804
0.0026463598065012014
0.0025591647944957527
0.00256965728939782
0.0024464819788812147
0.0024444510654627865
0.0016881685524279795
0.0013358966666075069
0.0015217754756237818
0.0015811621587099643
0.001579748050896753
0.0016273037861890877
0.0012036950649861764
0.001439780528324621
0.001586596206916631
0.0016290883825564359
0.001038818260049478
0.001009132300054186
0.0009644045333352028
0.0009432374892631554
0.0012137102581511279
0.0009907673448762953
0.0012762697820066138
0.001104117067154372
0.0011903928495188153
0.0011949534986479462
0.0018812500957222837
0.001965830482028765
0.001969788292267128
0.0020301089463495765
0.0016249932012725894
0.0018057391252563615
0.00191930350378241
0.0019207788034171992
0.0018816495546397235
0.0020027751822957653
0.002057229087423801
0.001984452251939253
0.00179471990924926
0.0021369585964815933
0.0016440358793028422
0.001976139538317061
0.0021477810169406534
0.00207968106530586
0.0021364147797393305
0.0018778142077100273
0.0017495974480105615
0.001293945668544794
0.0017700087234106027
0.0018535818513381718
0.0018090175363698249
0.0014109789951786992
0.0017828863222338696
0.001959493573501847
0.0016541975464763777
0.001890194958702297
0.0012860319017751532
0.0013961470507984149
0.0013059149440240044
0.0014353169787709916
0.0014671361271881337
0.0014205602847871294
0.0011758101482377253
0.0013447301016118183
0.0013044168002726265
0.001267661819358147
0.0030273687242257964
0.003049417305791487
0.003236781912574453
0.0033078191462844737
0.0027777291667554775
0.0037790992094585254
0.0034427921152897396
0.003183380875324255
0.0029821743671335403
0.003134283895104092
0.0025805786514512177
0.0024741277808412974
0.002486877767319357
0.0029184893102380993
0.002546941617104002
0.0030334234687873045
0.0027654659935244736
0.0025279775140765624
0.003055206349617527
0.002486628740722937
0.002115033744845775
0.0019508514664551596
0.001972339519195274
0.0019236856621784005
0.0019096831616201213
0.0016863484029264598
0.0015119939332232698
0.0017890856440081822
0.0018232720420785623
0.0016837663691215987
0.00422609282994113
0.0037835283264765983
0.003352578993706089
0.004128965199859221
0.003959679377238247
0.00361161300127133
0.0038020638019135686
0.004277593309451559
0.00402818054056468
0.0033597216222174503
0.003496360457327227
0.00414459292200193
0.0037922538823465845
0.003738427543919512
0.004354202635567097
0.0034811044373698726
0.004278250069853124
0.00398292195781973
0.0035529286206458597
0.003462789213569179
0.0022362082086899516
0.002564479655983826
0.0024363800314039846
0.0024469802736599654
0.002327029751526682
0.0023986558256095837
0.003058839858764816
0.002238983402220542
0.0025280999226205154
0.002696355739964849
0.0011275022106961169
0.0012240532342825527
0.0010684798851376596
0.0010895756141888493
0.0009801798908936385
0.0010340249357989764
0.0010760815631834413
0.0010535295779866107
0.001225906135921443
0.001153906271122372
0.003623331403135679
0.0032889556646093303
0.0037303485983004197
0.003110382911164407
0.003113795805461044
0.003779990753891461
0.003262931757047998
0.003511751077752756
0.003159513500156034
0.0031984809143318087
0.0013000258664481149
0.0011207149496366647
0.0012579590785622627
0.0011684985964949953
0.0013371102863516519
0.0012639982608242239
0.0011928791448270308
0.0012756270228940787
0.0011199215349628152
0.0011395289161956698
0.003524997736629674
0.003371134071661217
0.0036135473346161936
0.002968108705804108
0.0032653701141338786
0.0037117340414703397
0.004029695713002863
0.0032060465864367175
0.00342941182762386
0.002768845086749505
0.002587959349181917
0.0026971818746372987
0.0026478178591064633
0.0019400471768371088
0.0021761594324037972
0.002634556280345447
0.0030152527675624146
0.0027660766410216673
0.001978276825187938
0.002588169724327661
0.0024627859524673145
0.002342304146088671
0.002727508323916381
0.002050995411392397
0.002089811119912058
0.002451115703886024
0.0023947977789481522
0.0021975007687307746
0.0025547914125949823
0.002126465832248803
0.0010151483338655296
0.0010962881833019291
0.0011516994310949804
0.0011794802373502652
0.0009283661039864439
0.0012021911091273899
0.001132945942211277
0.0010709028331452497
0.0012075340904225608
0.001100594595579813
0.002000903359212781
0.001992893478396654
0.0022862143504381806
0.002050013594322023
0.002050991848604853
0.002074508201990343
0.0023993774936897022
0.0020412877400295473
0.0020233885209020156
0.0019324556959270747
0.0007858479083167609
0.0011122784491297006
0.000902768574260095
0.0009318381852171248
0.0010397831945846605
0.0012082838962309027
0.0009813770785668929
0.000912040788855418
0.0010878979966783713
0.001051858278047669
0.0018054209739719312
0.0015861732420843007
0.0014572919610742936
0.001772124252792766
0.0016526361421419888
0.0017128800406698294
0.0015452228522544577
0.001536403203558564
0.0015390191710638612
0.0015046439881903548
0.0025763644973032466
0.0023257843705281663
0.002261838620791191
0.0022870702331966963
0.002323282699544486
0.0022693213089730346
0.002347112646781295
0.0025225032982757307
0.002196037049156664
0.0024530112496476803
0.0024572956968982253
0.0028469436751812137
0.0025883637506143387
0.0026339892457011146
0.002513858753240299
0.0026122966346543027
0.0025470547808353066
0.002695701345753226
0.0027211273621976476
0.002595854236885299
0.0016983987800202227
0.001718262922312962
0.0017847659180742544
0.0017734091102459923
0.0015706820634183195
0.0019010965814856707
0.0018719184380162359
0.0016287881140374001
0.0019823248642324496
0.001714003413178946
0.00023255742127149354
0.0001773263879573942
0.000196698241959833
0.00015160819490204835
0.00019855903765163998
0.0001612316603892303
0.00019497339493076182
0.00019685673743274947
0.00023450983929468143
0.00015845484569493415
0.00044256140546795983
0.00042409461221455197
0.00038292249404883754
0.00037458792437491977
0.0004805233741380605
0.0003457435402420836
0.0003931613087306117
0.00041805148024262514
0.00042115244119490856
0.0003661483243298438
0.00045875237846044244
0.00044572299995490394
0.00045714391065972533
0.0003502709945577863
0.00035166965560253784
0.00035886902546566684
0.00038915181749422776
0.00032367837907706747
0.0003574085647130575
0.0004080603698717344
0.0028511819106659952
0.0035210755363754296
0.003099681855896063
0.0030198690376722435
0.0028716469433046348
0.0027727070195561797
0.0025147688846341378
0.003102737331646777
0.0027877438534774914
0.0028719048719503576
0.0018677770726343204
0.0022371198465616186
0.0020051165054328266
0.0021213477675040963
0.002585531526724142
0.0018997044603393408
0.002354971686244819
0.002253071513201031
0.002156797563319299
0.0024947074602016607
0.0029864872224736783
0.0032262686438070056
0.003482213112358852
0.002940105931910158
0.003124127529002648
0.003284541721840383
0.0034080971614759495
0.0029221350360590166
0.003308151085261512
0.0027822406578997374
0.003513138949565277
0.003950055108214189
0.003839839033744099
0.0038022325551912337
0.002774072674552858
0.004212015369428013
0.003993339394957382
0.003760955876721649
0.003776684913053734
0.00355793475763733
0.0027199693551298136
0.0026285763161428633
0.0023770079919180065
0.002311595311514303
0.0022912090482433774
0.0019326549321225335
0.0018980899872369909
0.0024822705483897724
0.001977108641932324
0.002599942562231622
0.003244201970855382
0.0034872936475247346
0.003772079269013008
0.003187588036211697
0.004002188816520456
0.002960175964569354
0.003026733121308295
0.0035638322118331563
0.003564858032840638
0.003796456686918061
0.0010876753039573775
0.0009063205532408438
0.001207370789202607
0.0008388389151086586
0.0009943922530853742
0.000954692375804994
0.0011303993710902794
0.0008808919636994582
0.0009914433974172285
0.0010538147975460853
0.0013196452399528785
0.0012462656290966982
0.0011230992123646142
0.001068052598870924
0.0010768680360681191
0.001173362697373416
0.0010048058524044553
0.0010459363820435655
0.0013784162980933355
0.00109793857339917
0.00201454705677218
0.002247074453197274
0.0021714580481758785
0.0022385524892733107
0.002103866118428526
0.0025792704304018216
0.00206686143916562
0.0024942654103962533
0.0022415833055192853
0.0023388541571653936
0.0012331412165400666
0.0014977368550345145
0.0014837155654759612
0.0015256708707993495
0.0010662570712077996
0.0013083625720432645
0.0014595245123627852
0.0013459495584661086
0.0013264520392740314
0.0013358856359349872
0.001459451664198602
0.0013967333074413793
0.0014347759804286485
0.0015438896286583807
0.0014032385522332784
0.0010710591268128298
0.0013660264835659423
0.0014723996532910696
0.0012231519104709792
0.0010850994741890565
0.0008630932489278984
0.0008842648502991378
0.0009014258594453702
0.0008307292447343063
0.0008750985388065635
0.0008467922999468966
0.0007389317597039799
0.0007943328085088205
0.0008418283790113157
0.0008615978703737963
0.0020176097975856677
0.0026384944162362125
0.002139444349004836
0.002208722064016627
0.002126069671737313
0.0022522401840847405
0.0018116895673299127
0.002121374858546937
0.0023894144868373047
0.002416784818514683
0.004045283569698944
0.0033535725685475332
0.003845488190155488
0.0037689658877232608
0.0036220297493901286
0.004251680002393213
0.0031196095016374848
0.0037713545220691646
0.003473695538004621
0.0031466444608610035
0.0009898431406404464
0.0007167532812794186
0.0007392824005206616
0.0006223635437530494
0.0006097912436853416
0.0007491084318627219
0.0008783485984008293
0.0007780331261400689
0.0008584102518137805
0.0007702418304028901
0.0019127896215273411
0.0017294018512996408
0.0020353678760256927
0.0018571980005310717
0.0015130634709222223
0.001796588736813151
0.0018146653308726282
0.0017194557223635352
0.0015802601165067136
0.0016774570924943503
0.0030669123572000167
0.0033502270332200967
0.003325015899431134
0.0029222897613171653
0.003135061801435243
0.0034742092322708634
0.0026991261821091316
0.0032062377200576977
0.0028692812879858717
0.0028329752714335472
0.003230516388869536
0.00311199184597874
0.0033177275896177287
0.0036012716513232263
0.0036132504661085035
0.003595845618550594
0.003257732941368983
0.003585969623053561
0.003000507926817216
0.0033154486880483678
0.0023054768917957612
0.0023262271072194995
0.002589755794843614
0.0030207728075572655
0.002277530456048067
0.0018569348324851834
0.0024960441203540785
0.00230000080957904
0.002488088685748461
0.002548869145414676
0.000397646586228467
0.0003868529288613189
0.0003788549601717719
0.0003695324427767613
0.00041906118227589824
0.00046918206314134643
0.00041705208212927355
0.000368335142359313
0.0003581825764024547
0.0004251975498421445
0.00021171574637152973
0.00021415911076842534
0.00018096220835647455
0.00023072682802588928
0.0001877157562604519
0.00020921764301865773
0.00018034092162418227
0.00020973527652083516
0.00021121295339774783
0.0002045809965154423
0.003171401798070851
0.003483345334080999
0.0033304840972894537
0.0036001596753157533
0.0034047238799411465
0.0032096176581364036
0.0034956712592519056
0.0031196728956366473
0.0035641335245910144
0.0038105217103877836
0.0019488781438817084
0.002099634564151527
0.0018145004188799484
0.0019005096467536002
0.0018560571364807982
0.001733901538096995
0.0018843908995836748
0.0017987744676990808
0.0018152103239025951
0.0016033929240733766
0.002442475386912114
0.002447003911725426
0.0021148325464411715
0.0023943859660156665
0.0026705065935052497
0.0024002706592031013
0.001966501980550703
0.00217671569286662
0.001945275012709675
0.0022243473296175496
0.0007162098380794786
0.0007462137245205859
0.0007288196233820463
0.0008970669061929181
0.0007160619663237006
0.0007520335061959707
0.0007421318088701198
0.0007963082309774411
0.0008460419435732952
0.0008413539490699647
0.0025727707494702626
0.0022948346935779307
0.002294001997661273
0.0024833622691983093
0.002365109545153313
0.0027168837504266876
0.0030279545198687386
0.0025370997597607267
0.0024240958343081237
0.002555103112271536
0.001282730591864646
0.0016598166675063533
0.0016311070966526125
0.0016636302579984468
0.0017719787177817414
0.0016557893352667045
0.0018146250460013098
0.0018799588032340497
0.0016987372510909725
0.0016264990826341528
0.0023857966287565606
0.002693816875902542
0.0024711661720835396
0.00273363713133684
0.0029796178280556895
0.00300946793252007
0.002571226930038942
0.0026682503708154136
0.003070819360929215
0.00262921339666175
0.004154126140317142
0.0037016439370215534
0.0038309567906989576
0.003495444366397161
0.003451922302558376
0.0035052627688540038
0.0032780500302504708
0.003616028552989278
0.003497466628208967
0.004196221396958972
0.004232596674209191
0.003898076224156392
0.0038837704491209955
0.004208948198283507
0.0031703868439958744
0.0038855276416865305
0.003569618790704646
0.004108021898799505
0.003067470888891143
0.0032067816683719525
0.004294093208274262
0.0031823243834961557
0.003961325286529937
0.004092078552165333
0.004411329077655898
0.003862085166184729
0.0036378291485896206
0.004430832419276321
0.004201555790520009
0.003098947001618656
0.003395984937467941
0.002968836439562621
0.003459627392517332
0.0039798670645512825
0.00289585825179164
0.003372228589344092
0.0033186128767903234
0.0037728309088847674
0.0031130541960806956
0.003500728762622624
0.003960138024058684
0.003512614152575909
0.0036660982245047017
0.0034814577124999127
0.003618870997485546
0.0036891870410501273
0.0033640427265950543
0.0035107459837450646
0.00431474472396472
0.003959285631909749
0.0004343792836464221
0.00035118605047437313
0.0003920683370009948
0.0003093162903751705
0.00041455571447653543
0.0005212098993044698
0.0003632494782504636
0.00039322164098211636
0.00039682471492901133
0.00041511156165718405
0.0011418031663442743
0.0011552957897758885
0.0010988381318308507
0.0012277968658081831
0.0010632003035757668
0.0011990714678332143
0.0012183081369012178
0.0011032008779081348
0.0009343819115930957
0.0010982439813076335
0.0020858722787160926
0.002345842499982594
0.00234971678508775
0.0023562816989891196
0.0023335591482812326
0.0023160899454677682
0.00253413132157813
0.002432305934031078
0.0024038551028535663
0.00245991700780781
0.0030113662547546867
0.002634399377354411
0.003277330368861774
0.002782320723783233
0.002756173606838073
0.003294346074974039
0.0030495438868226505
0.003592688020612852
0.002787426236260809
0.002764143891053129
0.0020334151553813825
0.002244026429440517
0.0024777681484711876
0.0021464676970449066
0.002033465313064983
0.0023888166287661843
0.002276088384894568
0.002626887106909545
0.0022862123631775416
0.002079089121116631
0.0033490902102066393
0.002999519124614704
0.0020780020070097294
0.002293592907787322
0.003052879491381037
0.0034523004316321516
0.0032172398216800866
0.002921627642544503
0.003081087721486447
0.0030987226967619593
0.003823477339905948
0.003926931096820603
0.003936393449649603
0.00503662129669314
0.0036939993941695047
0.004757003496675788
0.003628846948795121
0.004319953493426064
0.0035707393988068494
0.0034069982891734574
0.0034839199130069294
0.003953494823765306
0.0035392373017267566
0.003873711495009424
0.004313795138799514
0.0034224203259762068
0.0038344828381875113
0.0038651708772516878
0.0033364218307936587
0.004042890956076856
0.00156496034843616
0.0016557288772338283
0.0017121461139942913
0.0016728104590813485
0.0014346874377906683
0.001715399983609297
0.001468641215772241
0.0015978623267683947
0.0015478199304639739
0.0016398946682760517
0.0020032738437986987
0.0021029521960268254
0.0019055343722105455
0.0016828858472502227
0.0018429538426489754
0.0023115134924108177
0.001901892209893794
0.0017439163529816954
0.00198255635020026
0.0020965613675645537
0.003582979435976441
0.004233178702861495
0.004002530470803787
0.003725457815125492
0.003875966337861161
0.0037814035344596597
0.004085808282076245
0.0039202332317661605
0.004090478603027174
0.0035041244454187604
0.0006918832148587507
0.0008236756671044281
0.0007934355405349404
0.0008182223017847398
0.0007220179208900192
0.0007449519136074336
0.0008031797221482937
0.0007570668565083608
0.0008376524714594305
0.0007723886117605544
0.0032275321779177625
0.003262606075721566
0.0032621649378440174
0.003565069840990677
0.0026280339925056286
0.0033008195625838996
0.003871797517975351
0.003496500973541568
0.003226445901327796
0.0029339048498956575
0.002411005507529809
0.0025314279838209858
0.002543417339840856
0.0022546726191813886
0.0024463915607121282
0.002724233673772115
0.0026126987614938603
0.00204706686479633
0.0026611920028384874
0.0023379262918623673
0.00423569914505708
0.002664203468568128
0.0028644865444239277
0.003838149493342211
0.0028897262980509715
0.0035217546128023516
0.003058216704901102
0.003463370495042318
0.0032968478319505045
0.002982934837896923
0.0019081581595404096
0.0019955458902276447
0.0020336482697389
0.0021644274873197406
0.002440329242839227
0.001963392531481501
0.001965033719044962
0.0019571689469777293
0.0025078555650089635
0.002228225736784288
0.002098971975685594
0.0017553400087412078
0.00211033386723236
0.0017579077024478555
0.0017451386188965224
0.0018738455930695963
0.0018297042628836902
0.0019393952080407981
0.0018928687119498808
0.001882459514412657
0.0027805539423343354
0.0025823207660186213
0.002335145853387983
0.0027098915731385005
0.0025418528354732703
0.0026553996252097474
0.002687518251686347
0.0026850036492274037
0.0025782294138051646
0.002488284823061576
0.0027387673550746676
0.003817502182545408
0.003484634394861839
0.0033194024870907344
0.003463818072368302
0.0036808279764753123
0.003641720957725768
0.003840986206238596
0.003738041338477234
0.004317361046284551
0.0014042982637656968
0.0012962528990660682
0.0013751099946807202
0.0012466417769913035
0.0015151281875298123
0.0014700604921420752
0.0012601075725525502
0.0012091949498904257
0.0013097547564733972
0.001482000585916364
0.003071659158236143
0.0029455255623523327
0.0031009598431869854
0.002930118553507793
0.003081301991023345
0.0031012509629753126
0.002898364239411178
0.003171199567971669
0.0030518662961265632
0.003527195191968911
0.0036181724715761126
0.004027913026405586
0.003312120885000182
0.0040835762699718385
0.00396311601215384
0.003527528557660724
0.003906529525731163
0.003509071534818388
0.003575783558175634
0.003451486784095011
0.0008895101396204784
0.0009501399003151594
0.000886370160977723
0.0009716200885641861
0.0010499545521977297
0.0008474724034997609
0.0010285559420435627
0.0008824213030888386
0.0009230434750168179
0.0008084889653473776
0.0015435378776213747
0.001447944905926206
0.0014213761448341553
0.001693541521132381
0.0013024582800372259
0.0017108340787419097
0.0015079950383306508
0.001995693664867535
0.001596785433943886
0.0019034116310203512
0.003254583351462486
0.0021157661362851605
0.0024330066056108403
0.002491532036469511
0.0020559183664632433
0.0025504275839084204
0.002806775975173804
0.0020326629241824556
0.002053276596471015
0.0025602918419001474
0.003672591538083128
0.0031338288036966244
0.0031245648822052345
0.0038065501303385482
0.003003158136899969
0.002985487791518595
0.004023394430936137
0.0030774469110318703
0.003716231277495373
0.004264476190860086
0.0020454540992891454
0.0017251699194495544
0.001853193026654221
0.001736710328325677
0.0019978759680051006
0.001577310927531748
0.0017207711615516885
0.0020116928312031903
0.0014162032779625772
0.0018664899801141292
0.0035390979852481397
0.004373295516954596
0.003985114340784341
0.0038738233288368373
0.003926645820875646
0.004119066057894537
0.0042529458520910775
0.004090548888526636
0.0038477002895162516
0.004110162564698807
0.004000695616941554
0.004336807495049379
0.0032457131972187
0.0034017138900562945
0.003420790456470682
0.004601390609462659
0.0037741735858092475
0.003464034324704006
0.003874353551497828
0.004430813497651667
0.0037225404787515123
0.0034632788360363493
0.0038121537517716696
0.0039005117335330296
0.003985913707694744
0.003937293699530187
0.004539883451853577
0.0038843889431543575
0.003963071544249317
0.0038789326715714147
0.0007798767006659418
0.0009120580636927573
0.0005801185741409171
0.0007671177198166461
0.0009004940849746689
0.0008975199300515324
0.0007128753925115892
0.0007944069678079579
0.0008858692412645207
0.0008418910227831442
0.0026022278396669
0.002363150060908054
0.0035295603822635595
0.0024412352546523634
0.0028882339915173587
0.0027707400823111833
0.0029207331526928835
0.0028856087702282497
0.0034795723090526192
0.002708118752731337
0.0031159200445243043
0.0029590375787421205
0.003346524043042589
0.0032777400873518926
0.0033033437767241557
0.0026497844535249135
0.0033638646864625806
0.0036674991286558957
0.0030472525255381914
0.0035153917829279006
0.004043293721405378
0.0035981927061474748
0.004282107718289421
0.004024449912456897
0.003383689019844844
0.004064416320815469
0.002833654858138324
0.004016654673455336
0.004012276521013582
0.004268788646803151
0.003533409499205728
0.0033304552504026413
0.0037328157276484207
0.003684542785253846
0.003961711573418755
0.004137728011890981
0.003205973224635809
0.0036150515472885367
0.0033431995925525134
0.003905616770042542
0.003027143694766865
0.0030928266166823713
0.003375696513434705
0.0032894514296692968
0.00333423143883745
0.0029069312529562295
0.003791087812119546
0.0032397430489386385
0.0029348054231465633
0.0028522570866454087
0.0010053916356972665
0.000959679209804075
0.000716694782800182
0.000853748859607357
0.0009286184191077315
0.0009544221314091466
0.0009143959347584555
0.0010075200410381777
0.0009221297117367745
0.000927509115017326
0.0007457134833094779
0.00082254997688837
0.0006540549237678755
0.0008213376785060928
0.0008312858554546534
0.0007296126052150349
0.0006159647752886635
0.000681283112113052
0.000696790846910315
0.0007540568276704891
0.002261513301191742
0.002433769938340004
0.0025440196435739105
0.0023161352901166173
0.0025596075485467868
0.002444177822730791
0.0023658885819333115
0.0025722707873886454
0.001927670411687598
0.002569187163948339
0.0029161599439261436
0.0028403734755402623
0.00247699431706567
0.00251613135575161
0.0032192884008196494
0.0028641054490898105
0.0030435940777093795
0.0026844013012213095
0.00308685281765661
0.0028493516749632554
0.001629002838287267
0.001584650997368547
0.0017718955647026634
0.002033723522606917
0.0014441040605645116
0.0012268676708232919
0.0016112007853357254
0.0018519496848848475
0.0016386842095816164
0.0017660709540330212
0.003598728785994167
0.0030203032537730306
0.0025083383896109973
0.002429599044581056
0.002953840466199854
0.0027710743498816763
0.0027253359825697146
0.002892849970695666
0.0029678082865421777
0.0031831257237403842
0.00121193278624778
0.0011026321920089115
0.0013724031377762703
0.001145259666038513
0.000893876126578419
0.0011251357597446912
0.0011145075363563962
0.0012176668790781374
0.0011338827444761427
0.0011700789081961196
0.002092640092153958
0.002051875481561499
0.0019417575241883571
0.0026412526988704318
0.00253643692571247
0.0027022714895722976
0.0024455734953822495
0.002172157028799157
0.002314817785760146
0.0022339617087768094
0.003806869010373144
0.00384863681065867
0.0036979980556072203
0.004501026793305552
0.004002281466162413
0.003567403946353151
0.003866638669912607
0.005251104911533552
0.0035724397549319487
0.003761471640161755
0.0017262350242255376
0.0023312009313902044
0.00228460411317129
0.0021135477593835997
0.002265315041731458
0.0022112028660360833
0.0020869031167756805
0.001973695006022836
0.0021982820355830783
0.0020924933066536573
0.001430242013117672
0.0014641327205209451
0.0014623792842032974
0.00117430663343028
0.0014169405767123673
0.0013787326290580337
0.0012889635854872337
0.0016769289316611038
0.0013429822046193707
0.0013796354739364575
0.000494230502180206
0.0004711382899332238
0.00047762608776941634
0.0004511556869903497
0.0005470120068471616
0.00048755920276334885
0.0004206876788824789
0.0004866374691029602
0.0005412177362032709
0.00043559757356730896
0.0031240859317205774
0.002915029094952667
0.003018391270770456
0.003303521258737635
0.004096026859254568
0.0032319617864690993
0.0036409398495308425
0.003112213648556848
0.0033001535617192446
0.0032120736056885893
9.064106661121213e-05
8.876338193533425e-05
0.00010343200226848555
0.00010868867927528129
0.00010503557625382553
9.588113214386809e-05
9.558803148790578e-05
0.00011206508885966311
9.82192704465309e-05
9.305281913912425e-05
0.0012418375377402791
0.0010969708768884489
0.0011392543804867332
0.0013084387677576284
0.0012456096410174736
0.001448401816390746
0.0011117383815394536
0.0012604161201543295
0.0012239421015655728
0.001151131089445101
8.480780756758238e-05
9.666424962936095e-05
9.461216110565766e-05
0.00010522224689206127
0.00011168451168155503
7.799346536525227e-05
0.00010126433933331748
0.00011610458874011787
8.747173950475191e-05
0.00010155746901065027
0.0008976433866637746
0.0008889041261951313
0.0009215651831168555
0.000928719688145623
0.0010418963179267
0.000796353256361026
0.0009999098369015244
0.0007915032335428189
0.000829771589262792
0.0008121817006976452
0.0034063849902528725
0.004015570326110304
0.004061071743274317
0.004481535277086017
0.0041732328471946085
0.003970683472299434
0.004163002552997545
0.003965635287833937
0.0041134490500832925
0.0038920638210906714
0.00019888481544479817
0.00021784150982674872
0.00018336268759219698
0.00020811491127480932
0.0001767428536279089
0.00019960196070522128
0.000209007898830085
0.00021735658851314494
0.00022313040001998685
0.0002178341010010584
0.0006822324974130778
0.0007705031045423234
0.000885203450280195
0.0007475967561701125
0.0006533227031459387
0.0008136602720699746
0.0007710838574003722
0.0007365559640828512
0.0009021204628835963
0.0007169758499418454
0.0020513292047454794
0.0018469651457912913
0.0022971005115744276
0.002386025583396258
0.0019138647392764432
0.002121127305930105
0.001850695867275493
0.0021356140600379972
0.0018268330860482913
0.0024266217780426758
0.003783393060875186
0.0034320200679133273
0.003548696776374836
0.0030451003772287866
0.003569052998186181
0.0033298434252255643
0.003256067539529184
0.002687330616368376
0.002967964371612858
0.003853745376675939
0.004376457174804966
0.003558324679004245
0.003052138469339874
0.0035508268708288357
0.0036456023812824812
0.0036541037100405963
0.0037180043372362537
0.0035759859966290252
0.002917327587234569
0.0032423700943950647
0.0022030192198397545
0.0019287276191122741
0.0017067731572733883
0.0019684352958254368
0.0019196024644400666
0.0020014461287050428
0.0019298054370345242
0.0019567657711343097
0.0016908125051827295
0.002246188536553525
0.00322283698016922
0.0035688834877792438
0.00319056629846841
0.003455277739796666
0.003492993553503236
0.003876534548547414
0.0031698255719770207
0.003141383766897799
0.0035437680142254907
0.0034879916261729813
0.001585442571455148
0.0017255214024225315
0.0015984461506776083
0.0014920261523849176
0.0015275852607141054
0.0016268224830363613
0.001591973589462312
0.001528214045946795
0.0017787933387088271
0.0013692983611533118
0.001449440346328853
0.0014774715988580625
0.0019028383942544197
0.0016546280723215396
0.0015891917728347049
0.0016960550808506492
0.001523103625553723
0.0017587893682624897
0.0014838628893786361
0.00148951576528862
0.004088218406165106
0.003326015207197762
0.002987134848350361
0.003325798012025235
0.0035665385113813194
0.0030212003814766887
0.003665036007459405
0.0034696676499212376
0.0035944702250530784
0.003554871835507372
0.0027836796517634508
0.0031013143904337734
0.0033488461603036713
0.002871191846972994
0.0038348749063906225
0.003977148904151888
0.0036110932641861436
0.003999650152965375
0.0029932167548168856
0.00354009527988118
0.0007140498719895045
0.0006664783153963071
0.0005428820748238953
0.0005700561196066412
0.0004542957281728889
0.0005848837866125171
0.0005382449576309265
0.0006077450117855306
0.0006137579645323126
0.0005710876921656889
0.0028492898753590674
0.002712021116318721
0.0024212537705829294
0.00196763547374441
0.0031255952892955898
0.0027399792023512196
0.0028298947126574156
0.0030043079346244845
0.0023716875111357647
0.0027434080017597006
0.001904786449108221
0.0016847846835619225
0.002140134498773826
0.0023292228856356574
0.0016281654837046917
0.0020585651415792688
0.0020990590730434024
0.0019142287798954158
0.0019142013598171974
0.0022011497739610076
0.0015762320330205022
0.0020303341810645756
0.0019759034797665093
0.0021429364758720213
0.0020816475333808233
0.0018092386391886535
0.002294454414583147
0.002024344683675849
0.0016864698003732034
0.001918759242623776
0.0011729550010896384
0.001168059646810004
0.0010446947882392654
0.0013253690814914363
0.0011170046402953107
0.0011824874308234321
0.0008780529774574024
0.0012628986783071907
0.001131700994851644
0.001086056542363928
0.0016688575223046036
0.0019303505480892354
0.0019214867680997616
0.0017494440498150602
0.001620670175122121
0.0018370268578505045
0.0015967868475309354
0.0018631416179836053
0.0019128427786107229
0.0018820106021518802
0.002012131219597456
0.0017851062497659296
0.0016175668529605724
0.0018963203865670708
0.0019914862337932215
0.0015077423200835572
0.002028745855113458
0.0016094708080489938
0.0016695875378629219
0.001376800583947237
0.0007863403214567233
0.0009495848285867766
0.000903671353786839
0.0008232232836556466
0.0007671535403343172
0.0007705870758196444
0.0007854057600585191
0.0009392217159935626
0.0007560466504957475
0.0009364667175852077
0.0032578312645808742
0.003516028680456147
0.003330833934877592
0.003464776504723981
0.003327846968226971
0.003607477859157221
0.0031738341535271332
0.0034974962233617966
0.0034801542896007714
0.003361911790125758
0.002028234011234566
0.002305809468479178
0.0020540620272709105
0.0026296469521113297
0.0019168859054209952
0.00211482010927651
0.002592972864531859
0.0021582078583389877
0.00236808343877106
0.0019938853842582684
0.0012073166546496266
0.0015141219952313715
0.0012368515305221344
0.0013897902539287794
0.001356240028908952
0.0010872181179367583
0.0014314909635134944
0.0011772661219951654
0.0013636064812905882
0.0014784868391841861
0.001854330935414045
0.001975924448794213
0.0019783612027993603
0.001953581178629794
0.001790464673255957
0.0021330847327547396
0.00206010519768105
0.0020629009517565675
0.0018611496770111105
0.0020040444042102637
0.001653682327898509
0.0021529443618222995
0.0019571434749354696
0.0018201813757429686
0.001823448460949845
0.0019930933465177564
0.001937325344087166
0.001884508435557639
0.0016811668041131359
0.0018397054027293963
0.00010203226784794134
0.00011632143348750295
0.00011130836042795826
9.910522839220934e-05
8.91730025148156e-05
0.0001143198825940529
9.191148968926022e-05
8.590445517419076e-05
9.616727312032787e-05
8.920410901192481e-05
0.0016193969182839796
0.0016929163190315911
0.0014744288242513528
0.0017352650870868357
0.0016542889326332181
0.0018485329239052888
0.001879866885114296
0.001937761524841057
0.0012655354838734933
0.0015353735169853773
0.0023671413539792787
0.0025642229208518936
0.0025629430637044816
0.00270503966236018
0.0023639466686182545
0.002660069042247643
0.0023592086468564016
0.002390916650061155
0.002556671239978903
0.002270592460089769
0.0022607591436865746
0.0026187628960817164
0.0025901671340099013
0.002578116889334486
0.002514303406488182
0.0023333007914481296
0.0024551378967457246
0.0022280921653973843
0.002726738356024688
0.0033452653596999873
0.003603601445683085
0.00276181393165397
0.0026270124237688843
0.0030876584686865822
0.002962485668276972
0.00308092127899434
0.0031914513544205577
0.0028054214725033613
0.0028780342355835945
0.0031925503672810425
0.0011362666470780144
0.0015605875101921945
0.0013467738651280565
0.00148021380745861
0.001396850166996948
0.0014073126028621298
0.0014646194938345764
0.0014576974828600696
0.001595934727637075
0.0015966399971305632
0.002530328445755832
0.002587918456871338
0.003080562614583929
0.002442894852930983
0.0025586614444717336
0.003126420576886251
0.003196967186577775
0.002565149680727969
0.0026883116789454724
0.0024394203058413803
0.0019228678908542165
0.0021317886465435274
0.0021628679758099486
0.001996894471237858
0.0021393504010838033
0.0022699502651023586
0.002131864711728814
0.0022146831623280276
0.0022813068853151097
0.0021443428032977413
0.001489242963251586
0.001296774844905676
0.001471834401933195
0.0017130719507558031
0.001341962238383863
0.0017541284322593192
0.0015578349250994362
0.0014746219004564587
0.0018281861282921253
0.0018378790511784171
0.0022944163564972446
0.002089076914181939
0.0018168050731191255
0.002152754579697789
0.002117135949285326
0.0020523348114917473
0.0020937267736515657
0.0022834842827109078
0.002111974489892658
0.0021834423693529435
0.003165474079986719
0.003575350760690359
0.00356170052233555
0.0033801437654302647
0.003755898942254384
0.00310880479527255
0.0040898466097588565
0.003676862692860104
0.003806872747926937
0.0032223732436483022
0.003034866990296218
0.003698492944599126
0.0030864557786666664
0.0034100093136522403
0.0034974903823768782
0.003414586278003566
0.003614002080501206
0.0033076423423063083
0.004145971618434191
0.0031201246322821253
0.00046111446279123946
0.0004299207143309873
0.0003646702734740765
0.0004450437858543623
0.0003673257274961413
0.0004527471434612578
0.00032620306888668277
0.0003784086556107968
0.00039934726711622046
0.0003854220835193539
0.0024276567479182805
0.0022108329053288265
0.002317107512613962
0.0023973582216668676
0.002285433663327661
0.002838113031282017
0.00215104295470061
0.0022031526756389496
0.00263661865489948
0.002361937928745893
0.0021943999361452413
0.0015918942710000912
0.0021193618934603627
0.001988725695280605
0.0022158439404565042
0.0018493040258137205
0.0019325857536279334
0.002271011281954033
0.0018885151797740044
0.002547278607379074
0.0020663540292571695
0.002134712367226044
0.0017517035381863233
0.002078279082515567
0.0021499342785343653
0.0019242467357418194
0.0020487461785011914
0.0018992487198142114
0.0016019077464734458
0.0022437270579725725
0.002400110279532594
0.002631361915803373
0.0025893854819426486
0.0025059970601657515
0.0027455938708764705
0.0023840424940054466
0.0020152267044014622
0.002743355951141286
0.0028111230571370785
0.0023350039125574337
0.000770668110836728
0.0007734089885061942
0.0006185254767993121
0.0008146911766664904
0.0008248508443146237
0.0009363323569788332
0.0007793887621358823
0.0006851744091333701
0.0006396595306931329
0.0007605226266260991
0.0021412652874823095
0.0019916291725412673
0.002123054232831683
0.0023923859578699512
0.002333532754393195
0.0021603210948673937
0.002252967752697077
0.002384325763912305
0.0019597731431380628
0.002319000902016417
0.0008164628325278825
0.0007472005233044613
0.0010784174742764822
0.0009169017376683133
0.0007246221003077135
0.0007507304787427799
0.000824289463509845
0.0009620228762603604
0.0008746409131691246
0.0009188502912078954
0.0015116330213617586
0.0012295331010143274
0.0014180865759292139
0.0012636757896679904
0.0011922564232898507
0.001176403520850063
0.001294676548339196
0.0014198620729717567
0.0011850851373271744
0.0012953656918006894
0.0012587226920999157
0.0011893712235274715
0.0013845582304383515
0.0014522959219504113
0.0011184155399440075
0.0011329507903416773
0.0011789689136097016
0.0014583306320468887
0.001091150198826754
0.001343136237629811
0.004174174258054816
0.004034528420751089
0.003919799052198909
0.003744202873761948
0.003952277591049749
0.003687313490833774
0.0038205627960907333
0.0037081027765557256
0.0033241478163857155
0.004003229482788147
0.0022058386990072357
0.002343285169221203
0.0021176023340516176
0.0020816840108941435
0.0022032728859249107
0.002167598247669114
0.002466916394137105
0.002372437580784284
0.002298846546955377
0.0021586570878974953
0.002383457003774781
0.0024500448704238838
0.0024049596024747566
0.0021593734272515584
0.0024479796235476158
0.002236931005878384
0.0025435077991161187
0.0021394035220472793
0.0020599403597660612
0.0021628570508047825
0.0017248504834907377
0.0012226921020705673
0.0012721650725510344
0.0016964515360437605
0.0013402219254068579
0.0011751632360672525
0.0016366867365028193
0.0015779101575951475
0.0014766938086442222
0.0012883415012325476
0.000986820122177423
0.0011775462569340867
0.0010429294879918747
0.0010736569796409579
0.0010266805808223577
0.0010323021942720855
0.001224880472316158
0.001361424050807599
0.0013123087183083432
0.0012173509690562292
0.0018987365134218383
0.0022393983818414526
0.0019185935563576146
0.00220474621272987
0.00231457950895337
0.001976595893244618
0.0022683941855879677
0.0021820374194649623
0.0018644349553417717
0.0023430357432730267
0.0008124678629899212
0.0010520078377305646
0.0010723709853053965
0.000954234534985109
0.0011854933704585427
0.0009868022111918047
0.0010947782492805888
0.0010606499263715761
0.0010130479646404571
0.0010289879447765173
0.0014959802880864712
0.0014840589508470269
0.001596152936079336
0.0016008520978694413
0.0014987296780422641
0.001778927057650035
0.0016523763336436523
0.0016339120577893744
0.0015672186212390814
0.0015242954872770234
0.002221470774477141
0.0017192279424176433
0.002073928020855438
0.00226525931156301
0.0023492350288916667
0.002182339288346749
0.0022771863089966777
0.001868513674712065
0.0018244899061368844
0.0022405868101626615
0.0034235579052595603
0.0028599309445759783
0.002915617554960419
0.0034180342353498307
0.003402534233496927
0.0033893322666802526
0.003423905857872902
0.0029765341515083235
0.0036158416684543395
0.0031031142909398574
0.0004705041299367695
0.0005117749866844012
0.00046179117148207883
0.0004767241254776521
0.000568562150192781
0.0005960040175574744
0.0004682705026290173
0.00048210365419745457
0.0005205901670209347
0.00044696056297877096
0.0007865391974047903
0.0007338675732741133
0.000692644791546393
0.0007992590936530963
0.0008246689220496423
0.0007736114195215135
0.0009001357560598435
0.0006821511217145493
0.0008652238783002939
0.0008347443069374861
0.0022729596837177245
0.0025723172246662814
0.0025841164949475938
0.0024346350475018845
0.0027046880227095055
0.00282640132782707
0.0021689702939791263
0.002568724589113476
0.002492684810047773
0.003008403946634097
0.0028551935647630616
0.003091684138164997
0.0028990154780070324
0.003176436355212787
0.0029595806843313137
0.002748101544614152
0.002978204545433846
0.002862770282543005
0.003355399999796295
0.003245303608508555
0.0031481541691340672
0.00357925980932251
0.0027815329268219826
0.0029660672534317723
0.003598349600457068
0.0033218192869185394
0.0031668425237093667
0.0034317139670798687
0.003301713297373872
0.003258205647927209
0.0018602684768326816
0.0013258859547619285
0.0015689691659869626
0.0017117169528460168
0.0016734818538410908
0.0015699210084558666
0.0015278275714982728
0.0016079556882289867
0.0018763746923411108
0.0016934494715236995
0.0010127527567773847
0.0007639481747513834
0.0007976911362211633
0.0012161106942485214
0.0009313892411632305
0.0011380673853372903
0.0009328111397701096
0.0009536952738339833
0.000908594070177113
0.0010506881653246803
0.001319186878173037
0.0013883703472297425
0.0014292736647408806
0.001654572748443967
0.0017095257588971885
0.001751787307984344
0.0015021742291478387
0.0016429690563914102
0.0014245812394132035
0.0015102569918316433
0.0009478461399829144
0.0009527866032592187
0.0008308530494366227
0.000749291803817942
0.0006957739806750896
0.0008700597288589018
0.0008475841060317284
0.0007072903367694431
0.0007891020502965718
0.0008446779050174448
0.002344694428768993
0.0018671387084053651
0.0017009302281609565
0.002171273787066211
0.001871445194467714
0.0024469663427394415
0.0016331557055133618
0.0020368210785630027
0.0020870599458008895
0.002183428557231773
0.000969835554197807
0.0008969727102800602
0.0008427345976977786
0.0010730327671834028
0.0009777958943681928
0.0010040880844383914
0.0010683742518030194
0.0009878494255102358
0.0008645368231496303
0.0009937593158824206
0.0014518899282080164
0.0014047038486499506
0.0015127879309345847
0.0018000004773854438
0.0014151032399630872
0.001426989800276879
0.001607304869701959
0.0017542216949695045
0.0013924488070381766
0.0015910388353304874
0.0009817513207359633
0.0010180363214583516
0.0009666574363137535
0.0009714440711166218
0.00096144675923776
0.0009971371304068244
0.0011974058844596656
0.001253003166302188
0.00096148467745363
0.0009870377572638747
0.002334760686980659
0.002043007396580692
0.0016819523820915828
0.0019320417992144659
0.0017900348119442016
0.002034317451518302
0.001694326161962217
0.0018231110592033548
0.0021595687549374127
0.0015692712481096631
0.0012932145775397413
0.001244219082824969
0.0013169112936628209
0.001142415801818257
0.0013552663755080573
0.0010446951039351305
0.0011386110343938774
0.0012873925892471867
0.0014520241095702464
0.0012320759941555918
0.0035063000961921566
0.0033279454580685346
0.0038900690930517906
0.0031787879014704484
0.003578017092058977
0.003600633244836207
0.0034201280181972607
0.0031034415572275265
0.0037173304209719444
0.003267642264477805
0.002821274919900063
0.002426433089985022
0.002543314566587849
0.0029458882129159733
0.002807910791371965
0.0025578958382505516
0.002753369276560098
0.0029403343638380835
0.0028003794071120736
0.002375195903418889
0.0023431928098134394
0.0033352881667638853
0.003371136608595028
0.0032032018060053342
0.003259399111860459
0.0030795329536312675
0.0034317772781478437
0.0035566462327378517
0.0031746092084983615
0.002977590129162193
0.0002305209003745605
0.00019014209902518535
0.0002195638524093298
0.000208964081699371
0.00021386041183003724
0.00018416956495023626
0.00020133363523256993
0.0001980624515223598
0.0002454922386559354
0.00023711749798080336
0.0018506774489001237
0.002114723815165425
0.002269538991300365
0.0017373945457588703
0.00217180024317298
0.0016909061623740444
0.0018391904242625085
0.0018432172846482107
0.0019466915988210817
0.0018262471878635973
0.003345770556808991
0.002594295730874293
0.0023305487476863677
0.0033111455181014937
0.0031091562327317346
0.0032756374205604537
0.003296208663120292
0.003313257570857898
0.003534639003410227
0.0031728068318473083
0.0031760873675723755
0.0025437306075983776
0.0034358844201082114
0.0027254386200833637
0.0027945204769837108
0.00271136448008262
0.0027699276406300964
0.0026390724686661663
0.003188872231643176
0.002877239672955893
0.002244734879588542
0.0017200333806694894
0.0019737489104768454
0.0022658637019097863
0.001911326850463393
0.0022217509507197098
0.0021871020050602714
0.0018579583315563872
0.002320689989104514
0.0026328521578304525
0.0030850310387355397
0.003057635680577951
0.0035904778280800805
0.0032316554463364022
0.0030842770691803527
0.0030919475244196573
0.0037486509068637526
0.004016117592230253
0.003383106929540508
0.00339048518014985
0.0021974914213472615
0.002148481257429061
0.00197154928390749
0.0022570589232245534
0.0024037173174761284
0.0022268042131537292
0.0027653075827749765
0.002411731732015509
0.002140046487300144
0.002244480537486092
0.0013920328569772629
0.0011162157985790903
0.0013711418633108711
0.0012152199864372635
0.0012558545853191
0.0010520751894527675
0.001127939343621961
0.0012290758896423783
0.001204543971749171
0.0012477245303048577
0.002077711696816735
0.0021797500199396648
0.0024083573989448796
0.0027643704401855
0.0027648298327948477
0.002210733463449873
0.002309712654788316
0.002514182298435884
0.001978844948370995
0.0023002293346743737
0.0012346090895207307
0.001525701014204561
0.0013105475437777984
0.0010897639680032259
0.001093819404123612
0.0010210525703789734
0.001285969089168637
0.001125043773564338
0.0013707714811984797
0.0011915738710417936
0.0021230194763354024
0.0018728642573544408
0.002126191131833718
0.001972519742761401
0.0023039768979016707
0.0020555580990076336
0.0018120795211153235
0.0017219264232900197
0.0022148372748111394
0.002095510064089404
0.0024860618790986293
0.002839076299531614
0.002623313040920557
0.0027404239439130355
0.002708575149363867
0.002556527299524311
0.0029352863893729792
0.002641474527296555
0.0031623635420648544
0.0027836290760569838
0.0019667588170360914
0.0025260583054450402
0.002762814378909537
0.0027212891821274212
0.0023095594587467213
0.0029104569602954344
0.002858210587565322
0.002667924431611615
0.003040139299728252
0.0026320342419491596
0.0008383420490788778
0.0008595657700102945
0.0008160409792385216
0.000877055313670702
0.00098240274748673
0.000980659439931922
0.0009077767007894088
0.0008859215788292036
0.0008986681554556872
0.0009987870256481244
0.0012987938563371985
0.0013957734955489835
0.0016328259139627502
0.0015244045743317892
0.001146278199104813
0.001148134642022061
0.0013338647776972917
0.001398352323825027
0.0014626514817151603
0.0017106795638505967
0.0038498244596893868
0.0029995180475485238
0.003370525791932618
0.003483700792697079
0.003613158733222685
0.004391703320016555
0.003304551515871246
0.003798651848467554
0.0038561060515657575
0.003210498313044354
0.0009601747436882792
0.0008699137616825128
0.0011388072973328631
0.0009754193610183911
0.0011255618387489327
0.0009040112344813531
0.0008439527613716054
0.0012322295358176626
0.000915585853429154
0.0009987474478363166
0.002742827024024565
0.0028325687724013297
0.002348376105056276
0.0024321100060520004
0.002963327510218286
0.003042892038450799
0.0026650906919878006
0.0032784362476157465
0.0023542259038702253
0.0026093203873652398
0.0006504608373432358
0.0005493687245488628
0.0007519480263406678
0.0007243379427975567
0.000733271016368417
0.0006528224749214476
0.0007761429157449545
0.0006262441761643745
0.0007298489032205105
0.000709879254960071
0.0012988319369384592
0.001008443342679943
0.0011625441171673996
0.0013525095218493433
0.0009780064849245612
0.0009240800841068853
0.0009717852245524058
0.0010809422443198685
0.0010489929440144932
0.0011664101487092293
0.0016698881966530166
0.002114624027870356
0.0019212260279961352
0.001621679096934492
0.0019005077131688229
0.0019114230740060844
0.001708555403135825
0.0018933217895102101
0.0017309667645200807
0.0017724264137857198
9.870857064457469e-05
8.690701355776109e-05
0.00011405798983596249
9.892552039038377e-05
0.00013122748247489926
0.00010187464791131826
0.00011281892886479765
8.75326197003955e-05
0.00011492035934167961
9.336012802939838e-05
0.002097967121487558
0.0023274706201633
0.002003884098631537
0.00191302799216128
0.0021370003692764952
0.0017546186776338005
0.0018844068955001687
0.0020426146525950356
0.002237701324024632
0.0019137815130856738
0.0027921564783339493
0.0030018307068592977
0.0034782064396914774
0.0026330834117593988
0.003347687458699877
0.002634047010741967
0.0023128647918976755
0.002756500006448467
0.0026588288461810864
0.0026539232196350613
0.003925219738869668
0.0037610106543289417
0.00444201773620637
0.0038410736434084545
0.004252059903827303
0.004241034552948941
0.0042720029771339905
0.0035150628809539515
0.004412488168625333
0.004164536698056946
9.513377513989765e-05
0.00010609159914589648
0.00010885877129274402
9.766147425065502e-05
0.00011434583181227035
0.00010210555368156307
8.054506416909251e-05
0.00010673360948542332
0.00010731156657563401
9.31247910559809e-05
0.0013845932000431424
0.0016905343185462
0.0015434831456149184
0.0013182525331351014
0.0016108293200056843
0.0014411069028502027
0.0015757581968521646
0.0014677518230006566
0.0014799932396946617
0.0015094230989951645
0.002694864575097464
0.0026975055495428667
0.0025560115596890156
0.0022684765726801205
0.002332120496708149
0.002705479688681562
0.0028430979735709866
0.002215464067421627
0.002501752185911815
0.0024562075906653584
0.0037136082553189845
0.0038634022832849282
0.00274261150376016
0.003610353856967871
0.003814393804914078
0.0039002414769752866
0.00358552184056986
0.0039402735579052986
0.003955528379065228
0.003016013722484632
0.0013801458399728996
0.0012071898523823546
0.0011589157681472198
0.0012541843913173652
0.0011176887331756067
0.0011905988190046922
0.0012487446430156136
0.0013759383699872788
0.0012136723273924266
0.001184841992404904
0.003381183035887311
0.0037487933325997787
0.003435818084634703
0.0032610249742519035
0.0027550807515729497
0.003921451846455938
0.0033891988853311655
0.0036711238039091204
0.0026767570272645475
0.002846513115301059
0.0012299770637933265
0.0010167784048382184
0.001480871126424078
0.001260274969325517
0.001294086196836024
0.0013653987091106028
0.0010931151664666508
0.0013236687848809344
0.001270534988395602
0.0012420865868738773
0.0011407850261903496
0.0008070514487166567
0.0008876898264177068
0.0008885736745508844
0.0008766831967397588
0.0007741781212321211
0.0008212950605043675
0.000963670053928962
0.0007544624819425297
0.0008964609524418084
0.003997160392439127
0.004122223180058732
0.003795580387515821
0.003943616123215872
0.003542602228008511
0.004272258718138737
0.0034072241319348094
0.0039746372957025385
0.003756124249028321
0.0038725473967399764
0.00038534529450516016
0.00039948547551207556
0.00040605193676505755
0.00039698495543887577
0.00038204159162339097
0.0003165581564447354
0.0003406303356160377
0.0004119113864864133
0.0004141736188655646
0.0004212873694367341
0.002199055285923479
0.0018840861891421077
0.0019529657323198257
0.002207721452453865
0.002118641280924248
0.0020002408444008022
0.002346712995957254
0.0020475024536971433
0.0023485220761804743
0.0020151356328658135
0.0024280832660096016
0.001981930802769471
0.0024873741162518464
0.0029509321283372222
0.002865729188735134
0.0028498406946209425
0.00273324585015411
0.002478901167172988
0.0024766447165827563
0.002015369972724349
0.00020040114081025685
0.0002084998094760195
0.00018379716257156995
0.00021084301179032805
0.00019698293218751065
0.00022775945893279502
0.00017258762380273078
0.00020100466466545295
0.0002060897505611949
0.0002154189665020444
0.003390737984594908
0.0032453745746500885
0.0028930359830523153
0.0032341616996431925
0.0032832758618248155
0.003000308028960864
0.0032716498374190627
0.0028564098885313087
0.0030653192372495277
0.002874977037518714
0.0009840419327201589
0.0008493851440616829
0.0008487250549346121
0.0008456633822545367
0.000755410110604865
0.0007777141498980456
0.0008041708298079633
0.000845932459381971
0.0009293702693924672
0.0008687928494953672
0.0007746162758537274
0.0008691490199448808
0.000861235915880545
0.0008262677770031246
0.0009511860844238924
0.0006716753822894814
0.0007680609618595564
0.0008269662224318842
0.0007623881259328925
0.0007767465506459423
0.002262437894895878
0.0026543985983049027
0.002404935653535155
0.0018706708027480664
0.0020698813804882893
0.0023481919232696213
0.0024125145477251566
0.002385829105964903
0.002633994792212482
0.0023178037248929137
0.0023560541772452786
0.002044259148965776
0.0025980192195052348
0.0024678527988238864
0.0022879438997294743
0.0021356678121997688
0.0028149999603562332
0.0027116689741765896
0.00227466031431721
0.0022845047168035615
0.0013443854971810453
0.0010142148950858275
0.0011222781707883847
0.001197287912619707
0.00123913067433991
0.0011684891810454707
0.0013502192825819604
0.001225957223602934
0.0010590524582180583
0.0011617671752682625
0.003744335000714939
0.00213668628860903
0.0035016835767675523
0.003664613952657234
0.003586032862518293
0.0031972573218119905
0.003945438322459907
0.00371847654748293
0.0036591838794761025
0.0037577489622668044
0.0018529277927645629
0.0017895454404855719
0.0020104099165184014
0.0017762331447166804
0.00156556101739872
0.0016382069497504748
0.0019738081687136395
0.0018161968303852334
0.0020108805716360294
0.001969109536739216
0.002841589734210177
0.0029363115130992784
0.00242815525729503
0.002661205309042766
0.0028965549316000727
0.0029473512411009217
0.003282914581404737
0.003008683990521193
0.00309932224893244
0.0028178959134887234
0.0025705324422557766
0.0022569963362628733
0.002223156009412363
0.0022622710869967862
0.0025326983695935228
0.0020839521526111416
0.002043869236265185
0.0021007472890021365
0.0021993124433545763
0.0024465016117598964
0.002194186807679726
0.002745807923604241
0.0021131019976650387
0.0025489172050643
0.002238843169444088
0.0029409113361697587
0.0029232925216048393
0.00234153967342075
0.0024770180017532595
0.0021128003131037055
0.003284717090628276
0.004089461532555672
0.004114196909174202
0.003514383658666004
0.003503154342619125
0.0027168252819020785
0.0037844736018491525
0.0036794974577792376
0.0033329320487235255
0.003953267040167975
0.00019186715787069785
0.00021725528435223424
0.00024106201666360214
0.00021210181604578527
0.00022260653137482563
0.00020432943871918492
0.0002007929018280278
0.0002066928082562412
0.00021938850930959867
0.00019475827272721777
0.0025482685837645287
0.0031763089762877244
0.0028084330874363654
0.0031577538926834165
0.00294848080382111
0.002549322536518109
0.0034750404555965154
0.0025552438432062162
0.0032915440422178572
0.00299664999927887
0.00032710939078027957
0.0003348593406105698
0.0003274489586869172
0.00036213644691317453
0.00025738371141927665
0.0002808287499180395
0.0003344742773057724
0.00029114823058747075
0.00031441349635812034
0.00026006911640392473
0.0026783652012333727
0.0031004820058036947
0.002720171268509685
0.002723364001924255
0.0029134425765789656
0.0028355842483997118
0.0028699589284402667
0.0027094279050257604
0.0024732138620545217
0.0020338320487463158
0.0013712193401098232
0.001531721588821314
0.0012499485029200386
0.0012118498737577453
0.0012269679767163805
0.0013563095582622327
0.0012832350866065485
0.0013201309702001527
0.0014915264766565553
0.0014934697457599734
0.0015069915039582246
0.0014383905999149848
0.0017165793319698882
0.0017917014058356259
0.001804363519906973
0.0017210287571810836
0.001647361323087944
0.0019753454042028672
0.0016628637804492513
0.0018570123824474128
0.002019644633183103
0.002162316380978547
0.0018777137112014923
0.0020324995431807986
0.002194267780982954
0.0018199289160962034
0.002013343393153966
0.0020523487204093414
0.002033338778968849
0.001887616515730284
0.0002918542956965971
0.0002851656920129219
0.00030606717394628016
0.00029411623515154166
0.0002782458398902973
0.0003031396427250424
0.00031517390590747975
0.00031837897685078626
0.0003159168545210474
0.00028365644170651595
0.0035474697953331467
0.003421015894331997
0.004295557685304788
0.0029256093044921334
0.0033037380587164224
0.0027520240648109314
0.0031133665757361747
0.003278316661785611
0.003385803290629115
0.004282832941604835
0.0035524493888901415
0.0032962949014645883
0.0034602608102489397
0.002817160923401126
0.0026810789665843455
0.0032771911630261647
0.0029759237860785483
0.0030252711415472127
0.0030064478584715883
0.0033988632435824452
0.0005545149286344633
0.0006650355820376789
0.0005040369885815321
0.000562642083730914
0.000654883128840901
0.0004954909542997031
0.0004904392452291166
0.0005872175782435763
0.0005458708208816562
0.0006152073980213347
0.0021835627757738098
0.0025320543445913517
0.0024899941688365196
0.002352205564077312
0.0022120634551014984
0.0022660939764184507
0.002492259258779199
0.002491603920711307
0.0018483662802516042
0.002751504142420758
0.0041250697745952155
0.004243972699601157
0.003992288062408952
0.003609954271671059
0.0043108998003321426
0.0036020778782496934
0.0044245766382597735
0.004369930361131525
0.00372000099875589
0.004191805082074814
0.0019898119745183815
0.002390908952318476
0.002029295442362556
0.0019458619720956467
0.001957481108014762
0.0019985986759128165
0.002232541760702173
0.00203547990740846
0.0018927734975575266
0.002396697068523671
0.0018412396215376143
0.002060589149078672
0.0017222509944527014
0.0016627700906703359
0.001914828763717721
0.001624771447203184
0.0019930380462248962
0.0019044656261118903
0.0020349754243569446
0.0020006793238151735
0.0014379610701930696
0.0010196042248978674
0.0012751267012445072
0.0012276186191408133
0.0014156180657849313
0.0012577511035055692
0.0010182962475849848
0.0011863500593814486
0.0010240141253806132
0.001281338192392973
0.0020337560195065347
0.002211854826426583
0.002263578898596395
0.0022583145677472533
0.00222865107371667
0.001992131244636513
0.0024412044240941116
0.0025474562087248152
0.001839132718463656
0.002291981546314903
0.00239359248448698
0.0024105798538573793
0.00238367170521673
0.0022061413418212406
0.002313440775417597
0.0019817128971895484
0.0020477309992233354
0.00224258044261054
0.0023256248058055465
0.0023016347499654165
0.0036643663218682786
0.0029402175808716222
0.0038229508628617975
0.004414436481351327
0.004007283909441135
0.003877511575188383
0.003269210000357387
0.003763607281480691
0.003458623930191473
0.0035218817581539525
0.0031545357883165145
0.003326632682415826
0.003299767495101349
0.0029734849646363
0.0028283917978034565
0.0027710910917659827
0.0031505619184896503
0.002613818388315336
0.0031487878255244133
0.00358871104754629
0.0008246290648955728
0.0007525234528212564
0.000800101309954197
0.0008315453325638985
0.000640025891578956
0.0006712861213328548
0.0007078796702633381
0.00071616157018719
0.0009357046004994716
0.0007555534459224484
0.0015395097720722684
0.0017670677788698369
0.0018942034216295881
0.0019383955449864911
0.001646627685736036
0.0016482397979730777
0.0015344517597336233
0.0015591504110991502
0.0016387665425675962
0.001736660961492176
0.003054122036026755
0.002392477390456927
0.0027090033437347297
0.00274167353536311
0.00258984524801747
0.0025463191859606514
0.002585948972294098
0.0025280439560811433
0.002129347056839311
0.0025594904709906195
0.0026187591762308034
0.0027145404311508274
0.0026272372258937292
0.00261250147846431
0.002314163306188334
0.0028300078733491476
0.002764160786215264
0.0020721334024513785
0.0025330336893510798
0.0024482673101391176
0.0013994464184444685
0.0013233769660211216
0.001561786689290827
0.0013922079329158935
0.001231097378535891
0.0014755072212785522
0.0012495847530610473
0.001228035024265409
0.0015311801987936584
0.0011804693316139466
0.0022425419105091106
0.0024623812541443315
0.0023592231961030133
0.0024035858102984657
0.0022556577469916195
0.0026186293375188483
0.0025782004887222832
0.0023280037203229718
0.0027215119382702976
0.0025186029406888246
0.0025044461443432518
0.0019931225455393437
0.002304129428694312
0.0022671645207601623
0.0024248541700618
0.0028425937867208474
0.0024028166069849943
0.00232830176056627
0.0022959116281001304
0.0024543240193983322
0.002143943815182537
0.002288647092369794
0.0023989654100247952
0.002159226911043719
0.0022193168513283353
0.0017056610060147016
0.002546464693550031
0.0019999455464476874
0.002233101452054365
0.0023429723892636504
0.0005853735766662416
0.0005993039447216044
0.0005694618167335284
0.0005955160586420499
0.0006850142891881512
0.0006513682038241349
0.0006916230937189995
0.0005883718314097078
0.0005934302676777682
0.0006628361503562554
0.0020889160046644213
0.0021412368726992786
0.0023081023346634426
0.002095854742155645
0.002207691673468504
0.002348084473792801
0.002092175696455621
0.0018796453870001436
0.002022177410929378
0.0023299820243457546
0.003801072196302484
0.0034192197870590705
0.004321165428894506
0.004131632019940963
0.0037471768049849885
0.0036436833086270683
0.004265542449034331
0.003830150514553069
0.0039044450715155464
0.004639418887387396
0.0025502991323542675
0.002298257745305447
0.002422618609627939
0.00232205355557255
0.0023230416819301084
0.002331515373649955
0.002420965098774051
0.002912435364673344
0.0022806150985135616
0.002237686842681519
0.0014359855782587986
0.001489880707632739
0.0017697350575966823
0.0016009351692811411
0.0016230977123609228
0.0016230405897720787
0.0016958842894273672
0.0015232175908977247
0.0018523875494778162
0.0016730400298399122
0.002728932519157247
0.003146560161925211
0.003276149573303659
0.003508356432162421
0.0038623651702595846
0.002719697235930987
0.00355147894266554
0.0031235752546941212
0.0028797288466829523
0.002999119636555568
0.0005974522565777949
0.0006034450433838106
0.0004074392270127566
0.0005344231452486224
0.0004313011134536304
0.0005532897823937779
0.00048169516324791896
0.0005217165560606662
0.0005359582504366839
0.0005030142026769219
0.0004082948205694026
0.0004005839024308948
0.0003641530737733812
0.00038738324099093157
0.0003323719672113902
0.00037610789339649793
0.00035140260882138584
0.0004124331224525467
0.00027487084844090095
0.0004058794512893931
0.0027027417253880407
0.0023468465115787994
0.0023128894444886844
0.0021381197813053533
0.002295987590606574
0.0026070928545889513
0.002410218886412332
0.002311613533466537
0.003038534905864275
0.002843348489779263
0.0010033254009749512
0.0010123416525044879
0.001062979315484263
0.0010489380799199993
0.000996554429742307
0.0007713635869680496
0.000911179800728528
0.0009057789034789588
0.0011296036605835526
0.000854712457024185
0.00397534761464963
0.003844943168114945
0.003255966539406579
0.003712535696216494
0.003714922179938663
0.003971377680870929
0.0037200787529088936
0.0037785062429339577
0.0034522177118820993
0.0037125994759140252
0.0040634263875442955
0.0036309751401443144
0.0035571504662199544
0.003292488809591803
0.002828026831126114
0.0031336718579976024
0.003941296658116808
0.003573386081156707
0.0034736861608703645
0.003313270418809794
0.001249130071870082
0.0012284137388933302
0.0013658561617460711
0.0011377961818096315
0.0011863994094275607
0.0015394690813563677
0.001182422311973109
0.0011650729554026772
0.0013554688275285009
0.001256181176860059
0.0038425292279867375
0.003519260330720521
0.0031938618029344217
0.003448981715145
0.0036242133721750914
0.0029310479369015993
0.003555306601053774
0.0034958586778530035
0.0033711148285297055
0.0033943236387487066
0.0032216486530217536
0.002897164747060213
0.0033532843125216945
0.0032949319390535928
0.002636062077132653
0.002860187766541663
0.0031481862282081133
0.0025900553263579562
0.0031263584541315194
0.0029989734379971497
0.002296049108029003
0.0020751017911450646
0.002459615264506028
0.00225989742989609
0.002221254689562649
0.0020105470709987187
0.002287031655660004
0.0020504461751737753
0.002248202589588339
0.0022370367987147267
0.004056921998290018
0.003889970282525873
0.0038418405300476733
0.0033996700565173225
0.003997793236173428
0.0037152601591941507
0.0034875703008992315
0.004180675753874226
0.004033589981115929
0.004270730473689881
0.0036567857708624738
0.0037670945286965647
0.0031673112326360115
0.002855088312545884
0.0027962660823121262
0.003328132259189132
0.0031704167776814805
0.002918313933549235
0.0028143262685648186
0.002382025225609306
0.0031740486676453054
0.003219267008866782
0.0037693908011364203
0.0032303670284737625
0.0033614669591166876
0.00403820686804292
0.0035922791339272273
0.003073179234334725
0.003933089677499594
0.0029921105123608257
0.003619438680071283
0.003204202286994497
0.0033431849009989585
0.003678427579822868
0.0026564842544315004
0.0037979356562983548
0.003058501995385588
0.0030268184885580886
0.002815378140011786
0.0036199239946556622
0.000679516547353191
0.0006986771830324815
0.0006351816287013578
0.0008379942471043899
0.0006841974792122941
0.0007000992959757156
0.00075014067060756
0.0007038907461889945
0.0006223934814857085
0.0006539734558168624
9.372395888483519e-05
0.00010100188354977682
0.00010635114369999941
0.00010508062719988506
9.964821797422445e-05
0.00011846108985585877
9.338584369212048e-05
9.444227791740228e-05
8.629066149953332e-05
8.916399035799609e-05
0.0013668152062982226
0.0014219844831410964
0.0011353962127188925
0.0010736643436544495
0.0013510159197523926
0.0011012882787927532
0.0010290105910014192
0.0014304257300727674
0.001163292121116612
0.0013391989918759093
0.0008988377577338764
0.0008610933001105808
0.0009424177115334581
0.0008123094952416978
0.000917875248565095
0.0009276110419917082
0.0008918485079875318
0.0010286654517957195
0.0008395885177217423
0.0010998870569645274
0.0031498386561703523
0.0032097528262952906
0.0033959918761399914
0.003338385323163762
0.0038195998558498943
0.0033446470730621133
0.002546969988978008
0.0031534707404595095
0.003145484446873611
0.0036124316821164837
0.0018256686740918465
0.00182572838799002
0.0020640724837967662
0.0019158773473832997
0.0019874452593884855
0.0019007183680155371
0.001789035193062325
0.0014519856382156867
0.0017116523301998654
0.0018218369487485548
0.0011963228182225861
0.0011120774696958345
0.0012787516173865803
0.0012006038744336702
0.0012124475215779527
0.001091404890164903
0.001221120724180905
0.0013439066295852188
0.0012250705299035331
0.0011835102264413462
0.002101864806216391
0.0019060812612914906
0.0015501903548656264
0.0019603036908136693
0.0019987343351621518
0.0019465914220401148
0.0015835856877330857
0.0019003244574611316
0.0017839424115240726
0.0015941552655282336
0.003162934496759448
0.0031453271588475153
0.0026913224841360883
0.0035082228685672477
0.003059269008567655
0.0029119724944379898
0.0027024974055329352
0.0032112592976925227
0.003264869652172207
0.003110001956805809
0.002044473722246111
0.0019222532510826235
0.0016665037637405107
0.0017601138333296711
0.0020060360745634068
0.0020611042730205274
0.0017867910691516562
0.0018456357333499207
0.0017743422525676447
0.0018413587117993616
0.0023896375180693557
0.0023866309076859835
0.0019728515179736027
0.0025717305825501834
0.002571355624487814
0.002175720713098059
0.0021483015331644623
0.002468196385832881
0.00222518959513817
0.002066656353147197
0.002873988353574047
0.003879340209620924
0.0037823233014030195
0.00359402860372076
0.0033677064665874157
0.0030598766483062043
0.00276101956845167
0.0029171776830540035
0.003633876751256811
0.003334681162439772
0.0008419348557080702
0.0008431719217902408
0.0009130671071926678
0.000628557211847357
0.0008917415488146553
0.0007799668504822903
0.0007322257921399981
0.0008186298549379115
0.0008112146616353893
0.0007997368870684832
0.0030415335664505014
0.00257462519412482
0.0032841505847241263
0.0027845688828826987
0.002790067194011582
0.0029838421222809367
0.003323408829614853
0.0026653980628068693
0.0030270739784171593
0.0029039474677231506
0.00332802494521625
0.003323960905677987
0.00297383753966623
0.0037483155613157893
0.0025111196506424835
0.0034134070582994237
0.0031668501638821745
0.0035858187725791774
0.0032959283547153127
0.0030512329149870675
0.0014977277396682842
0.0015494782753240138
0.001411616588224547
0.0013949531801050082
0.0014585890855329257
0.0014044187946032187
0.0017252394066295685
0.0015706887331066708
0.0015222491065696902
0.001469280714192103
0.0023521578779708233
0.0025659202265373216
0.0025917312717201684
0.0025358371773680334
0.0027624303191954515
0.0026648217915324745
0.002773468647350633
0.0021241128880405634
0.002537800141167142
0.0024380937834289486
9.280425576188377e-05
0.00010801032606370835
0.00010459484962078907
0.00010783713313451442
8.387566015430853e-05
9.679295821401019e-05
0.00010057316296534146
0.00011196120998424749
0.00010768770910501744
0.00011335494463551164
0.002552694106651396
0.0027782083187269397
0.0027321877185524455
0.002314909997399163
0.002629116712841728
0.002919701043827945
0.002481896804706378
0.0027602870634064096
0.0025290436293784416
0.0031015863839263815
0.0032500648134265258
0.003451027479028462
0.003527018253808115
0.004044859764662616
0.0035723523052252795
0.003663732854032691
0.003730056070231059
0.003546113748460283
0.002966823614317087
0.0027363274811457814
0.0030472537880869956
0.0029708056820411904
0.002569436545174667
0.0032871389802794676
0.0031392581519032376
0.002560067786965249
0.0032414053681363033
0.0030009598179448534
0.0031175571237386525
0.0028263298209888136
0.0012453970752742778
0.0009639068809681815
0.001083175227357977
0.001117901141887682
0.001276278233242308
0.000943188099018819
0.0012277269180256732
0.0011237670817905935
0.001085237799578216
0.0010709467610699529
0.0007900676320886705
0.0010248818309710709
0.0010692116342603474
0.000816914365527652
0.0010026156475510277
0.0009755694863057816
0.0009497649543663503
0.0009366584904744733
0.0007910197698606874
0.0007841038982225892
0.0010005709758848628
0.0012552425424113257
0.001496988638119428
0.0015547614938117606
0.0010570600860579263
0.0014215958210027644
0.0011143904893554297
0.001480601775284964
0.0012573629248609122
0.0013526375959128768
0.0038819148072465155
0.0031410917521344384
0.00346703857450781
0.0033266588873028845
0.003515746874553122
0.0038561001615476
0.0038367959837305008
0.003290090048395839
0.003950377733651056
0.0036094726075409467
0.0039277434735243795
0.003586081124964936
0.0035706983989003747
0.003948597424067198
0.0037081992550379336
0.0036518165338486367
0.004194194055804129
0.00359282889429306
0.004112268926054168
0.0032175975397442554
0.0026341869709782598
0.002444722884787888
0.0027435606141137515
0.0027802879745195967
0.0023877739699183567
0.002623114025075993
0.0023532642737453028
0.0026295890827306785
0.0021358707907901285
0.0023759452466290847
0.0005004185883717392
0.0005081850759654924
0.0005214205911565257
0.0006043503879852146
0.0005987558022102117
0.00041544814446440687
0.0005218596369577245
0.0005573381170274054
0.000477714758866747
0.0004645856331545387
0.0012191225031432393
0.001302103917096739
0.0015434507549124128
0.0013896223400160605
0.001614706916731272
0.0014753117685883253
0.0013983995615553682
0.0017444984161563294
0.001525464584124502
0.0014460885305265319
0.0025212646068989908
0.002016636165852858
0.002779563014216741
0.0025034402919288023
0.002207251750894552
0.002319858358095646
0.0019627528536194727
0.0021472002056671146
0.0021550397974659163
0.002347695387461379
0.00036130667259148987
0.0003567376106447073
0.000269867245762044
0.00032338635835593607
0.0003328760972287313
0.00028066266202313135
0.00029472217247029865
0.0002428870499785872
0.00024882633180045593
0.00035112960341778226
0.003867610815541127
0.004021919762866587
0.0034571641086406325
0.003833015959857327
0.0042553300182401835
0.003722132316497487
0.0038924198518043313
0.003982271528024548
0.004252577338891696
0.003932588239094836
0.0027960489106544036
0.0027650376679607762
0.0027004880164008096
0.002947954279017642
0.002771535567170918
0.0020813316492923556
0.0025578300341914787
0.0028311857457300055
0.0022150504813463227
0.0026888541720460307
0.0022081131891927273
0.0019583384283641658
0.002048367065699699
0.002090187867307328
0.0019103630059289975
0.0022130777556321588
0.002301008124593403
0.0017989791601451088
0.0018257823357793173
0.0019716111013037946
0.004194617464464905
0.0031062030694277323
0.003857524571028429
0.004183314234667262
0.004109926776193383
0.003873601643311479
0.0029910455904810433
0.004839559785422125
0.003987921401590802
0.0038939017115938255
0.001412133077733236
0.001152681057698098
0.0014505589493635116
0.0013746323872469194
0.001484970724897172
0.0013724876580655887
0.0016260601863458477
0.001289672621043307
0.0010736373508349838
0.0013934474441256424
0.0006183690774535179
0.0007756799621367922
0.0006759562318040055
0.0006831997079680778
0.0006747789761875971
0.0006884457013935407
0.0005661526415605051
0.0007427186314025788
0.0006451428807812765
0.0006478029375141739
0.002335024152895019
0.0025380059627737924
0.0023123421438207836
0.0022210434511455673
0.002287929036091293
0.0026375372271208674
0.0024794079644154766
0.0028143373496675316
0.002429867306784901
0.002717737024240234
0.0007073513009318747
0.0006127955392906215
0.0005605626748569656
0.0005319036247168694
0.0006503665484220607
0.0005830274198117244
0.0006319344870856633
0.0006102879152131195
0.0007842264177623576
0.0005986799392244728
0.0028884580312548295
0.0028543325327213824
0.0022888586937919995
0.0028763917481034493
0.0026014883800781407
0.002837721542200922
0.0033014997031233393
0.002984417503528592
0.0027099390086374273
0.003083628163598011
0.0027733454065484754
0.002382249510530973
0.0026251807930372933
0.003226919953108285
0.0031618056952967197
0.002573179315508063
0.002873615856963867
0.00231192512158115
0.0024778399576566154
0.0029749193011536245
0.00017120005236650326
0.00015018009171670427
0.000194899609624116
0.0001938582195265376
0.00022384572268384164
0.00015209926012333443
0.00017436924845892985
0.000212793681402988
0.0002084882460970674
0.00016750040729565107
0.0037213779348606677
0.0032097627863608962
0.004136255005018908
0.0035483487835100453
0.003421687866470236
0.003929635684387679
0.003610459293176907
0.004156551005689464
0.0038334371063507193
0.0035292094149412933
0.003293371834915262
0.004266905942060174
0.0034956713917726192
0.0038107637100667207
0.004035288333978416
0.003372375347536971
0.004002817015933047
0.004000987244632213
0.004221093946947234
0.00291890993836101
0.0016413031349833192
0.0013202656166434405
0.001451090656903086
0.0013669078655978138
0.0015724022601408798
0.001252930109033429
0.0015413435764014053
0.0015056353746032158
0.0014363996146533023
0.0016240151892910337
0.0008787419794679241
0.0010109402837046066
0.001201539073194275
0.0009972289003249387
0.0009887185789660014
0.0010762213656724192
0.0009366262943012944
0.0010479169177178293
0.000911592618942246
0.0009337837737223319
0.00027676793271833543
0.00032553712748120917
0.00034802639388663
0.0003004126150349147
0.00032183556114386404
0.00030113166253306845
0.000297847525417674
0.00028932555406117763
0.0002778299221362154
0.000283294592783185
0.003148530414919784
0.003007099383615101
0.002572583174139378
0.0026702408664677447
0.002993163138595548
0.002908558013122239
0.003208006610828625
0.003091031118746154
0.003048321865629417
0.0025403359362501537
0.003399427980341219
0.003653317629932589
0.0036145912469311633
0.0034368052183133156
0.0036980464893591977
0.0032972947181614145
0.00384260872055925
0.0031214998090070495
0.0029096773159175498
0.0034645622301883667
0.0011005730210737878
0.001003842137147566
0.0007887869432938203
0.0011294732830648643
0.0010786142191086387
0.000903221651421963
0.0009476317802950703
0.0009065808658652138
0.0011091622154321497
0.001040151103302167
0.0038332096291609718
0.003965370405240151
0.003594721415329571
0.003436827385698722
0.003811907098351201
0.004212187150026959
0.003448465556891341
0.0039990286588142444
0.0031101543263810476
0.00403797169637358
0.002342935496424662
0.0019378428497575351
0.0019017003913877543
0.002412915710896337
0.001731119775047835
0.0025055892248416157
0.0019048557720342102
0.0019968180787697278
0.0024125792821003784
0.002433000337751817
0.0014239086083596667
0.0013861014937408234
0.0016024517256202726
0.0014924505423585326
0.0015056693579086164
0.0013288290502207378
0.001277791016288391
0.0013886783552358006
0.001543614563837267
0.0014906552217283657
0.0014633599949409807
0.0015280883101602954
0.0017679632060295185
0.0014122885245109976
0.001358886990652711
0.0017204965951569545
0.0016277943215828783
0.0016553011579077158
0.0015356409780149201
0.0011579264064951664
0.0031033351136731725
0.0033150523601499443
0.00398083459214612
0.0031410025614430894
0.004868035280433299
0.0033156234497523696
0.0034135432819817095
0.003887468362952144
0.004101198319273967
0.004361360671381341
0.0018541190200215267
0.0017002258749339975
0.0018855749188117445
0.0018173322036783791
0.001864674104153021
0.0019330712970301524
0.0019851510936810418
0.0019329660941800357
0.0014200889661801393
0.001722949952983253
0.0023975830193975014
0.0025179854478972526
0.002163699229011382
0.0023872330795104563
0.002245863694633458
0.0022801327143821093
0.002152630734143362
0.0023667590087636807
0.002362373015694905
0.002511344710576594
0.0029696327420344975
0.0026186968753155195
0.0028174866190496016
0.0026447803972604426
0.0022452460606277275
0.002701785448102099
0.0027382778936411497
0.0027195601026130264
0.0026833892407304325
0.0025064551773782123
0.00101943252242155
0.0010260117921726578
0.0009203310446936615
0.001027057132436569
0.0011048197279187064
0.00098965542807136
0.0010992157288869783
0.0010163971483382792
0.001141401118408084
0.000976602988906919
0.0003566971776538519
0.0004316972911267172
0.0003336121942682092
0.0003809057204686945
0.00038062935602144654
0.0004118219564207887
0.00035102330596900225
0.00035400850468486877
0.0004198954921876538
0.00042739924134338513
0.0017124613882787145
0.0019778881857718082
0.001731222877380127
0.0017940124489378892
0.0017169679152913408
0.0017232306194344142
0.0017823392501394397
0.0020276580217213173
0.0017088937452048314
0.001616861528424542
0.0009561824073974031
0.000837125465232893
0.0007973864016976342
0.0009218198380079449
0.0009158748787483276
0.0008785883778136564
0.0008614412837634433
0.0008176427204479125
0.0010108670434771628
0.0009931145938927362
0.00366010783715631
0.003926235453091398
0.003149168757977348
0.003976913458249701
0.0036372969673613385
0.003810332737490744
0.0034090782201109168
0.004169129218542597
0.003232013831652497
0.0029461076103890283
0.0040049000650799966
0.004120019823923989
0.0040215021451409545
0.0036849189403911744
0.004367271047130816
0.0037745388783901887
0.0034893851876781966
0.003543922513028112
0.003531030736430526
0.003697197670365495
0.003193000718759295
0.002725059498086043
0.0032521692392357623
0.0032921274145856047
0.0026657218430016995
0.003462405411586358
0.003216662362175636
0.0033150428459108074
0.0030827882107840915
0.0028136244331557593
0.0038410100497251265
0.0033077396272584957
0.0043570354126859
0.003945995445726562
0.0030947876450543813
0.0036890267928184734
0.004555131057158285
0.004455211569059931
0.004813660787046202
0.003526007417967619
0.0025682996877926054
0.003230632130105995
0.0030247676840763627
0.0024616719243812455
0.003093350509853105
0.003720929468391175
0.003058410945343154
0.0029853611588673435
0.002435190144136062
0.002969081967257408
0.0021541528360684227
0.0024905126831462174
0.002663217841115426
0.002379752581556117
0.002195292243440921
0.002395073443181915
0.0026971554071049094
0.0021130385144518017
0.002357828402716301
0.002263196249641048
0.003857176104036021
0.0035353823054699047
0.003965875006664293
0.004099279207611078
0.0037766424249456045
0.0036596167854507197
0.004177873026181655
0.0036257254641575924
0.004346649087716858
0.0037967845371015153
0.00214463691739074
0.002238261463591923
0.002673094578276093
0.00216056278339102
0.00230698845444747
0.0026016311578291474
0.0022365880174152904
0.002451287316618603
0.002063184958701256
0.0025168116159808352
0.0016516370594268268
0.0022094504052666553
0.0018281129695076807
0.002349278891823428
0.00255000268426657
0.0018650530079902235
0.0023645609911024006
0.001801144864257872
0.002330986164225035
0.002278440818511263
0.0035097193977839283
0.0039766491602448864
0.003462481297563756
0.003589608662549977
0.003576879316930573
0.003388739702439721
0.0028027505084877113
0.004415518446766318
0.0037543715260375085
0.003669581851581144
0.0014924574878909394
0.001337830346520216
0.0014198307248804972
0.0016854032243090473
0.0012018293507055832
0.0014070101721982678
0.0015321771527903765
0.001526395204509923
0.001359543213939597
0.0013712267613378536
0.0031957843872543043
0.003072924418851555
0.002649810306341178
0.0029441273327775693
0.003115650229481344
0.003051797435195765
0.0030404744590206366
0.003336446953672632
0.0027830639744777083
0.0030969959235016445
0.0022685673650468512
0.0018176396833609612
0.0025300937945643242
0.0020549713799463956
0.001994587730798606
0.0022403635955990722
0.0023549218786892197
0.002251026429253876
0.0018921206921553048
0.0020302628306750198
0.001973215782958479
0.0019852935992735994
0.0015716322226258803
0.0018410892075357637
0.0017991456216096405
0.0018058857062623484
0.0018544552651952432
0.0017020870663146098
0.0019488005247692544
0.0016920184704325044
0.0027314840481967124
0.003090499546416658
0.0026196793510065933
0.0028618541948604984
0.003303495922875287
0.0032555390191686675
0.002661226560565765
0.003060825092734594
0.00332735239947402
0.0028780574395164426
0.0005528948827960366
0.0006648737413909677
0.0007796014468491472
0.000741952132101412
0.0006814693248506353
0.0005842839878282842
0.000699122542287815
0.0006400740303671607
0.0007396877700669093
0.0006324522185649546
0.0007952667267192585
0.0007679401201371352
0.0010230148074121602
0.0009397401736313462
0.0009464276976801545
0.0008127854448555559
0.0008263235998614114
0.0008975446029010154
0.0008834958380084026
0.0008501092087910681
0.0017607336043141937
0.0016343003246637095
0.0016303153888208653
0.0018451163054386732
0.0017391285318984864
0.001792342720082591
0.001647194262374906
0.001985451185932373
0.001613158734981564
0.0018326546294363244
0.002248195097068286
0.0022718341111193025
0.0024804081533664406
0.0023896969844265947
0.0020149160468651995
0.0020402781380970147
0.0024451175090969453
0.00242010115678235
0.002025624264813346
0.002454444223390096
0.0028035643120146157
0.002455778263807983
0.0028481087753386017
0.0030101648157451278
0.0031048616915042545
0.0029343167705173567
0.0027186468590615193
0.0022594613448885096
0.002972807834275555
0.002176231008267928
0.0015426303055463824
0.0014209747369140575
0.0012295759737344482
0.001569744908730993
0.0012978759084696235
0.001567548569487856
0.001574716318347988
0.001446884791504858
0.0014368590433624362
0.0017377745422477054
0.0020122065936845636
0.0020306987258070647
0.002135125945178368
0.0024283318160497032
0.0020223654844790857
0.0018883962723929945
0.0019131564268505632
0.0019206144742304587
0.0016521308630846013
0.001787446365294089
0.000901068589075781
0.0009085262956560066
0.0010731628199153864
0.001050520451150748
0.0009248042327151605
0.0008549255252291253
0.0009992895396737761
0.0010451999330604754
0.0009807391388518148
0.0009962674477958266
0.003419627678817721
0.0033249280380895987
0.0032102172856182053
0.0026623284624156525
0.003687048085263414
0.002801830354257596
0.0030007743721947857
0.0026259163560267795
0.003197827587738229
0.003348622569101606
0.0035908691320927118
0.0035507139716133883
0.004779387687619943
0.003983627497955182
0.003698321123182381
0.003895509645487007
0.004169965727729307
0.003731810803205825
0.0033197101388309715
0.004675626364129635
0.0012997157606029139
0.0012875559347114976
0.0008677554216031257
0.0011133093292639705
0.0011227811639274907
0.001040172171085522
0.00112122156051865
0.0013249173005962863
0.0011280551837994685
0.0011565211884786168
0.0005754710032513789
0.0005139246481374333
0.0006719321607398925
0.000545566162415287
0.000547449101969938
0.0004992509643897711
0.0005389505880010969
0.0005721127039782217
0.0005923383116350265
0.0005211148619141618
0.0025233893161785556
0.0022425244599430204
0.0023829327157410822
0.0021113503596476087
0.0025415652182677237
0.002386526597008535
0.0025372822220512564
0.0027080623566083065
0.0025968876221237717
0.002564103327629578
0.00312810077938909
0.0029117597951212495
0.002644751450063613
0.0026306339104627922
0.0030869402334225676
0.0029463014145120064
0.0029837388092513644
0.0030478699513223862
0.003171837913690438
0.002842629841383901
0.0023505250711707264
0.002817530609434993
0.00241023774191588
0.0022169882553537057
0.0022587047545554006
0.0026854927391235846
0.002588270983320022
0.0026429135355330153
0.0025060895560594697
0.002314549542606518
0.002198749372347097
0.0021323187102913086
0.002176365670694613
0.002116837525405907
0.001958820630387535
0.002483931716085379
0.0023029352730273107
0.002036674112015909
0.0020309687588981893
0.0025879583731998612
0.00030579428477364436
0.00032267789282022135
0.00027255872291995713
0.0002830519918300426
0.00035429882437532166
0.0002773703139885999
0.0002735098975260377
0.0003016824441152747
0.0003074982991369644
0.0003448474457242798
0.00028284816391465457
0.0002912334541767788
0.0002990076874679845
0.00033544028057644944
0.00027993795679396276
0.0002935519437216994
0.0003544629303605909
0.0002797567994801256
0.00026949094040762476
0.0002954623918325287
0.0004258443860604204
0.0003691952824640677
0.0004452713710526609
0.0004030245453207414
0.0003403289136189345
0.0004424018480630919
0.00038578039109142786
0.000365829907465444
0.00035309080018149314
0.00036896461558460277
0.0004867721166537003
0.0005605024515305677
0.00048383959160551145
0.0004871378600306872
0.0004997123928439528
0.0005276727407755781
0.0004938932758767311
0.0005806222303473741
0.0004893508574464444
0.0005294612958888272
0.0006905698159019358
0.0007254528155710265
0.0007031827491815424
0.0007700034727106008
0.000686724458122258
0.0006486037278533567
0.000711009670231268
0.0007142999268675532
0.0006807408345088363
0.0007621004011922372
0.003505785466985778
0.003612112452227687
0.0031441565366782938
0.003591677651815415
0.004116006494964682
0.0037473882961521275
0.004429169210596242
0.0038076261177991608
0.0034631695434509426
0.00451464538947471
0.0022541221539527775
0.0021667835873533455
0.002172465533382206
0.0023340640086719263
0.001962031252058286
0.0022204412758235867
0.002277042846759956
0.0022747900630412862
0.0021781905863256746
0.002256416302025275
0.002103038206560925
0.002489818290254252
0.0023425381594924734
0.00202347368206153
0.0020162283057295768
0.0022875509997684466
0.0024229205848921476
0.0024528737794005033
0.0024434154882858727
0.0021024209440803376
0.0010126889123876375
0.0010201670957523793
0.0012071363148684845
0.0012903241605085442
0.0013230480536364406
0.0012062732283353828
0.001167243304804917
0.0010564825716345254
0.001192245248043711
0.0012989449268162798
0.0037772348679437355
0.0036473611943950665
0.003558199728401254
0.0037551012895500513
0.0035846221792018274
0.0032020940814967503
0.003331018161363987
0.003017618827055135
0.0043047242715382105
0.003328886645229924
0.003285051252889352
0.003292028845040472
0.0034952574041344857
0.00295843530820038
0.0032634559589843674
0.003809407164095272
0.0028506834041301214
0.0035761187941092455
0.0038449809142119262
0.0038467461500160693
0.0038420998351301667
0.003777235508991505
0.003648790985102754
0.0038289789057948326
0.003749580659700884
0.003717879635081922
0.0037305715141811506
0.004092209956214926
0.0035482707193741072
0.0038467954820917134
0.0020293166175285276
0.001919625920601347
0.001663196797746868
0.0020115428894530002
0.0017221840378033569
0.0018478934742317678
0.001677362068221805
0.00187265563253984
0.0015807511731722164
0.001573038661486478
0.003308375470496979
0.0028632158199266688
0.003332867359510767
0.003110135887896279
0.003473134729534928
0.0033802006793427776
0.002984670196808195
0.0030724865723721277
0.0030851867293482825
0.003584954418719728
0.00020121087732561817
0.00017212509017957596
0.0001894116096908379
0.00019803605596010066
0.00020705667491570113
0.00022351364298366804
0.00020250457853617353
0.00020421433501113746
0.00015156156720379005
0.0002252857267556404
0.00195569826627573
0.002285943883369175
0.002369214551220437
0.002291016880904735
0.0026338674355659507
0.0027001200828106094
0.0022493743617884314
0.002901065539160895
0.002044653940262371
0.002343008832873442
0.0010773658882344385
0.00116391050508538
0.0011040796221579866
0.0009791440702403994
0.001088466539496115
0.0012311675958892995
0.0011587245085842317
0.0011721721387477166
0.001112163071779346
0.0012526622809331852
0.0006310498380821202
0.000637218358051867
0.0007229924299498713
0.0006519462840720109
0.0007450881225341784
0.0006901004733625351
0.0007136093961135927
0.0007987831972821826
0.0006656401844118577
0.0007788798586650062
0.003759922258966863
0.003757467669885351
0.004634608859358093
0.004010811967809604
0.0033171738937278253
0.0035196990173494425
0.0037250612373361776
0.003943943004112402
0.003906157344867065
0.003008092310186304
0.0004595825853417257
