0.0
0.0
0.0
0.0
0.0
0.0
0.0
0.0
0.0
0.0006782234793131078
0.0008054473723825205
0.0007729057681772836
0.0007541088940688096
0.0007337659075700066
0.0006622577352798356
0.0006447424493504651
0.0007287200039852608
0.0006807543857126603
0.0006109451575275767
0.00017616882366034876
0.00019498321580067255
0.00020643884203953646
0.0002057496116178537
0.00018746988285470243
0.00020673744052098161
0.0001963128286765523
0.00020141326634871127
0.00022449830509963542
0.00019243034973379563
0.0003237041324598053
0.0003183446482667608
0.0003063489930159126
0.0002457919560795265
0.0003451033212186754
0.0002777347918313416
0.0003191995383258681
0.00030563824254106796
0.00026120290914733905
0.0003177596459199982
0.00010125762228943437
0.00011310197965584775
9.062729856194684e-05
0.00010170884810121672
0.00010761347105936046
8.15778820420101e-05
9.126799023600067e-05
9.719836730730945e-05
0.00011358212349870068
9.18315381567227e-05
0.00011031203542127732
0.000110731694905458
8.4877794936155e-05
9.802895143765302e-05
0.00010125586769023321
9.70553375087951e-05
0.00010247433491013566
0.00012560582734836532
0.00011388203046063016
8.954262696483082e-05
0.0003964263646252917
0.00036589998423232557
0.00035838787631262473
0.00037401515533576774
0.0003290472424825993
0.0003821188863882474
0.0004187671223975413
0.00039029860382939135
0.00041361037581408685
0.0003450247440534977
0.0
0.0
0.0
0.0
0.0
0.0
0.0
0.0
0.0
0.0
0.00018192808484881174
0.0002444803398343858
0.0001873169556165068
0.0001806217602343791
0.00016244991600118544
0.00016527309011104548
0.0002111201074980675
0.0002034546521423126
0.0001674104050106395
0.000146667503341702
0.00011384738110353225
0.00012069423452944989
0.00011905407931326578
9.551213039533043e-05
0.00010533296979929041
8.735805563728314e-05
0.00010545251615812514
0.00010067757236597632
0.00011053255168352901
0.00010169853791725725
0.0005059719421057258
0.0005398741040012739
0.000560664280471189
0.0005001851499663311
0.00045651251050218703
0.0005275824333148888
0.000519413768632872
0.000604737773197389
0.000409843481061823
0.0005086744978396075
0.0007326155802266151
0.0006281927383038449
0.0007410928611549797
0.0006060114273024016
0.0006062935692837334
0.000680002393228407
0.0008534367796018464
0.000708256255323517
0.0007708267714074226
0.000596114463997501
0.00031200696339572234
0.00030322406642740453
0.00027686048149430653
0.0003596221065008926
0.0002574892137320862
0.0003015271453366544
0.0002654450901766607
0.00032152347905070166
0.0002816126269756646
0.0002645148381533735
0.0
0.0
0.0
0.0
0.0
0.0
0.0
0.0
0.0
0.0
0.0
0.0
0.0
0.0
0.0
0.0
0.0
0.0
0.0
0.0
0.00018452036715428823
0.0002069554609405434
0.00018342393887659783
0.0001881963991747491
0.00018005754899557555
0.00016667179335396942
0.00019724726670287702
0.00015557570017377874
0.00020728545505699163
0.0002129411530444439
0.00010225276426574231
0.00010041865665686545
0.00010223342569042747
0.00010548489866266808
8.802971294627388e-05
9.448142588069703e-05
9.035138471214436e-05
9.790792727598763e-05
0.00011145733151202725
0.0001036838584278487
0.00020133851855467735
0.00021681433658080426
0.00022485039967309688
0.00014779605898116582
0.00018866545940342228
0.0001872596518527351
0.0002110296197282192
0.00019940840192564322
0.0002101459479043895
0.00018307463871232907
9.902343918375332e-05
0.00010373107628434253
0.00010314602597779071
0.0001221126272022159
0.00010527787674230314
0.00010269516460719289
0.00010469284978209083
0.00010137888663124106
9.212676646174423e-05
9.216399696894287e-05
0.000271899576834322
0.0003127256276889197
0.0002948266942249075
0.000327817031061745
0.0003244829354503155
0.0002953035934233928
0.00030963165757044183
0.00031079504379657823
0.0002735009869484635
0.00031244129099632057
0.0003383901959916487
0.00038714269804615646
0.0004036045979776946
0.00039356926946260146
0.00047055782142523526
0.00043928554831155537
0.00043534606442888505
0.00035543782279332165
0.00040474067109226255
0.0004635418474988997
0.00028718355987086033
0.00025272636863854937
0.0002833103218070806
0.00030416299853333427
0.0003122756681650897
0.00035474660902863446
0.0003060015702296765
0.00029341679966571034
0.0003151396967548156
0.0003367333613052604
0.0
0.0
0.0
0.0
0.0
0.0
0.0
0.0
0.0
0.0
0.0005507048911296831
0.0004775443562529337
0.0005126558692616503
0.0004303434101095996
0.0004679077131739113
0.0004222249012342626
0.0005322223395263387
0.00042019056036902963
0.00047058671119646673
0.0004336045354476466
0.0003654412937988784
0.00042060300948375875
0.0003765839246601033
0.00036010924636871867
0.00039322151950638785
0.00028169940935782607
0.0004167336152619089
0.000383260192951585
0.0003762991766281305
0.0003779540412679835
0.0
0.0
0.0
0.0
0.0
0.0
0.0
0.0
0.0
0.0
0.00010121177344188431
0.00010586177139630451
0.00010207157956140965
0.00010366176712148838
9.412472330704082e-05
0.00011134808902163536
9.714985288655786e-05
9.773041204540802e-05
0.0001064489342215778
9.80433614739163e-05
0.001995465951428629
0.0021118130541268134
0.001932591398670536
0.0014264122502786066
0.0020881948592907183
0.0020865649964389374
0.0019314525346668685
0.0021332214903598628
0.001702998363932162
0.001905718291618895
0.0009733695239462507
0.0009375955664087266
0.0007896890848309098
0.0009933414219110799
0.0010592834120259774
0.0009502582088037792
0.000840894659107378
0.000999548683823963
0.0009746743883270847
0.001003267899162264
0.0028570027886205625
0.003059949334183527
0.0033653467546569775
0.004006209680435106
0.0034571584527595596
0.0031927293872544425
0.0038584258976403873
0.0033975825674263413
0.0034701956871522727
0.0028697273462788353
0.002933941639346587
0.0029196818186880084
0.003006716761506237
0.0030536549238061087
0.002634848774249396
0.0029683704030277597
0.0026345550670678936
0.003064337360616156
0.0028980668326646186
0.002771617083065289
0.003576523084225861
0.0038581041369842085
0.0029539920207346955
0.003721172589973737
0.003509416589634702
0.004172031625659545
0.004422522412585056
0.0032187664563656003
0.003745214658613273
0.0041223448489649825
0.0006628403320781979
0.0007585732954944215
0.0009154064635730631
0.0009414782981803025
0.0009482250194131822
0.0007556933514353749
0.0007107872079679874
0.0007998834268522912
0.0007849948470169911
0.0009752323833708397
0.0019101968149156452
0.001786651222914681
0.001946388268972559
0.001586638119760591
0.001922848676225334
0.001615337534056882
0.001891904329715331
0.0015904101482567584
0.002248408847731087
0.0018466588269007347
0.00406335524884696
0.0037135217945764684
0.0037015406238681374
0.004033387322136779
0.003265120372652349
0.0035022661232785575
0.003703771845649938
0.0035581425046974915
0.003448234583320199
0.003620067408199358
0.0023235557756585033
0.0020819871650480403
0.0019256544318864133
0.002371908083672257
0.0021243487865074593
0.002390309931960125
0.0021279473452975625
0.0019604716295819192
0.002399780002581035
0.0022245365462499945
0.0033163543188612964
0.0035785964885670005
0.0031262915128782444
0.003351644630293805
0.0036675299580207097
0.0035107465963814663
0.003648671518474213
0.0028742378795834442
0.0031306830911809165
0.0037715764026617
0.0005575533606751726
0.0005763133189534893
0.0005879425324698055
0.0005548436090046174
0.000683227355337592
0.0005819325161971258
0.0005757293148791167
0.0005513430684594108
0.0005511718758064409
0.0007012965005970384
0.001967181373360826
0.002462237790765471
0.0018838926095889308
0.002205026678600349
0.0016147441330574303
0.001993700885339
0.0021085341970629415
0.0022127446052675483
0.002300215296677642
0.002065780335435502
0.0016285781239429933
0.0013617716362148789
0.0017520253477514205
0.0019894320645202144
0.0017090430229918978
0.0014785335940088744
0.0018333750271448497
0.0020765963637343556
0.0017411304683606964
0.0018427623328043047
0.0004430270127679506
0.00036282695942032656
0.0003213587232923507
0.00041071673051675846
0.0004788761653545387
0.00043941474119348425
0.00036408509597507657
0.00039404950978905124
0.0004048810542727972
0.0003425468828551806
0.00366073299313948
0.00321818204929474
0.0038102258785769295
0.003973185719225262
0.004077361675072578
0.003962644746007724
0.0035152908524455104
0.0033462014687549954
0.003622599697858474
0.003944632440425662
0.0032734072715518638
0.0032756454994140017
0.0036511542264441913
0.003309783153146648
0.003913666320815537
0.0036468210489895925
0.003392638044906914
0.0034890651433983648
0.003083094791158522
0.003288628546515899
0.001411533005276421
0.0016692498558391062
0.001406742870254242
0.0017901093308061622
0.0016380571889489767
0.0016475720889553194
0.0015207325597151114
0.0014525662038882058
0.0017968760734632856
0.0015280555986044073
0.0003505805995391892
0.0004188154854035768
0.00042375031161239786
0.0004227351654443202
0.00037221014269504864
0.00040261444219197187
0.00046340349777939424
0.00041144766174862005
0.0003337290449720535
0.0003984369593080376
0.0015913484859207034
0.0016329086238358805
0.001483116418314041
0.001337576800823158
0.001361986220404992
0.0016110734495159292
0.0014956454138699688
0.0015538126186751275
0.0015150641352046645
0.0015241718427462356
0.0041206932557914565
0.0034189679497502986
0.004799028460284273
0.004455457932053423
0.004023742655603995
0.0038268981098467133
0.003908680957691795
0.004107195143496124
0.0033619362276148534
0.004174707160445164
0.003049971122740588
0.0035375897701718857
0.00342059200193017
0.0034739508500264285
0.004377823175674667
0.003572836381750699
0.0036295145375580817
0.003556280071609054
0.0034583013743280377
0.003461903234783823
0.0009794249527189261
0.0008995146363938518
0.0009555273103346562
0.0012191234259962755
0.0009470222747758562
0.0010424958740679932
0.0010803841316276216
0.0008911719712866744
0.000947508120455637
0.0009373042122178093
0.0018162682551617878
0.0018993721394250673
0.0017957454199282283
0.0015841127318434872
0.0016562128915729574
0.0015867274572729537
0.001997718197724156
0.0016733353481284668
0.0019877211989775445
0.0019110083480005445
0.0016767839739047275
0.0020485317934523994
0.001779530760207436
0.00201517108137044
0.0017314817023993925
0.0017725077144928668
0.001589748890372439
0.0016043032399048432
0.001431637626102118
0.001774192026462514
0.0002713016673978673
0.00030516387234949896
0.00032310674648128437
0.00030491201908526463
0.00031157191615010496
0.0003533612211351279
0.0003186235589696518
0.0003712897249335303
0.0002822103354288197
0.00032021354863047413
0.000550315624751016
0.00043339176722061916
0.0004551494234361036
0.0004751366827012926
0.0005850273175460913
0.0005245773644264607
0.00055005132008545
0.0004716066574696784
0.0004980023903590247
0.0005325650138829447
0.0024697558592126144
0.002682834690346395
0.0019449892144443805
0.0022631844362083937
0.0024208268211150363
0.002344320676216513
0.0023280548955425047
0.00220181542037615
0.0025237226302106076
0.0026466016249984494
0.0033715038722165035
0.003585105451897768
0.0041510086384408396
0.0033385497673729327
0.003347085171571574
0.003979495442916822
0.0032262759649679066
0.003061073834373518
0.003010814007402286
0.0033701109424202464
0.002341363176106189
0.002082548343977367
0.0023645898856114625
0.0022799903663407927
0.002522009047359571
0.0020367609459532605
0.0025748499156891644
0.0026931096993809706
0.0021899054707491404
0.0025078242929880016
0.003997303219317267
0.0037198919260653406
0.0039084579486119
0.0038622350491543515
0.002765269448654864
0.0027049432748643683
0.003512375033460183
0.00322858292607364
0.004099020023236804
0.0036704299574409965
0.00011657930488465417
9.812049086827137e-05
9.281819470168601e-05
8.597422125973125e-05
0.00010423148204744395
9.63283133271291e-05
0.00010254099050249356
0.00010578209476502105
9.251254248144694e-05
9.562860026389694e-05
0.0010592960311938892
0.0007075263726261401
0.0008145596613274276
0.0008385384965007073
0.0008478910400621693
0.0009400786302298816
0.0008869528707635938
0.0009300881183738074
0.0009410560796282029
0.0009215406621903971
0.0019731365824868334
0.0015106761234407302
0.0020796058170016547
0.001768910481643968
0.0019608872485829365
0.0018146060304074384
0.0024582022182539996
0.001924910967397121
0.001726236873461895
0.002382619426127647
0.0039354228392210295
0.004109035017734688
0.003532452489062633
0.004252515375638106
0.004008101793592704
0.0038451344247126813
0.003760668535137154
0.0035624174432029566
0.0033212281798426155
0.004081501906495101
0.0008583456265723833
0.001180361880485723
0.0012833184952093753
0.0009447884310778194
0.0010497039802026466
0.0009820150195758133
0.0008807646103081519
0.0011985700762574603
0.0009777967379145714
0.001029839621582053
0.002787167765893767
0.002957409412508039
0.002970385274767311
0.002874638218263745
0.0026361317982991623
0.002983867100529344
0.002554383303019028
0.0029741200426522704
0.0030308658053180716
0.0026072174043971687
0.0009305887892638504
0.0006513088943238289
0.0007306258526327548
0.0008363496983944931
0.0008214905448540037
0.0007910400008077339
0.0007977796794407421
0.0006519081303524147
0.0007123955861606436
0.0008059877928350698
0.004134597318681946
0.003544969319946829
0.004725871409310618
0.0035537176242000684
0.004634952142692883
0.00377646425358159
0.004544477002564386
0.0039820619568598095
0.0037664577049282472
0.004096085408430279
0.0023785780367997665
0.002709616810263279
0.0023547271133504168
0.002684823785305924
0.002394390859263066
0.00204075363073036
0.0021906391056007424
0.0025109751108494138
0.00257201067054048
0.0022510623380743587
0.0028117617136928508
0.002917366763037763
0.002810763445303388
0.0028392507856334
0.003321337453215545
0.0026583696715427323
0.0035420077104610435
0.0034953973291662705
0.0030407255277368995
0.0031253463923936833
0.0005897961975242853
0.0006988987117544301
0.0005712753419333242
0.0006305064565812127
0.0007645769282585492
0.0007087594278791998
0.0006818422794349753
0.0005799812295205007
0.0006006259872315262
0.000572694545758871
0.0034872791823928767
0.003879996765191957
0.004414780410324429
0.003495516571292192
0.003113874636310887
0.003176570393178497
0.003815912435094599
0.004168389368907372
0.003604915915350866
0.0036200747786989808
0.0028357008716663372
0.0030458272272003636
0.0030781542480470023
0.003280204930831939
0.002974984001003415
0.0035118902747072207
0.0032787639862743487
0.0032629058751209744
0.0027416906599163713
0.0031059354273365552
0.002447266999487453
0.002197085198397069
0.002356486352566485
0.0024247785570781564
0.002521489934853772
0.0023545096097494305
0.0020769428362642406
0.0027404294180673723
0.0022058277914268893
0.002035512420456683
0.001345064127296213
0.0014452028079982625
0.001343641235955175
0.0012084069462520897
0.0013464991872942915
0.001149769991356358
0.001480159020256216
0.0012016344909457053
0.0013372391259805065
0.001336206033311566
0.0017193421681926688
0.0016875075830566902
0.0016276290896506539
0.0015407798523803201
0.0019785029347916
0.0018038497078582036
0.00163612522739672
0.001609655762918737
0.001622039402896049
0.001756287660769517
0.0007713396627094008
0.0006675329495148336
0.0008024873936034001
0.0007187161781483719
0.0005609947827544684
0.0006643059825775095
0.0008011542973356346
0.0006514411514754014
0.0006630051115659958
0.000691790495801989
0.0010762822275444475
0.001185923380186046
0.0015312324087960647
0.0010335679971292477
0.001193149114607869
0.0014314066634955529
0.0013465585551994603
0.0012445017632662257
0.0014099346414248397
0.001352918164834385
0.0019087394406983038
0.002233470763930176
0.002048353013555804
0.0022144879759802266
0.002340540379361896
0.002138920763369181
0.0024621450141256492
0.002455359534277941
0.0026260175411310957
0.0023855935483868074
0.00230181580721886
0.002265631259936506
0.001989188637838866
0.002521981179159722
0.002006672443990937
0.002467810681493067
0.0022057409640626096
0.002070356791790595
0.0025363018013924753
0.0022987448749285993
0.0007784378069549722
0.0008530053402555787
0.0008700502421611129
0.0008939606461172941
0.0010509236277455457
0.000884758219713775
0.0009003115385747041
0.0011026337754029313
0.0009064715682377613
0.0009014751960509225
0.0007042046625121692
0.0007388323590197399
0.0008172410770103505
0.0006329282197949131
0.0005218610697279695
0.000699026063861486
0.0006784932279480227
0.0007009951110476103
0.0008516238621015652
0.0006666273438284783
0.0028295076862014626
0.0026861961170404156
0.0027205164605161912
0.0032630516385297416
0.002946298323913726
0.0028543610564891906
0.0026852428238826375
0.0028492184454699154
0.003114146993469148
0.003140281556503361
0.0027400416381226996
0.002635089376501701
0.002966306156641528
0.003279958146265632
0.0022080079277171337
0.0021851812359916212
0.0024635777839509846
0.0032363181987098665
0.002486376704167441
0.00273967767627015
0.0026497119143425716
0.003200793655335538
0.0029900162265030284
0.002607748516967091
0.002649883950260491
0.002599446116538709
0.00336496109244228
0.0030179026321669
0.003036516446080378
0.0026032467163179317
0.0008183303507240656
0.0007129598211289837
0.0007960848564326802
0.0007739210621853477
0.0006860382953029574
0.000706762495991714
0.0007011118982701996
0.0007968537766635386
0.0007158384401513552
0.0006906521962476923
9.739755733307854e-05
9.78863813144959e-05
0.00010536518006106396
0.00010366790762395545
0.00010073375165407122
0.00010589590140724103
0.00010328956521258667
8.731409871698305e-05
9.720863165654556e-05
9.088598979925919e-05
0.0018810428776988343
0.0023700236926944705
0.0016555826002897297
0.002126733471769398
0.0020545367665371363
0.002059183456594867
0.0019127741517812463
0.0024132662063939296
0.0024948882644327034
0.0019802227860011706
0.0009274313930885312
0.0008967356359698304
0.0007790496253134601
0.0008594114965251053
0.0008872081362687271
0.0008882999310128506
0.0009276859006371264
0.0009129577687407874
0.0007827962585071654
0.0008295300506751266
0.0011104433384236325
0.0009838955855474322
0.0011806661727779952
0.001324549799401404
0.0009338567994611217
0.0009877905329789723
0.0011218560095430448
0.0009018349818976006
0.0009482919304146553
0.0011079600828900439
0.0040774760454885045
0.003739598884202937
0.0036177744045375907
0.003598109169917456
0.004106238090765294
0.0034028496329294167
0.003422253567380188
0.004083288036362794
0.0031705178994301895
0.003918415450570997
0.001430254085534577
0.0017109347223197356
0.0018472969896942012
0.002014989139929539
0.001723364643060718
0.0014313328604944556
0.001729266477620108
0.001686561779883716
0.0017919732807383957
0.001696337730355904
0.00019793487555409196
0.00018295624302990077
0.0002450563437780253
0.0001896186848255701
0.00020846678552624069
0.0001605705518287809
0.00018136164003748544
0.00018758455818166053
0.000212192309438399
0.0001700748191219316
0.0005638802977033658
0.0005715494820356745
0.000488834196102503
0.0005305727158503729
0.0004961106121321991
0.00044511707033462303
0.00045623814034404707
0.0004289779484106724
0.00035702120336962323
0.0005329474881683745
0.0015277545699858073
0.001150552150854986
0.00137296330997722
0.0014716999310859895
0.0015910815803839647
0.0015880159151472968
0.0017757216030612236
0.001715831356239877
0.0014974057943273054
0.0014969310253515093
0.0029504944572053267
0.002838333528559895
0.002499912117269287
0.0031207469996639204
0.0025930913407928766
0.002913609290013909
0.0027122236661040714
0.002944868722795649
0.0024299901250485834
0.0024253084299735764
0.0031379790302718843
0.0033230723980649194
0.003559170211778707
0.00386551490575039
0.003611928619477602
0.004498299382924406
0.0044064337981276885
0.0031405015828648076
0.003835658993677796
0.0038856958215189334
0.0029160870154312686
0.003404759938715035
0.003601585044792643
0.0033355510708413037
0.00304993348327999
0.0034817362783855946
0.0035752405227630034
0.003907972990830195
0.0034437292791114774
0.004267826018808648
0.0027332429325661765
0.0022741801788726175
0.002364120672806902
0.003266777245900222
0.0024930010868687165
0.002877850967798908
0.002822349777485259
0.0027749705378916274
0.0028796413384909
0.0023243708595891673
0.0002717135567799305
0.00031716307256305374
0.0002740729981471669
0.00022985261113804616
0.00034120186583987627
0.00025216918896716473
0.0002773648928020483
0.00028434605281533765
0.0002725309594939386
0.0002899652073530009
0.0035025983321040695
0.004268070066814683
0.004517353291438319
0.0041740370038127715
0.003794982528135756
0.0040377236015730995
0.003226964093811945
0.0038320313569263596
0.003810758112263059
0.0032642352129206116
0.000957403588168868
0.0011866095521808851
0.0012527342826475878
0.001111034283483326
0.0010913423106438788
0.0010419822448028287
0.0009444155318331818
0.0009351116911943927
0.0011962168097618417
0.0010532373115891532
0.0006860768434465938
0.0006227687153029539
0.0007672484314099992
0.0008640399833307697
0.0008386679981294357
0.0006548678407447841
0.0007973063132507833
0.0006917756936068237
0.000582736480339178
0.0008044348452220345
0.0026960279807756505
0.002835495448238999
0.0025143505736363605
0.0026527859730620367
0.0021836858284517476
0.0027569577875760755
0.002401267648243443
0.0023965746006881722
0.002472110195874984
0.0023434994628565775
0.002162159201349728
0.0023593781949714796
0.0021107822535154468
0.002389019213190396
0.002176278594227989
0.0021446526525714174
0.0018748196545728317
0.0020120647777069713
0.0021186342211965015
0.0023167506657859353
0.0005284922853091074
0.0005342148472611761
0.0004719479665380069
0.0005072894147877878
0.00048142416857685987
0.000438104690353433
0.0005458947200095564
0.0005422166225332647
0.00045757757024701413
0.0004937140970444734
8.623675073867131e-05
0.00010132266979619253
8.944587471687177e-05
0.00011004481660374554
0.00010029407849532676
0.00011736031026597639
0.0001034208028765591
9.828130376504228e-05
8.361942120854844e-05
9.361676896206054e-05
0.0005297473805042086
0.0006312961181330299
0.0004892800039791213
0.0005804924803204148
0.0005049735479591081
0.0006516789571106496
0.0005760802530282228
0.000672321871556916
0.0005456251423960341
0.0006067002244736658
0.003937597579663288
0.004164880989290117
0.004188287322156445
0.0038404903300334656
0.004214928232529343
0.0037427204873646492
0.004131369337208106
0.0031404606453742656
0.0036701421520928357
0.0038130537510958546
0.0006700444706505594
0.0004876606989668627
0.0006537118008012213
0.0006473765142301958
0.0005436347448677029
0.0005606286513421123
0.0007172080539346146
0.0006506446474412974
0.0005190803608318064
0.0005582255844435801
0.0029465597615457163
0.002716911947622688
0.00289678532530484
0.0026965828942394094
0.0031432203161401683
0.0024601388546273504
0.003136084991255024
0.0031034700331342624
0.0033815217578990046
0.0027957771550064484
0.0003365133620854014
0.00042918192539166634
0.0003300511600603126
0.00037316831791268327
0.0004330061030623099
0.0003827142933371648
0.00040144115996914215
0.0004049763798212029
0.0004590371512416425
0.000401269412297778
0.0030286575782480615
0.003161095709628679
0.0033825589534374045
0.0030780781046070753
0.002790556080578515
0.0030238745187272445
0.0029308554752430047
0.003088390811366787
0.0032112618144163655
0.0028856689401638175
0.0013191630537209415
0.0013100728977162729
0.0012964398449235766
0.0012478149384034104
0.001229856850449263
0.001043315206420983
0.0010433233719823402
0.0010834196564232519
0.0009749404800440875
0.0012418931078888638
0.0033739231348792606
0.0035738530897690204
0.0033574086274704208
0.0027241552355003157
0.00333023926924499
0.0032892956880233846
0.0034319718968621117
0.003115084690691226
0.003584331553081568
0.003739195899132334
0.0036350086270312094
0.002683047666701027
0.003254586510922266
0.0032789232731451944
0.003112673436882106
0.00284549870791711
0.0028404462468297614
0.003204807828402505
0.003770254700241202
0.00278267308629254
0.00018041161984166343
0.00021741504972151113
0.00013784493212157315
0.00020251852864712805
0.0001664655603460903
0.00020043599897553072
0.00022004120967453934
0.0001782152209002149
0.0002285647391008993
0.00017087982333778936
0.00019701606979933195
0.0002115181821660839
0.00019479176250292697
0.00020596842228165173
0.00022104080782755768
0.00019841910224888546
0.00020448525638631316
0.00018900585933138238
0.00021216839426700302
0.0001867849611627171
0.002084781856291515
0.0020787898718797344
0.0021754766251620514
0.0021853458823322867
0.0018728450946600167
0.0020249424545876475
0.001863455609641714
0.001826810543689855
0.0020223428243671985
0.002067869920870546
0.0023070045936774376
0.0024112874167212446
0.002187871079270483
0.0023322059791203603
0.002144225733155714
0.0023862192956426117
0.0024203399765870422
0.0021900975926762954
0.00215875593326371
0.002287111601527373
0.0013059253100817755
0.0008155191750132695
0.0010604448243972777
0.0011632389812235985
0.0011983834848262576
0.0010833574380814432
0.001333007146975106
0.0011666776126546042
0.001229952434561582
0.0012023081633953318
0.00010071241981806526
9.723588916953294e-05
0.00010944306390853477
9.142923592448449e-05
8.552457659995602e-05
0.00011212758037025799
8.176757038823952e-05
7.979848934734477e-05
8.873422572328732e-05
9.903877732359562e-05
0.003363775701516131
0.0035174192009720033
0.0030375925775789686
0.003676599644898862
0.0033961849666500794
0.0037275818715574796
0.0027942482076447313
0.003761369776974932
0.003136725573514257
0.0030417118950934255
0.0006803683123991584
0.0007121959166509726
0.0007127016859503029
0.0007354067463165684
0.000739251404183
0.0006874007264663435
0.0007720686525792918
0.0007447761817707494
0.0006914519353113054
0.0007298469577779325
0.0029001240640406573
0.0030661306909119286
0.002437796664022807
0.00269309299731188
0.0028637835621422502
0.003355472186501058
0.00309126485887452
0.003385552518384298
0.003208313170252348
0.0024787115491353958
0.00021402967778134935
0.00022548840706377592
0.0001991203598008681
0.00019216744618387566
0.00019037621230924275
0.00016931590002883644
0.00019793248021231645
0.00020981585972888227
0.000227436006321805
0.00017271032644130166
0.004154932211320237
0.004572837786646532
0.004217433439273567
0.0038127030622766085
0.002996215918540079
0.0036832358486939528
0.003710665232841417
0.0046968679460764
0.004577541893738693
0.004108854450144877
0.0032394568270800394
0.0032415290743558287
0.0032767783068144755
0.0030080295130899644
0.0023965761982561572
0.0029452632965962047
0.003530842632872087
0.0037247431789738635
0.0037341437592313884
0.0028977689931667253
0.0013283751662405232
0.001409667392897967
0.0015396135679761548
0.0013540694541039333
0.0010229746824718662
0.0013754701974279088
0.0015185503131594732
0.001383674078843195
0.001324226439673819
0.0012461159902216158
0.0032369892880391524
0.002649732769135559
0.0027335333136445194
0.0025444047312473414
0.002925222343298025
0.002947339217930075
0.002702136194321296
0.0034714204476658387
0.0025541516645094724
0.0028977930716217143
0.0021496461396404193
0.002123674993817835
0.0019793159442642377
0.0020886997844402956
0.0019207980669064114
0.002103598208189219
0.001660538366570328
0.0022698103849244553
0.002096730738965063
0.0016207365041833043
0.0039014626440083003
0.0030623498371073607
0.004120162487886623
0.003469228293021368
0.002694240141793279
0.00433735435664454
0.0031107414500680755
0.003237287632433043
0.0038736438019546064
0.003688044231136388
0.0035723024040210604
0.0026874526069675282
0.0037251115801585676
0.0037292861411403508
0.0036468835206624564
0.003431032551078803
0.003441063822451751
0.0030485535464802676
0.003205216839530819
0.004098214659552845
0.003976601309054201
0.003626512062237353
0.003010036463891347
0.0028967386151320176
0.004435265632086141
0.0028548447770989443
0.004374953928951645
0.0036650609489739874
0.003432463352865931
0.0035096935375794817
0.0011348478022834198
0.0012961628730539427
0.0010611878858281082
0.0011675683610604577
0.0012076153625886394
0.0013591050036124413
0.0012582082291583898
0.0011707124375736908
0.0010222206525272472
0.0009387918120629714
0.000103387099328955
0.00010863501183746371
8.846138393032829e-05
9.375975449825449e-05
7.759844283089546e-05
9.698591262410993e-05
9.527054380446438e-05
0.00010388616431322622
9.114722264350912e-05
0.00010170968287104192
0.0006403008582745245
0.0006390158507987994
0.0005551574560619336
0.0006957094224128743
0.0006789306538432904
0.0006843820075077134
0.0007680097618497079
0.0007316931832538428
0.0007843962927612791
0.0007547069653158308
0.0025984212467873094
0.002448354792145686
0.0028662493848621343
0.002581507337134748
0.0026538335162937564
0.0023150279376264547
0.00220702764252295
0.0021572652913804274
0.002093739961671972
0.0027660188865323994
0.0021007469870786993
0.0021095748798467366
0.0020663062241577704
0.0026544783590114985
0.0022696697497092155
0.002444719325599759
0.0019229794382142266
0.0020511688505708142
0.0023587978408741413
0.002284927095590468
0.0020343327240231923
0.0026940323588469134
0.002282567659071016
0.0022130042334933425
0.0025465079286575523
0.002717652871699205
0.0024791590950505407
0.002583852901253904
0.002188446514339899
0.0021923005009896047
0.0026880580114172744
0.003184405033457226
0.002855275629023653
0.0024704544160507815
0.0023261048076402423
0.002338923089005492
0.0025420460890308565
0.002290184663200623
0.0026958364254116465
0.0024795534484155844
0.0018510764279194261
0.001832227861592589
0.0019152845811264028
0.0018587065938837342
0.002120249506866201
0.0021781049051740565
0.002418414144893545
0.002129097813495967
0.0019810352272025093
0.00197154448950992
0.0001937817983070064
0.0001975195814608767
0.00019460400613616278
0.00018641826992912315
0.00021093427503919685
0.00021076817733426564
0.00020276313468643145
0.00020801795329140275
0.00020229979079621402
0.00019630827806678725
0.0015371916157350142
0.0019064145846177344
0.0017306270890096393
0.0015566064673608053
0.0013555756668997708
0.0015117665658321527
0.0017670949147299542
0.0016037841304086138
0.0015593929107353133
0.0016010538348517579
0.0007514022074405349
0.0006697541217206918
0.0005662266157928715
0.0007473422611718921
0.0005799564046830576
0.0006644554357966351
0.0005778570303031456
0.0007192124449309789
0.000600046528632932
0.0007185181520686331
0.0012490374194795402
0.001258067728118009
0.0013631783217257188
0.001329437668166068
0.001399738796242785
0.0013954876150668808
0.0014829847850616118
0.0015027450076523332
0.0014235999525280267
0.001218677133165467
0.0018799332450325093
0.0023745225875985536
0.0022416936480977
0.0021563667768159417
0.0019409429379860696
0.0020735612331968813
0.002008784671071595
0.002411694330227466
0.002222634231164938
0.002556882413171378
0.0026596930821629595
0.0026033018962504434
0.0021965454648621256
0.0024401265859813367
0.002501828038790652
0.002892176702395808
0.0028467084667401694
0.00257374686666876
0.0027140549760820932
0.002489458434443514
0.00010699543759930429
0.00011329867788652031
9.033618477385566e-05
8.815378862341369e-05
8.656934146710629e-05
8.784422881616085e-05
0.00010305699538065767
9.944166243053488e-05
0.0001029564040106881
9.627847229045643e-05
0.003682316938064173
0.0033551986810199694
0.0039042394670154757
0.004155495633870916
0.004033515793127428
0.0036752177929865954
0.0038664250507601636
0.0034171040078043676
0.003961980884345204
0.004350070441637025
0.0005054021912635206
0.0005566398885783858
0.00041013995165316725
0.0005020886089081157
0.0005221512007108
0.000544431856920095
0.00048369087369416384
0.0005145337001211666
0.0005520714365837562
0.00048528992675836175
0.004345953975172092
0.00333688416426824
0.0035405163446914217
0.0036051198446220793
0.0038535300816317747
0.004817768185320325
0.0036846861606393043
0.004115942162038542
0.0030465130936871685
0.0037283948212864025
0.0016361140560484364
0.002367554055315683
0.002203487064458297
0.0018049496571833357
0.0022885500465253095
0.002043775586723638
0.0019710638929838304
0.0018046367711689949
0.0019502370000859413
0.0018117734514015546
0.00035768523331354416
0.0004027735354798211
0.00042513911978337603
0.0003647962682698767
0.0003433891019257553
0.0004197854519174054
0.00043571053702498163
0.0003871328708808155
0.00038866551264901976
0.00039619405244691416
0.0012715583571764482
0.001262240298653603
0.0011890237454503572
0.0010668062477932419
0.001011090309633814
0.0013906682441407086
0.0012664711265527363
0.0011658842923571073
0.0013530672577345502
0.0012615638780819997
0.00021367795197240074
0.00017260198445532163
0.00017510865873442632
0.00021489709762768225
0.00017621233895613345
0.00023659920960161898
0.00019794594209850532
0.0001896924416274804
0.00019082450310049006
0.00022178841611957592
0.001507370586880483
0.0014962861457442182
0.0015564056923160555
0.0014692434278791304
0.001597342682223689
0.0014349185056174215
0.0015660496189080142
0.0016658221549878266
0.0012792333348022064
0.0012825271799400157
0.0031303739761892086
0.0033242533726542123
0.003062193267303959
0.002685458256629055
0.0030933901842059974
0.0029870144419345073
0.002683364367181814
0.0028746006114344
0.002999299906073081
0.0029203370858332934
0.00011873603339614385
0.00010129316634705413
0.00010022768983635143
9.552462119223704e-05
9.888307817729616e-05
0.00010455840273994962
0.00012120236749890901
9.345131071860854e-05
8.872690330427951e-05
0.00010151517042578154
0.0015697365969726403
0.0014208963924643454
0.0012492688674275256
0.0012458520557349123
0.001594041536807953
0.0015678871457447446
0.001565520671072143
0.001362436945258819
0.0014471884353618296
0.001486144568247019
0.002340002799963916
0.002360792778803388
0.0024133022245479015
0.001977331721026406
0.0022388288751523655
0.002336660724363555
0.0024172980924553906
0.002694031738902093
0.0023577571585182313
0.0020536649993484054
0.0011847473630438676
0.0016090423163939815
0.0015953905989255907
0.0017278569031105777
0.0014609557226102415
0.0013864652152163768
0.0015600496244747605
0.0014164031631901935
0.001351893489177037
0.001337714627958695
0.0009735436520759608
0.0011758312940546775
0.0011091844210654122
0.0009139758884787186
0.0009769228004446878
0.0011580473620881756
0.0011714409974987548
0.001042022093434121
0.001151059350221951
0.0010080580915928631
0.001401323649003652
0.0017605732590030164
0.0018135383219267936
0.001578490524662223
0.0016573172161193296
0.0016756356510741392
0.0015910909803806674
0.0017593744131912613
0.0015575221056327128
0.0019994687569692892
0.0026301574408924343
0.0025421426617013507
0.002675987067607091
0.0022832815212974387
0.002197705742792152
0.0030173263599057878
0.0026723026348035328
0.0022138655436349515
0.002653901868115367
0.002118548752659237
0.0033630270451616
0.003946273451287388
0.004121383583418079
0.0033069736913611857
0.003699812408105443
0.0025396916244919735
0.0034986430231564616
0.003188587056226098
0.0027160915901959693
0.0027582657175616813
0.003273510742104596
0.0030607846361291563
0.0025756945675901163
0.002683382765227935
0.002304060485320469
0.00258732151275378
0.0028352164929474543
0.0028675858328966043
0.0026111546558022294
0.0025082213485912034
9.223978396625314e-05
0.0001034732493529433
0.00011470866751405644
0.0001023634671744179
9.082011024906953e-05
0.0001037620503650159
0.00011030743376649793
0.00010705840946603038
9.635517237845237e-05
9.788066275532305e-05
0.0027620404676009843
0.002755412472652809
0.002921035043508007
0.002374224731139942
0.002121923626846853
0.002562737124597283
0.0025244114720536204
0.002582103267203294
0.002432024725196081
0.0023242207983080053
0.0037362205476076677
0.0031168446770420606
0.002854830353431305
0.002896836106612698
0.0031064565951603824
0.002792180210636457
0.002083753530196961
0.0038145751743415123
0.0029105679777337483
0.003785814555461221
0.0015615398296325589
0.0016927898636235757
0.0013937696338306898
0.0014592892590106514
0.001548851837769919
0.0015730294518966046
0.0020301583046560376
0.0018866987472214785
0.0015176049615293417
0.0014391183853524466
0.0037637435460207945
0.003577477356142777
0.0032774261171561406
0.0036299723686010134
0.003631002895080595
0.0035215268086812423
0.0028130603748779946
0.0036561348394877125
0.003534938653228467
0.0032293321377916562
0.00010135942373265376
0.00010343270718094345
9.523620034709611e-05
0.00010400980776200645
8.995162799374062e-05
7.435379685196648e-05
0.00010245614777309665
0.0001153974374252363
0.00010004758968085193
9.280219068359311e-05
0.0021673712053438226
0.0020108291393747006
0.00215859298066263
0.001963206260159939
0.001386079286410841
0.002358068381300677
0.002363154358496131
0.0020472175721722077
0.001785973824530752
0.002408929323320798
0.0019062220856471313
0.0021141053278767325
0.0017467568874284017
0.0015837548113974917
0.0014037436967727478
0.001700103878094967
0.001607373781969484
0.0015656293708620477
0.0015666896340328057
0.0014616894190431515
0.0024747594848271363
0.002669872272784961
0.0027328206627696286
0.0020589965633487704
0.0024328529604741465
0.0024550909642469167
0.0019554607079019927
0.002137082684445327
0.002447089317563178
0.0018061254344933692
0.003916284898882649
0.0031352351896795213
0.0029423839337994737
0.0034992028527416844
0.0030826078719099117
0.0028875650818765515
0.0025896989396304655
0.003613962506708205
0.0031063268413300685
0.0033135189769395368
0.004106835527030557
0.003975425238820728
0.00414547735221132
0.00421147993447482
0.0038906181390251197
0.0036152581706345773
0.003756357726961212
0.003733398161215819
0.003476023085425973
0.004471383178876555
0.003759087080921557
0.003934119622598237
0.003462355875595669
0.0039389957661276585
0.003040327328025527
0.0036529775096119555
0.00310345180356176
0.003307778326854443
0.003678213768160116
0.0036876595222683937
0.004102962679091982
0.0038919876291617023
0.003918236153295239
0.004529666164837254
0.004709418634722135
0.004033756266930824
0.0039039410973860725
0.003285870371035751
0.003970734736582545
0.004152145960970187
0.003352138005451226
0.003734613774595585
0.0038988222373129173
0.003321793685345076
0.0038823358081551515
0.003523592883266571
0.003438632634449053
0.004204889279598989
0.004260329752238393
0.003958140322496761
0.0029933633410032796
0.0028390509072166565
0.00339351001729239
0.00284078597516194
0.003013119403668544
0.0032095532176409755
0.002721276531498453
0.0027639729961689077
0.0035257180170775613
0.0027687614325813685
0.0008385031054949619
0.0007846776449218298
0.0008051369928292878
0.0009114474202347004
0.0009313053162021934
0.0007643755714695146
0.0007015869829411298
0.0007385838032202433
0.0006872816793083225
0.0008175120595758568
0.0035203454923151537
0.0041356170758734285
0.003271956268039585
0.0032689778860101903
0.003938820249287511
0.0037971640652491923
0.002977742608333482
0.00377939090748025
0.0034907755694610185
0.003439304786905646
0.002339176839239604
0.0023133193054643087
0.002239864690376958
0.002722730324553398
0.0025333526551849445
0.0027620813559072897
0.002284223713335164
0.002410272863166659
0.0021239584346411018
0.002779367496410071
0.0003136679541456562
0.00031355059081458254
0.00027558966340342006
0.000320898845963748
0.00024764691401749024
0.0003013485093780097
0.00026267481382417717
0.0002667358430131769
0.00031561714805324406
0.000333030178561862
0.003153979531474291
0.0026365414704524674
0.0025556700807740323
0.0025691665103975345
0.002634003789655097
0.0026565407763699824
0.0026032418855824547
0.002640295602103055
0.0027150445474033802
0.002553839877424263
0.0024818453133576175
0.0018896261387435626
0.002104528035321581
0.0015494241083835758
0.0019140239657704176
0.0021166411404257503
0.0023151427179981796
0.0020505928921454634
0.0022480173245808545
0.0020974945897675153
0.0029505957758203154
0.0031598738221022935
0.0027400047479671525
0.002937789475956147
0.002975222170094036
0.0024338157423206396
0.0031071872657143567
0.0030843712045341724
0.0028597385745527176
0.0027787999830017123
0.004076070690168448
0.0036254024626420646
0.0034971318251505483
0.0032602351900627388
0.0034297453301286784
0.0038195487591232372
0.0037861170803156654
0.004465986898091659
0.003525588583329631
0.0034913484797274436
0.0012017877955311624
0.0010563605990512933
0.0010446715363024144
0.0012704886512466503
0.0013120456360803156
0.0012519210490866018
0.0012240205883985447
0.0012355455136354733
0.0012324864828997186
0.0012036692992134456
0.002981518009289112
0.0032162456783265637
0.002968686532413637
0.003560106312148857
0.0033840315840292143
0.003265735290976879
0.002780929302608821
0.0029739805634396766
0.0035379583673021096
0.003069809201081586
0.003736089634959073
0.003506696223853417
0.0036481992142591794
0.0043065106253629085
0.003979793739960314
0.0036217461386449253
0.0041405276485063725
0.0034450089381294906
0.003236595591080106
0.003550261062520551
0.002009132641794936
0.002519778753115721
0.002505605073567311
0.0023619722281623063
0.002516271089985894
0.002133789136935123
0.0022436334281644966
0.0020650436502763388
0.002375189562206664
0.0021891791024731162
0.0028222110932639697
0.002681998234615284
0.0028571762468929695
0.0024846383963396195
0.0024268436769717353
0.002624911587264238
0.002990888689674888
0.0025135096072054605
0.0026623380244376223
0.0025647246053389205
0.0023059482428396632
0.0020124596682223918
0.0022673324503405005
0.001776636896415089
0.0018582992426652402
0.001795111651120505
0.002155844701105998
0.0021286281470732013
0.00215865842233454
0.002167063143554129
0.003664800447617957
0.0029641042502877506
0.003835446924514423
0.0036251986362907996
0.003504564168875114
0.0031942093830358426
0.003630047787895331
0.004248002383634083
0.00343112257069239
0.0033472826927070983
0.002443920537456302
0.00215048698672161
0.001963784558500846
0.00223483608617031
0.0019475667314851237
0.002478885897009104
0.002478292011418951
0.002355325245791373
0.0018598092970340606
0.0022040969818794692
0.0015090400561029596
0.0019438397905802531
0.001959140260449328
0.0019697168501553453
0.001498647966742919
0.00157318064476163
0.0016053028400209622
0.0016201900656811735
0.0014757760556374504
0.0016008814273007095
0.0007562461874474435
0.0009509798542746655
0.00086076191784628
0.0009155676807062906
0.0008910614417523364
0.0008872232658438327
0.0007863293493709688
0.0009906714743753294
0.000989337926877656
0.0007097155673840814
0.0005246373362041089
0.00043183293615048617
0.0004753653926278409
0.00047228302059596747
0.0004206062070767919
0.0005191169328276731
0.000553391357113071
0.0005012241676012378
0.0005195174822088392
0.0005483552436066974
0.003797460256521186
0.0042412303881688655
0.0033143685355675003
0.003991944892081726
0.003821177816385056
0.00415248213204739
0.0041885462865414
0.004309590487837788
0.0035664484324973754
0.004312272761148393
0.0030729647075327274
0.00341719861712936
0.004178710054735636
0.0034878177099777574
0.0036314337330867557
0.0038572062707924824
0.004235253178707705
0.0033017257493009973
0.003749372096454811
0.003691235797584126
0.0027814501893337596
0.0029158000095996246
0.002577046474591402
0.0026274508906146605
0.0021947768892557444
0.0031805113956869706
0.0022832375708587483
0.0026259205857501904
0.0027063696606848967
0.002915486536586414
0.0005277293636918641
0.00041179038736214576
0.00046932279909412555
0.00048151022806087193
0.000553794633284403
0.0005585482035484466
0.0004598030303451245
0.0005109083495472808
0.00047952704357012287
0.0004041095751069195
0.0027505943429733523
0.002924983796268023
0.003157888548530604
0.0032100173974934174
0.003143180762911889
0.0033229886546823155
0.003189721331199962
0.002570717419241152
0.0030152472316936677
0.0027898113874301744
0.0023982402519693827
0.003028436492375387
0.002818946601460594
0.003000071559661773
0.002727317817989148
0.0028700711681083606
0.0025504503900469146
0.002851241533678152
0.0025382959465769604
0.002423802085250187
0.0004615883668696338
0.0004324178968251751
0.0003270190118536683
0.0003791093247669873
0.00038858541860494026
0.0003940657172049327
0.00032748795227814735
0.00047274066406822817
0.0003920749141185662
0.0004371175430847862
0.003549095920837365
0.0029681564974931487
0.0033248523978466017
0.0032031153574527084
0.003518600995566809
0.0027814132091230044
0.003642575289458821
0.00294602719103468
0.0033068561480537302
0.002947238107095511
0.0016479929825879537
0.001317773945103694
0.0014793353554853196
0.002035877885983263
0.0017749737052466545
0.0015678484833612665
0.0017384952327179387
0.001697196450760258
0.001786524475570011
0.0015451691685253633
0.0033144705877898467
0.00346326732446011
0.0028497574008004302
0.002801246449982941
0.0031550881166231026
0.003400415356188435
0.0027232041836420594
0.0028821251592308526
0.003329632720346891
0.003007044521090606
0.003196813705068939
0.0031030322809255063
0.003406131701669078
0.0026970914415167194
0.0034636989260675324
0.0033585325234872124
0.003938456713113442
0.00414250222804214
0.0033886911985407365
0.0029552456322154085
0.003073476335112474
0.003538661963261538
0.0036960099443886715
0.0041213262592132175
0.0037954240025035906
0.004730020804311389
0.004511861396139637
0.0038358779185725
0.004264318900200475
0.003797415506107826
0.0015735666339079235
0.0014861430108604292
0.0013998802149885413
0.001714074985837939
0.0017971617975897063
0.0015906165821326851
0.0015432857484828809
0.0013863330978888257
0.00174851448706761
0.001689818064401743
0.0017661892157403761
0.0012852043577436312
0.0015865345016180124
0.00124074292065255
0.001651096544888931
0.0018017046002209971
0.00154263616039227
0.001747018122357844
0.0017448907313458177
0.0013856157396178533
0.0029594563766003733
0.002885372672651442
0.0028047042021380835
0.002747594783218243
0.0021917761507851494
0.002605599510095763
0.003056663132338908
0.002765728420386074
0.0028464317027629307
0.0028153192990706846
0.0031792278054306386
0.0034369230479415723
0.0020742588149884012
0.0027515190783310075
0.0029651519770015756
0.0033004099667211908
0.002421386481343273
0.00263071092524259
0.003219006451316827
0.0025847391339716983
0.0018095538253288012
0.0018143214378991699
0.00205244203289077
0.002197138749475389
0.0020949986023070127
0.002012373597593174
0.0022094697150918607
0.0024324308501629645
0.0017461411741436356
0.0020352138264767964
0.0010923216528181201
0.001388439884618646
0.0013203837403680124
0.0014629513222842322
0.0012188528156444858
0.001585081711556613
0.0012854638363481072
0.0011655909523698884
0.001112467575568099
0.0015293556693492666
0.0017315139117809021
0.0016141260176017005
0.0016252400305946009
0.001532487198827204
0.0015781097572553362
0.0015511208580093676
0.0011621535427031589
0.0015464433886141146
0.0014811170380591289
0.0016823794733223836
0.002058297773034836
0.0018130902344625289
0.0017099470426039844
0.0019103170003767374
0.0021554563769410648
0.001659581438052293
0.0018899313189055444
0.001971397300030584
0.001758737959388213
0.0020304034598119035
0.0003874828754990053
0.0003755019086709232
0.0004672914366184601
0.0003592738187976935
0.0004134646460094315
0.0004796197421122998
0.0004100724644372955
0.00042673977725616235
0.0003780344904791537
0.0003867221530470693
0.003593792789964922
0.003313308223728796
0.0035355910332845932
0.004272147071702427
0.0036839241471932596
0.004225210485570995
0.004111171712630593
0.003503876630239275
0.003512484639678589
0.003454635012010441
0.0011084337447914425
0.0012709423938941848
0.0014455289140135298
0.0012487649391397676
0.0013121265793895167
0.0012704280603593
0.0009466984324401532
0.0012668562735652779
0.0013803132576662967
0.0011408236467831435
0.0017230431992103661
0.0019170425303156014
0.0013663272543232032
0.0014030107887345639
0.0016611977593369086
0.001564203881671871
0.0015563621514742706
0.0016664986239567083
0.0016610687861172914
0.0017981738948784727
0.002254087777771329
0.002065648448937401
0.0022022014999530195
0.0020576205321102973
0.002355237974369802
0.0023701266999509225
0.0023518684400318933
0.0021826125584545834
0.0027015534360023486
0.0022045312760860525
0.0028890607417486943
0.002691932891091018
0.0029896604053334637
0.0024481442566175104
0.003108926821624803
0.003101653234800686
0.002754175268632583
0.0026193931417984946
0.002547235816229783
0.002662506957577458
0.0029920576462084845
0.003246711618208358
0.0031506996215044853
0.0031317154646813496
0.003109325393368132
0.0024114102193861795
0.002921673686169612
0.0025012945159482956
0.002664264469475045
0.003458295211767017
0.0006335650305836702
0.0006750292518669809
0.0004910518359084885
0.0007428681097003031
0.000622157004827552
0.0006490709217353398
0.0006799252203151141
0.0006197863457117889
0.0005860409256801726
0.0005351809247949947
0.0013348953475834445
0.0014587734783003661
0.0012260142707462645
0.0013689900277607514
0.0012988313527500794
0.001537947028301386
0.001299064790817891
0.001311230351317012
0.0013014800598372775
0.001370252368877638
0.0012246114523336024
0.0016691055484231087
0.0013103619342998264
0.0014839452582288714
0.0014456346304548785
0.0015661095131376326
0.0014375931488484278
0.0016028880741741564
0.0014617364610175286
0.0012778641827890732
0.0037230202143652153
0.003051985041661448
0.004244309403264026
0.003619062471884483
0.00374397154378059
0.003385274231328895
0.003644938180270065
0.003353037217401007
0.003279928335727589
0.002950654242312407
0.0028878299678994548
0.002285652717169728
0.0025379232089698983
0.002460889699855393
0.0021255533318232543
0.003056733476172101
0.0029551094768177667
0.0030123402260378235
0.0023423082998025374
0.002993362821566309
0.0033117716665163124
0.0032750118582518316
0.003327843231130299
0.00386399779866178
0.0036827668973097626
0.003476934413634453
0.00276206455362842
0.00399910229432034
0.0039418988443269895
0.0029427807572901185
0.0036000984783061693
0.0038879927280869226
0.0035048519421491905
0.0030686549212212994
0.003211912108947405
0.003308549355066218
0.0036916993025442723
0.0029023883315054426
0.0035764321905625853
0.003281992727795598
0.0019103222437466005
0.0017567639665904988
0.0020616023783285144
0.0020022344412961046
0.001943732651344261
0.002030000670550499
0.0018225307562589794
0.002085344854425512
0.0018421272609344655
0.0016040012953365598
0.0027114492427205003
0.0022660040660489344
0.0023055832580195336
0.002362296532544525
0.002560711067838308
0.002569872056546516
0.002540035261761912
0.0024995951790781315
0.0021110301747391045
0.0025605643306782127
0.00033135815086375294
0.00032807705964941206
0.00031865180147797983
0.00025902767237532436
0.00028164725689221995
0.0002888050011154501
0.00032086545315760523
0.00030072802336077154
0.00027908361414853944
0.000301627618658216
0.001994258310531769
0.002173074235642715
0.002299243266966876
0.0018816804002861423
0.002079338443344402
0.0018776877214893748
0.002105191720850828
0.0017995175987427247
0.0023751478749812825
0.0023761555033435856
0.002314546022873079
0.002719627661903073
0.0025223936720338933
0.0028253122299775994
0.002393283138185283
0.0026432701833350052
0.002145719217032065
0.002168720757904444
0.002401120548141965
0.0025734162133548115
0.0018198751495302758
0.0014974090680840992
0.0017854098782695148
0.002016486138435132
0.0018315005357448784
0.0016549826811751535
0.002042741063747612
0.0014519148561125518
0.0017509050052334188
0.001621362568169299
0.001403794676340955
0.0012186017227109065
0.0011158442646689373
0.0010650675998520563
0.0013985372478707457
0.0011104795148763561
0.0012354521160097896
0.001185255572625324
0.0012134574075274055
0.0011781966233936731
0.0005482339521615866
0.0004768132416606423
0.00043664925984407594
0.0004896598179032628
0.0005151162826104576
0.000420698662000944
0.00048747922925360484
0.0005231716948245714
0.0004702226309058403
0.0005019085391288724
0.002035853619802765
0.0016112964274222852
0.0019283253556802197
0.0016489531152285419
0.001660772578821228
0.0019047298880478106
0.0016278104355541782
0.001843084886356203
0.0019173564074672822
0.0018366488513696406
0.0023082563207239785
0.0019937418174280504
0.0021284699505551927
0.0018515758536412417
0.0021718543773938544
0.0019741225427655318
0.0016619102545827426
0.0018929384553768767
0.0020753582155335058
0.0022377280068484984
0.0021308757234200916
0.0017965395749722293
0.0019717398110083457
0.0019908176403639712
0.002035504334660507
0.0020557164113900093
0.0019977756962871384
0.00202118482930221
0.0019872900367410864
0.0019430296756629685
0.00016769277188526195
0.00016605079299490048
0.0002134541398726038
0.00021033519292463807
0.000247432558549463
0.00022008977831955125
0.00021650312300322905
0.00020316978579552284
0.00016980377781721095
0.00019064043367505355
0.0004434268458392269
0.00038934004765246017
0.00032818023283373246
0.00044607407293324833
0.0003990392567205357
0.00044739441790880895
0.0003937418482270866
0.00044172881475616755
0.0003945234888113137
0.0004628378298543441
0.0028136628040369266
0.002933901108044326
0.0030339879216767906
0.0027649672583084308
0.0029311880027864806
0.002969221261242918
0.002634502880682455
0.0025903204454258916
0.002349227673492298
0.0024112797152850917
0.002513250207085856
0.0027279435042870392
0.0026418207485433857
0.0027895548000389137
0.0027945082262738775
0.0029971043503349798
0.002479544224324772
0.00294561934923636
0.003211092986726686
0.0028625542856085874
0.0007734345045292822
0.0008540790277774157
0.0007747965892646395
0.0008005242075243209
0.0010176308265077776
0.000794095089414414
0.0007845205929120105
0.0008114233544803147
0.000704668439048321
0.0008363443481875269
0.0011601729743475045
0.0012412455908035658
0.0012135236957408356
0.0012691427594047901
0.0014152590477997573
0.0012389766028403479
0.0012196645608828541
0.0013549324754633374
0.0013175357504165866
0.0010827542336467606
0.0018844119397621413
0.0021501153318485102
0.0022082278387088273
0.0024880360251402457
0.0021296888626600183
0.0018096582689971874
0.002051962077897109
0.002472579218744624
0.0019959733875181142
0.0019376322935823788
0.0024216023215228406
0.002655291768532811
0.0024146765744265906
0.0027211226495954567
0.0023001264151922924
0.00246903474186066
0.002742491159885307
0.002417358157418715
0.0023043020693503677
0.002411768402913194
0.003802538109947588
0.0050112367564955785
0.00417956153818162
0.0036792277260109638
0.004330261491645844
0.0039063833977101715
0.0045065142340758296
0.004349426273200833
0.004798233864963473
0.003967110075780464
0.0004588023661090778
0.0004895961975096265
0.0004460481973220365
0.0005330046403955063
0.0005578108496870533
0.0005436739534431612
0.0004930349932510595
0.0004954113392320668
0.00041802495909386555
0.00043806109010142806
0.002376114309809116
0.0022847967514890454
0.002305767984521754
0.0021884053187826514
0.0020580766562952545
0.0022235833589719523
0.0022197967989711193
0.0023832589463960337
0.0026303581046713395
0.002427541950934879
0.00041926078478990767
0.0003653588289711634
0.0004617293678502058
0.0003732121337814773
0.00042124574388192155
0.00037047285677494965
0.0004207027077701691
0.00036510886898978513
0.0003765616679640354
0.00036962764853390315
0.0024339332740844865
0.002200697383194057
0.0023301652809383303
0.001993637053626862
0.002296231510496432
0.0025966538712957196
0.002477646160250698
0.002310936454457774
0.0023282244899898255
0.0024208577904603927
0.0033387227306294455
0.002353834977857793
0.0035037801368730387
0.002995736228575244
0.0025002033263632813
0.0028780997340066717
0.0032567065284082554
0.003404025906386457
0.003142279788029422
0.0033919333899261133
0.0037368665989583297
0.0038333501485270293
0.0036585267618044408
0.004252656484179917
0.0037724674552722924
0.00421517960650566
0.0038595001501200914
0.004099565653004187
0.00383859741221114
0.0037787665500872906
0.0018340634629890754
0.0013813713800203905
0.0015883905230633015
0.0015734996886361467
0.0014054877022324163
0.0016356564804853534
0.0016383715760695107
0.0014975043877174681
0.001962791665898166
0.0017904166463179791
0.0011693886662393377
0.001146265037836328
0.0013005665069467252
0.0010137824229098295
0.0011148476125201917
0.0011552333937752768
0.0010076683914722498
0.0010073437706961906
0.0010891996399925586
0.0011196014104946014
0.001471840124160821
0.0016011329474308544
0.0015683017140284018
0.0013909909727504734
0.001573485201760456
0.0017120212630125997
0.0017086244206837816
0.001478032888775394
0.001629111799777609
0.0014601875705095762
0.0012756245606584675
0.0011529259689124864
0.0011715191878737714
0.0012964053189715072
0.0009390905381497152
0.0011425464575131109
0.001052244898542188
0.0010829082253200595
0.0011706355294736545
0.0010290005591834656
0.004632741470764742
0.003980262336374693
0.0038545456366802806
0.0038771329298491718
0.004162114785867445
0.0029909433185110025
0.003709010071967843
0.004617772822021381
0.0034806727226108186
0.0043847964172891414
0.0003997466077809136
0.0004395937583835901
0.0004191170252469371
0.00039158582693628807
0.0003253368519869508
0.00039743606670796476
0.0003721177965956453
0.00045330510420598063
0.00041191917523805986
0.00040608156783186793
0.00247848615016018
0.0025884278064177146
0.0024985502474664514
0.003191406224666188
0.002674868931627255
0.0036527850316239226
0.0024846080112380566
0.0030736722174807907
0.003227115183240779
0.002299072625089688
9.535570549927067e-05
0.00010916224098093688
9.927706066023082e-05
9.104348998373883e-05
0.00011275820811990134
0.00010556133870374771
9.996732023609463e-05
9.647328613306552e-05
0.00010434340281029457
7.930345099991945e-05
0.0005425093055243149
0.0004982903265697827
0.00041779165118487884
0.0005064665130587877
0.00044192377395405735
0.0005183233834901046
0.0004790118200231229
0.0004851035641703218
0.0004976118078297523
0.0004720843258134181
0.0004745356169113414
0.0004627456411485877
0.0005271359472369914
0.00046271132017592975
0.0005595916496622214
0.0004818845380826826
0.0005469691699770303
0.0004642590463509258
0.00042709250422234997
0.000418827334126743
0.0022501446245824274
0.002399076377846023
0.0025381123684870225
0.002738449655037081
0.002581642946663362
0.00237375471314875
0.0020848596080050457
0.0025169324340517983
0.0023778089154271502
0.0025619967680031407
0.003788044209674583
0.0035904170674004123
0.004279919353529969
0.004283429570490186
0.003953697086848584
0.004385191629149437
0.004057058683331662
0.004089758421366899
0.004036658852960559
0.004075439627994675
0.0002692731857036664
0.00032988750200476513
0.00032271779180114156
0.0003208596957520691
0.0003714614453320913
0.0002716377109101947
0.0003624089010343029
0.00028892232860127314
0.0002857573183680779
0.00027876317629203947
0.0035062431508513393
0.0032114089054737682
0.0033819751683229486
0.002887059361770754
0.0036625184899569795
0.003458926794794376
0.0032710944454539402
0.003016738188865158
0.003607202963807566
0.003277289046514535
0.0014618041219125904
0.0014963077706932383
0.0015948084643246292
0.0012672187515737048
0.0015993134388179282
0.00187318207218129
0.0015022322540756267
0.0015532785394450986
0.0013718499294639182
0.0014670371078460945
0.0012281968837878315
0.0009119539633292142
0.001044485310940835
0.0009320403409266557
0.001042815707388028
0.0010118571090300414
0.0009885710747132253
0.0011283026037722083
0.0009764931727330922
0.0008125666588396007
0.001555819500487076
0.0016648097722899795
0.0015390967019505144
0.0016811386909176146
0.001328230486110333
0.0015514123942463908
0.0015783486295322716
0.0014179111356179856
0.001782534609611514
0.0015932023971676232
0.0028757867510937314
0.0021702525796190664
0.0021876274913958413
0.0023148523240922817
0.0025332144128418664
0.002532789764810225
0.002345789997494181
0.0024999365735381127
0.0026294703531683705
0.0026984216092061143
0.0034053092564965285
0.0038668095402074882
0.0036110468030232865
0.0029982452810946828
0.0033082603146840257
0.0029204460766875323
0.0037215008275171316
0.003411789012213895
0.0035655924518145556
0.002953747292500111
0.0015926475306696798
0.0019320931010982961
0.001859660594969544
0.0017897843019258257
0.002100967999709105
0.0019217072503351662
0.0016814689929594312
0.001565586622863081
0.0021189066070322216
0.002037989480024855
0.0026974102806207397
0.003022285014440423
0.0028309742317040323
0.003135252863682757
0.002927034460297852
0.0028841215995622934
0.0023693896872555168
0.002863045798148964
0.002181160604568696
0.0028127275581144853
0.0021674523775520576
0.002614010947463409
0.002289500410494434
0.0020764730383624973
0.002225793894291899
0.0020753043677630956
0.0020160964832475533
0.002170228011022162
0.0024633776626484054
0.0021529792875779035
0.004126200218541253
0.00391294926784502
0.0038429294802036313
0.004041612157133387
0.004096695772129119
0.00311022679456705
0.0034049133930524698
0.003722954286443067
0.0034821823702452866
0.0037953191865517035
0.001897832937922468
0.0017010938912156717
0.0019110067683916054
0.002035846095947876
0.0020914217025980774
0.002254810995476542
0.0017971462716976192
0.0018112501511906456
0.002262646486808925
0.001995901930664167
0.0006410763671378526
0.0008287652638629996
0.0009160437972214121
0.0008809550258883569
0.0008212023312109008
0.0007289505246910815
0.0009053187719814343
0.0007889712393265229
0.0008174636393910718
0.0008526824694568599
0.004683676418560094
0.0039000928913358658
0.003835290092099716
0.0040081276542431
0.0033802200588159297
0.003355372941070686
0.003064216504378913
0.003522534630622271
0.003079341218653983
0.003766616590234114
0.001040888772981982
0.001230013945027563
0.0011553663922441242
0.0010456571468601963
0.0011458658067648574
0.0011840499079337733
0.0011501954403447233
0.0012826393982020422
0.0014339942177641716
0.0009897121353177937
0.000801554314392675
0.0007869733243524475
0.0007817712489315413
0.0008143840268960549
0.0007593164752588944
0.0007873458162271532
0.0007668674665053468
0.0006361513604019136
0.0008150105582421423
0.0007152724544594349
0.0002026200194498251
0.00021372767072699552
0.0002068397720716407
0.00022415991896863224
0.00021518153712563257
0.00020267395620189287
0.0002131776658659092
0.00017159527463294304
0.00022296881208232162
0.0002426950918733842
0.003380564579794304
0.0035988984782716047
0.0041958354651199115
0.0032897438441155027
0.003488006385279964
0.0034994813939186907
0.0035618227942980927
0.0037268821847513053
0.0035306931670400625
0.0032906247661321345
0.0038200729649162696
0.0034963850017347233
0.003921632680969975
0.0035770025279815475
0.0035403195058026117
0.004092808633864492
0.004418150990427068
0.004031628425135318
0.002908931287219849
0.003684208928948739
0.003929695162396447
0.004096008033095728
0.0032210919257568043
0.0033148945092770815
0.0032660752091076793
0.004118572612942462
0.0038333504312457797
0.0031984587833874434
0.00408601771975398
0.003543951053533188
0.003818616191624371
0.003979370198248712
0.004072905357629024
0.0037129432760264207
0.0035483399647220793
0.004085752821638143
0.004291503646796739
0.0041544780918520525
0.0038998692290798114
0.002986615519342654
0.003385333921820371
0.0038955231400893257
0.003778989275963908
0.003683292013444494
0.0030742649132139447
0.003715390384432127
0.0034470314257505135
0.003938211440087643
0.003475044610217542
0.003971188359206113
0.0030065997218179253
0.0038817513639597115
0.003996143200995713
0.0028350031376624743
0.003031595917469293
0.003240874797518075
0.003318351157278316
0.003405578858081189
0.003065264939030137
0.0032063213383322223
0.0025237834312170472
0.0031065074066834344
0.0027802607537227987
0.0033259588258342625
0.002921391676509118
0.00267585130663417
0.003466154736563069
0.0031185100097278515
0.002983243146186737
0.002571707324002476
0.0023780130610343447
0.002912048949863952
0.002135649322678251
0.002326348422385556
0.002396660993571882
0.002994057550257772
0.0023369745603525273
0.0023291832956421833
0.0023860118046649397
0.0022098471844860155
0.0013343549218820308
0.0014980979081481922
0.0016116458066983922
0.001212594068020895
0.0011879284420961778
0.0011575258975917038
0.0010630329410575108
0.0013429566683776442
0.0013538975047580823
0.001283182840324322
0.0029840841790496893
0.0029270394090826967
0.003323299264497441
0.003109677829042877
0.002943259681794912
0.002880450807330038
0.0027444193886335894
0.003212526342248595
0.0027129665322799005
0.002969380918612842
0.0014758463905255067
0.0016459076678899589
0.0015333089743601548
0.0015750807890734361
0.001641624872959187
0.001772042894755994
0.00182285965114211
0.0015019719680149006
0.0015238814633513058
0.001529110481731744
0.0032827189435356992
0.0033029037265050534
0.0031863342824465955
0.003677429613036953
0.00344812292877184
0.003685636339324771
0.0031683117718425465
0.0032869969150139742
0.003734899447066827
0.003790525895038045
0.0017596105110145711
0.0017243039389473625
0.0016082908581162543
0.0016588816106228922
0.0015431180712945618
0.001563238627865252
0.0014309764591284439
0.0014820781976207147
0.001702772365242585
0.001321356912990037
0.00433343678011555
0.0031060514570575627
0.003517572406478912
0.003204202711014826
0.003766209707623489
0.0035553826264981304
0.0037991152718659838
0.003420791221349065
0.004795048866673443
0.004347185474341501
0.002907377147960368
0.003144403235770502
0.0028727097961176763
0.002823693442243604
0.002736690630980611
0.0032667893729830485
0.0024131291569777923
0.002771321816484676
0.0031044266712976537
0.0028311382277746273
0.003926754712301155
0.004030531103392235
0.004521319000405303
0.004698939768443697
0.0031849178261140233
0.0035300757946931933
0.004154648165360904
0.0037553950507448045
0.003934608719696601
0.00367626817374732
0.0026777960682162613
0.002315186341572389
0.0025422326153588487
0.002340809643258641
0.0021052487635798236
0.002609005682503561
0.0021186193500711244
0.0018458995497802155
0.0020865778264739254
0.0025728099075386078
0.0016323105782142023
0.0016325715390931928
0.0021666451253014125
0.0019340516048408144
0.0021542681395533437
0.0016140703778606085
0.0016633590807173667
0.001755423508876344
0.0018032550724273958
0.0018803032487555256
0.0004573949521169631
0.00033613203531536543
0.0004030812870147298
0.000364421588046579
0.0004078094949929113
0.0004087906424608081
0.00038587186459223947
0.00038085187900531117
0.0004452507241657679
0.0004546358662727867
0.0007291627554725244
0.0006798197514839175
0.000542218533589257
0.000672100114168928
0.0006492881336219696
0.0007322677253566012
0.0007536086562914805
0.0007151260958863134
0.0007769697123202062
0.0007160710742946819
0.0016455308525554976
0.001710717577376569
0.0017174718691705883
0.0014088134221600362
0.001757762908287073
0.0015691556061168948
0.0016236640476774266
0.001998939093040027
0.0018201837508211003
0.0016163014582933107
0.0033982549751832513
0.003241387872765162
0.002938218075464364
0.0030817675188791315
0.0028944049945121533
0.0035095505564333414
0.0027409910050370965
0.003242914820352008
0.0035873309511742614
0.003332956044100178
0.0013804248631833636
0.0012632384288270967
0.0012749363106188997
0.0011461710975751904
0.0010498085082323767
0.0011636229761633641
0.0014756358119474918
0.0011608015810021192
0.001244815911186196
0.0011828425900362405
0.004059059631719524
0.0037430046170181764
0.0038807272655086173
0.0038092146507843726
0.0036228953285478882
0.003899234650756766
0.0032575280697091672
0.00368009747036266
0.003938931081842079
0.00395433721333092
0.0014763108173058727
0.0013685974982735546
0.0015472496364229045
0.0014248919607344364
0.0014593232684417885
0.0016271688435217084
0.0013888652284855512
0.0012907657488722823
0.0014924467989906344
0.0013548642729770805
0.0006502401424611823
0.0006817410058262596
0.0007519889381252053
0.000664281301128901
0.0006589531345056522
0.0006375435211377947
0.0006343167918763686
0.0006636967286129499
0.0006372353991586099
0.0006817220688232569
0.00018241212135398368
0.00023097306324115863
0.00017659668495804292
0.00020724858452008166
0.00016636276005629614
0.00022217716875058723
0.0001823328424578447
0.00018503764621677295
0.0001855471630004568
0.00020946186936183678
0.0002687841230619293
0.00032527493934890515
0.0002646398878059589
0.00028097484073296217
0.00033895808401477554
0.0002750540422071472
0.000318463532754408
0.0003088480752937912
0.00027121492581020176
0.00027543634798556544
0.0037254365155344376
0.0037207055267982746
0.004070443431149043
0.0032595764052745515
0.0035144446272185477
0.0038401490274197637
0.003692987774300494
0.003211530592007312
0.0032095492432431304
0.004034307094499167
0.0005497896452635103
0.000528502805173258
0.00042788908152200007
0.00041468839863898204
0.0005433915707494484
0.0005133412160162229
0.000434176281037649
0.0005515423062026345
0.0005145896997522461
0.00038244659747045147
0.00321602656992759
0.003994192412833186
0.0034785995197754234
0.0030656273228979046
0.0033939267404407797
0.0037326532769338867
0.0036458400095069677
0.003489829409138512
0.003260481759490675
0.002892881909327845
0.0014100929476808122
0.001680744007375273
0.0014104320355644675
0.0016547949021048784
0.0017136107932983252
0.0014266742250593077
0.0016526525517500188
0.0016948907425725823
0.0015150037491289763
0.0014072559892153477
0.0009103607817924951
0.0010414005184871261
0.0010380871952588597
0.0009487439703756183
0.001037020128087433
0.0009511529570954019
0.001053790866773276
0.0009335922657650005
0.0008875899480683528
0.0009574452426519916
0.0009358884377241497
0.0010243477553714944
0.0008899818899379648
0.000783854078326182
0.0008612303611869395
0.0009033453166655222
0.0009820079895781297
0.0008560559465709583
0.0009210199921558692
0.0009974638203714783
0.0014819082330447873
0.0011973882031875438
0.0012104753879853066
0.0013438894156077858
0.0012599987496802914
0.0011318371788355762
0.0013559972704871893
0.0015093768545705812
0.0011368863612757692
0.0014217901597725095
0.0033569172629858515
0.0027976527416659134
0.00394910479774498
0.00340444488379273
0.0035929344589578967
0.00373438016855437
0.0030404957980739427
0.0035814442323947406
0.003610011109360624
0.003659444913486242
0.002693208852738422
0.0028914019870650916
0.00277431128519217
0.0027976909381443433
0.002473967979710316
0.0026980477877766654
0.002486532059811482
0.0031130736520940715
0.0029633017475821652
0.003193252324687238
0.00037966783842400485
0.0004093449125270062
0.0004294735606206312
0.0003555053338928116
0.00031666942679165616
0.0003207196767609641
0.00032396106108098906
0.0003669823963713689
0.00042094071241219783
0.0003056590157131682
0.002906064085479741
0.004166489387710026
0.0038713774686725605
0.00345712980319445
0.0036286527989212772
0.00398947220647962
0.0033998347535304486
0.003397474505312932
0.0038699574456036263
0.0032191796476728723
0.002196287046545618
0.0021421361958961723
0.002618123952158549
0.002226055983199381
0.00260160184485559
0.002406243840148808
0.002610263138178476
0.002321727041182722
0.0028124774591167133
0.00276474266710064
0.0009951431059764062
0.0009220905773622296
0.0008511608068355062
0.0008755794827731618
0.0009746901471734447
0.0009870707047137618
0.0009579235281766297
0.0009569149271454108
0.0008483844495769761
0.0007256703806180401
0.0005300127403865128
0.0005561566883276246
0.0005368544195756135
0.0005907260540959425
0.0006319599390318628
0.0006356891099250804
0.0005643354524576873
0.0006181378145139961
0.0005168955992048564
0.0006443250089296972
0.0016553299402231282
0.002064636981016975
0.001915714390443933
0.001987951295359131
0.0019225671186811062
0.0017311765987101484
0.001841424627623901
0.002236584147038898
0.0019906352178249115
0.001635765074437113
0.0025781048929932036
0.0026272933795209842
0.0024395346136576674
0.002773759804979567
0.002715685036242119
0.0027947768736361843
0.0025708649654011526
0.002711575239159753
0.002758971730738967
0.002855978964120243
0.002312068375158963
0.0018623051073056044
0.002390957793636333
0.0025595660702892498
0.002201624340514952
0.0022205554369615728
0.0023888362892419673
0.0020687569043441596
0.0027101385632344495
0.0022049483095937803
0.0028892327238378888
0.0035472272891411394
0.0027666255213473056
0.002703193001882207
0.0030699593820454054
0.002872207961071098
0.002847754382897075
0.0027320145036224116
0.003473505755878284
0.003226993867784255
0.0007914042147791592
0.0007229221731290313
0.0006752658759724125
0.0006594751761264902
0.0005633297593320465
0.0007442168742634481
0.0006073782720408675
0.0006889377518829622
0.0007923065894714849
0.0006476136801384568
0.0017433504770268194
0.0016510275968971764
0.0019151721159430019
0.0020405036320743355
0.0021036326942355317
0.0019438783208284524
0.002012180893366671
0.001666976401426323
0.0015325293526581157
0.0019707926632059154
0.001992118550810722
0.0017646251996044275
0.0020677119041433434
0.002195878759968468
0.0018573865650881628
0.001949762660012906
0.0017911263498732294
0.0020288946564691783
0.0018493974558581316
0.0021969204935941822
0.0003638559219680443
0.00043220154642172916
0.00039102242414485816
0.00036386594992983374
0.0004289230285500679
0.0003797118831472216
0.00046379512417754306
0.0003980185305715681
0.0003788819541204032
0.00037744749962282005
0.0029421679819427063
0.0032566997568410166
0.003076381779969278
0.003141678149560615
0.0024075910529170294
0.0031598676864297184
0.0024543242272443643
0.0028444467231303833
0.0030743856630767643
0.002733025300898059
0.002143087776633872
0.0021460262095332476
0.001802631786447818
0.002108125731999396
0.001658950999440576
0.0017663587701974579
0.0017523893197579313
0.0021721148208785988
0.0020867066597703814
0.0025430075446082057
0.00020130087669797928
0.00022495351364350502
0.00020209444415987838
0.00016310068663941135
0.00022241771875613654
0.00016985537870585997
0.0001804839986485284
0.0002181773092667142
0.00019735926182823068
0.0001904610669870248
0.001954010975752375
0.0020273735362122797
0.0019945280060574416
0.0017347533344839524
0.0020670229547849776
0.0021403992505364365
0.0020991766890237464
0.0015704134069837686
0.0021451871567717846
0.0016697116955599412
0.0006748242820542413
0.0007900671473524231
0.0006750228049922546
0.0007078445844235439
0.0006409257782759078
0.0006430756274253463
0.0007219063256899035
0.0007076343698572952
0.0007458165855101138
0.0007691496847232088
0.004298058394656298
0.0038021802249370304
0.0038248869028564172
0.00333253619364474
0.004086251215778076
0.004196915961005618
0.0033542965811124165
0.002634293702806347
0.004703788553493292
0.003256440668511381
0.0029374676251703517
0.0028962249417134847
0.0025856411261941698
0.0027038260805923747
0.0023491260584034223
0.002878034598497992
0.0026432527618531583
0.0025805328845415953
0.002544400218998134
0.0021214569222756372
0.0018598258348227282
0.0018790604063521636
0.0015223283007151896
0.0019359965298413222
0.001805794981991268
0.002052128220163776
0.0018077577073491937
0.0018111100535490269
0.001882394476590567
0.0020384951254969405
0.0018505504978741337
0.0015886162376344765
0.0017214006422689664
0.0017682120891846945
0.0014385537109676066
0.0013499142936647295
0.001835293167260517
0.0016162772058153521
0.0016891307175312244
0.0016296786289127316
0.0012690416106622177
0.0013982948556430133
0.0014566991212188198
0.001406019488181103
0.0014075374077389838
0.0016664837355282785
0.0015971364596749577
0.0014949898844047274
0.0012210002167444424
0.0014550440369106947
0.003676421782932297
0.003693949409921764
0.0033566455801403573
0.004641218981551479
0.0037541947095238778
0.003383083040168184
0.003684706954758681
0.003793003943755131
0.003641088429699749
0.003729643253340603
8.209523821095288e-05
9.908365535072273e-05
0.00011318258192544364
9.248169376452499e-05
9.162043842689294e-05
0.00011620964800235868
8.796798033365984e-05
9.52514052913402e-05
0.00012677552330520888
9.708490701604607e-05
0.004134205801685927
0.004639584191251382
0.003994977665247916
0.0035600014177223386
0.004088593184238341
0.003994725818271168
0.004257552878287626
0.0037002774862255746
0.003667362756505537
0.0036415757383701274
0.0033351151119469322
0.002991591779832252
0.0028042542058486627
0.0036662417688664633
0.0023989085888813065
0.0030721165201460826
0.004244545227978036
0.0027268545260339745
0.0031283830069643594
0.00298716605089105
0.002476933676247525
0.0027967624004031463
0.0022356351479603663
0.0027799001080414405
0.002299885337698078
0.002427734705772339
0.0025320441154966806
0.0020269764408109305
0.002400998990947284
0.0018631268199922671
0.0018398579745581103
0.0014525583255697236
0.0017689876276014338
0.0017868906710370972
0.0015791058183479703
0.0017919419408605245
0.001596644885477449
0.0018031395600347604
0.001985075953959529
0.001430162366122002
0.0026889507720207783
0.0028275249756040456
0.0028433199794011444
0.0026243329489205945
0.0027028383967217418
0.0028518150765657535
0.0031756423486563206
0.0031432252449995176
0.002575675121861623
0.0027689726848780056
0.003425465376698229
0.0031074429268202978
0.0036860776613370574
0.003088432758890349
0.0033585015846781738
0.004061712172805078
0.003620372279870778
0.0036143149372522593
0.003181583318245841
0.0033698048881780815
0.0018499762820502203
0.001891793867032717
0.001912629233198463
0.0016686999080381636
0.0021085670928368
0.0019219984323253145
0.0020896652988872124
0.0018211492662485009
0.001367999846521106
0.0019457026980559515
0.003909880194117025
0.00476106900426585
0.0031050884022265583
0.0037014194274345683
0.004047008215349061
0.0046167270980633805
0.003969463876643952
0.0039495002166887345
0.00394038766066215
0.0034772521181460907
0.003942215862409289
0.003536092551074073
0.003060016223242868
0.003587368376412914
0.003231143160036728
0.0033416795525534975
0.0035821341678634365
0.0031818859408435964
0.0042096575795137516
0.003236979449482473
0.00039517755637221536
0.000362351749546311
0.0004853762991295519
0.0004105782742811303
0.000418524188500643
0.00037714639101322714
0.0004462052766430356
0.00040651020914333374
0.000426862708279806
0.00045468111998385664
0.004048046875224853
0.00401943260165065
0.004596497116265896
0.003580403220683247
0.004338033645944132
0.0033984163884172892
0.003930643968373942
0.0038161866747160175
0.004590239561199037
0.003957252416851082
0.001147216551886581
0.001406866517790056
0.0015637846182578513
0.0014732653998737013
0.0016722893693565306
0.0015176003982794834
0.0014732642139490583
0.0012770597853546148
0.001500951453657802
0.0012260804298722561
0.001445405740995748
0.0014176685484911793
0.001494958353450605
0.0017775050912457917
0.0016815121603793264
0.0019479624390777088
0.0020714948486341834
0.001603903984865822
0.0018507014683694079
0.0014988298012822688
0.004031390796652844
0.003438785404027399
0.003387906775927985
0.0038472011625114793
0.004095410178358474
0.0033080416925551684
0.0037067712833840946
0.004227608223660535
0.003810101327167746
0.00376547561692479
0.00460183168550723
0.003965669855696644
0.004433082360668148
0.004476776368299638
0.004610588506167497
0.004215377758635482
0.003965385939772273
0.00358304207152199
0.0047814205366126265
0.004421249445869465
0.002444645497009167
0.002548316769483951
0.002393566027045993
0.002229497724672802
0.0018369568994888417
0.002317710150751378
0.0020691437100514866
0.0025375210717754094
0.0022490326984656826
0.0023328749782753682
0.002525765722079156
0.002530924394752735
0.002860884690954466
0.0032080874238112475
0.002636854161503956
0.0031284317617718614
0.0028463784309406266
0.002326596502767153
0.002883529390360087
0.0031270879234692275
0.0029574463659224684
0.002892445500290227
0.0027764349044226235
0.002765876891544895
0.0029038215563512186
0.0032931974427050123
0.002784395770658406
0.0025306726489178347
0.002961368439816529
0.0025809657554993156
0.004244604070236389
0.0029055966073583787
0.003971571048201839
0.0037932562659044326
0.004173112104438901
0.003948347099539747
0.0042173047279476066
0.0037944598690967304
0.003821735243975346
0.0038023343769297497
0.0024356105595201073
0.0024676612520144543
0.002475210657509938
0.0024469077197308967
0.0028055045998693776
0.0030272478355913616
0.0024477514367969412
0.0025958026940744185
0.00207542241577409
0.002344106694345815
0.00248393032787661
0.002266966077315355
0.002029637114267125
0.0023314694542580943
0.002153596316017423
0.002072681680455816
0.002147490039250423
0.002349475151488081
0.002451450235534793
0.0023350853424220514
0.0009813216690680209
0.0007684235485586812
0.0007541474370260607
0.0007893565894733938
0.000866968755145634
0.0005189528399417574
0.0008294468246822251
0.0007621819807262663
0.0008074918301758824
0.0008094168512788736
0.0030500652178673503
0.002912461493977312
0.0033833693230033873
0.00314689335295279
0.003407618556812817
0.0023075751792896613
0.002906626633830565
0.0025351851560986593
0.0029842886714796695
0.0027507080229349865
0.0035227072942789423
0.003883265772948073
0.0034664088477277958
0.0034051429722209274
0.003364598596117418
0.004063653944610488
0.0039770827505220905
0.003587752072196666
0.0035803509132958634
0.0031341823747745054
0.0012242302885779844
0.0011834895488345488
0.0011083652043404994
0.001413521584400629
0.0013387010393168981
0.0014783357108268409
0.001330174113655405
0.0011374116886239756
0.0013739698520116297
0.0013149205232529122
0.0003059462761738804
0.0002692279278073806
0.0002911377677713265
0.00028985582161166786
0.00032035785725002624
0.0003220836067563219
0.0002850302423309781
0.0002523331660723608
0.0002945778039862107
0.0003283175012610127
0.00033532665394369904
0.0004291601377969934
0.000456671615036134
0.0004062505017549018
0.00044694938587787857
0.00042327895940740283
0.0003897640605472512
0.00044133135042238343
0.000413137757637081
0.0003776827687870852
0.0005199392569417492
0.0006172213352569322
0.0005873111598230504
0.0006355656249774458
0.0003837697757070608
0.0006721251089656943
0.0005852480532928448
0.0006303420199049552
0.0006709481537451764
0.0005240148468006179
0.003303276472047839
0.003263120754687502
0.002855584401401771
0.002697875395768178
0.002589922354762268
0.0031528660917994936
0.0032021541664704178
0.003314349563232995
0.002716592460500052
0.0027753446565362406
0.004101030380085164
0.004182924873651949
0.0033287200721303944
0.003638373911003651
0.0038192986248937045
0.0038514854603214797
0.0033854576004673795
0.0037018134112395155
0.004191623366654583
0.004421844720711036
0.0007297230335744475
0.0009586340701861052
0.0009050506570047808
0.0007680889343263672
0.0010343643858261153
0.0007092667586713231
0.000908614224687456
0.0009126062345948811
0.0008457950942962095
0.0008346399845625102
0.0027770022846888625
0.003344616723179588
0.0032306553010846063
0.0032043783440496767
0.0034625949346717678
0.003602881840606943
0.0032058155279560924
0.0031786028888845445
0.0034605433472092773
0.0031621493029292255
0.004368150092965745
0.004390168079553277
0.0038226970891306646
0.004007375598714373
0.004720099102278467
0.003499163176103043
0.004294941454763668
0.004696085505146674
0.00349853996605405
0.0035308212804762377
0.0035182023002016533
0.0035363883447856303
0.003833392268613097
0.0034714499127145725
0.003073422406595615
0.0038136759148575364
0.004102391898185364
0.0032143806513745903
0.003916415204106468
0.002824451344642178
0.0011761438254148664
0.0009347417162916012
0.001095247956591353
0.0009439430340967232
0.0009609671578290045
0.0012148557915809305
0.0009775097281740181
0.001005199456523544
0.0010026828562323513
0.0009901151921946464
0.0004903847833055096
0.00044816580583967845
0.00048462764044635194
0.0004382114151306507
0.0004900515691722728
0.0005258573817859151
0.0005003888419449231
0.00046297532780418074
0.000556529411712991
0.0005136155944052101
0.00048252677302903634
0.00047127942675809356
0.0005125115819029454
0.0006034310411459147
0.0003858933646653941
0.0005015399336864492
0.0005099030494364996
0.0004592278820365043
0.000553454908472184
0.0004895702734496958
0.0035601857625072795
0.003550687114006899
0.0038396284252434206
0.0034528607062044316
0.003418825290878434
0.0034912868980013353
0.003473298026584099
0.0036161712459209763
0.0038969495342779004
0.003980778803951092
0.003084077262365459
0.002831316700822992
0.002614739380930989
0.0029219557485959196
0.002255358588759308
0.003054603070020079
0.003237314789600226
0.0029614816433572986
0.0032748999917266656
0.0030930291303817967
0.00218307296559973
0.002827179808442324
0.002654343385517092
0.0030178675242951572
0.0030619654613356214
0.002806471887502521
0.002981231046125522
0.002783398332222066
0.0031911589023250484
0.003447729127155585
0.0025444831218513855
0.002637192146927992
0.0026409870886169294
0.0027353587754229396
0.002522563377795019
0.003049230061858352
0.002642491900788505
0.002456878579984269
0.002508444065501033
0.002948042408326409
0.0011138786529722438
0.0011514564067833858
0.00114744987704788
0.0011353221140521707
0.001218802489031901
0.0010393030003137279
0.0011289801973152708
0.0011407257074387616
0.001176211719696437
0.001240183024024908
0.000741003911793395
0.0009475500190416842
0.0007267039995409819
0.0008631981767208314
0.0006800261481375221
0.0008208260089170904
0.0007937536278137059
0.0008288595224362677
0.0006269361718104253
0.0007717132506914728
0.0021221188549366194
0.0024149511438575338
0.0019483662547826444
0.002286846578062275
0.0027147250218743477
0.0024756609375427203
0.0023092595101554198
0.0026107473807799593
0.0025249865265975753
0.0025662529333071826
0.002832343764277672
0.0030451031084414455
0.0024015792959870596
0.0023616865518010775
0.003053611464650818
0.0024283227830955868
0.002477199928360193
0.0025781142068873435
0.0028792857070041276
0.002833829256875223
0.003235467338928432
0.0026410218573078657
0.0032898297414125435
0.002681005784584235
0.002950448814397893
0.0026968123703545867
0.0032621368092748855
0.0025026734374047122
0.0025815797361933924
0.003062058710410086
0.0018418410631130858
0.0017117052534779058
0.001989233798766909
0.001990211836640928
0.00194385317754143
0.0016221246756819366
0.00191095239572157
0.0018751903312932373
0.0022646074631862715
0.0019007436993309314
0.00018109240093959356
0.0002146543267972944
0.00019632383257889326
0.00020864459873028645
0.0002352808980959107
0.00019103998286535272
0.00019294141173433258
0.00019400589898778991
0.00019065032054502368
0.0002059161257613693
0.002669338915182565
0.0023029907521419594
0.0025795797964906905
0.002996660557871394
0.0029296094501313373
0.0024511291750340318
0.002834973125142267
0.0023456333465875297
0.0026086407829292676
0.0026069988466321664
0.0005661965275796136
0.0005983555498696037
0.00035352302402437375
0.0005150233097731471
0.0005459456193413714
0.00044458453714198626
0.0004651776544184705
0.0004527158173902809
0.0005100345460690505
0.0005278290653106551
0.0009283692661226436
0.0006986589294757257
0.0010636550654591146
0.0010945352221666798
0.0009668311326741489
0.0008899002650317353
0.0008546444278572777
0.0008921882237687305
0.0009149990632916496
0.000996300519241342
0.0023448765145681195
0.0021700346289353456
0.0015276540663666251
0.0023034517747837235
0.0021407056729188436
0.0019756522972813498
0.002336653278393428
0.0021390343660946374
0.00225444509605984
0.0022597077242501634
0.003856050863641291
0.0037736921527538082
0.004397896698391481
0.004011671295620871
0.0037086576601248248
0.005013804378295987
0.0035934568929369593
0.003306467168200081
0.004046552382501458
0.004210706719316982
0.0019581300839081454
0.002462356634883034
0.002475982736587832
0.0019126096788599529
0.0018365260025615384
0.0017682170493146885
0.0019073965639607882
0.002076824872137092
0.002038586761923289
0.0020344968552517724
0.0027435156756075415
0.0027713320460025425
0.0023608995051145718
0.0029226408851096746
0.0028745648151873404
0.0024108312960595506
0.0023538843162517727
0.0024213763019315477
0.0027952006324350248
0.0030511690563537336
0.0026727180234982265
0.0024765478814954495
0.0024150889652437848
0.0029100824404624643
0.002620336749410844
0.002719100311199892
0.0026017105479954677
0.002824671829220845
0.0029166266366520916
0.0031794968934099246
0.0009774277328014134
0.001020113516936985
0.0011846242850163317
0.0011022971328731852
0.0011856058657359922
0.0009364816374168961
0.00097525849334906
0.0011310314855638394
0.0010043632418398677
0.0009966408388560426
0.0039178230696654825
0.003947165568898659
0.0037194297264519526
0.00373547726436622
0.003763065928974553
0.003652578429192007
0.004774651217181281
0.003425110391060936
0.0038139732018341688
0.0036290521823177766
0.0017189325010685747
0.0014562496769526592
0.0011354719812924447
0.001342216904520124
0.0015743198989821676
0.001469635720309651
0.00147423561417384
0.0015906812910126925
0.0018187614649664056
0.0015728180164680974
0.0014692643573837334
0.0015265951936637302
0.0014381045626102877
0.001361423992353173
0.001366071019897811
0.0010571498916567064
0.001463173062554896
0.0013451391539503102
0.0012406821971118875
0.0011510066249564097
0.0028594192765043405
0.0038290792965388937
0.002877587057225545
0.003764939993386699
0.0030661049137608717
0.0031434382932480002
0.0032268370551152355
0.0036597064730208195
0.0030353654021812214
0.002657703325084311
0.0021501572295186317
0.0021431192342381052
0.001771144109245693
0.0022085329783207985
0.002530722759972669
0.0022160052495855042
0.0025556345925507222
0.0025406064884158372
0.001776019875745039
0.002125357979193622
0.003233651738514241
0.0033476010438318526
0.0032255160728029146
0.003866950031722033
0.00268720756848308
0.0031030111856755007
0.003324568651186641
0.0031979095348419577
0.00367264376407746
0.003273938791091651
0.0005732526660471041
0.0005280500245652457
0.0004644555227579086
0.0005684875189038691
0.0004766748586874414
0.0004843019094438005
0.0004506184252337677
0.0005358752966943649
0.0004124490919276795
0.0005796984104065562
0.0013262483486659528
0.0013959381461773994
0.0016807938637637039
0.001508952635501957
0.0015022115970227464
0.0015776669506077827
0.0013897021160879117
0.0012746604638658456
0.0013556003085951889
0.001383586641649388
0.002641677633916998
0.0027946573047463005
0.003094610150011163
0.0029790763833036455
0.002756684694324643
0.00270374611914906
0.002966248884860551
0.0031733248883094316
0.002900423340496189
0.0028988383585724785
0.00252835034628682
0.002824252304468004
0.0029298911315985233
0.0028389039278733513
0.002705813158236894
0.003135077725612529
0.002854547491078085
0.0034433989955700815
0.002844633424434695
0.0026509628601359414
0.003443837918523299
0.0027491236019013218
0.003756269435308631
0.0034865455426692973
0.003976557041749534
0.003385327993494475
0.003894274074970601
0.003584515730195029
0.003477928844130801
0.0033098043123633027
0.0023611168783616177
0.0021910607511258172
0.0021134205398312227
0.002120915588467118
0.002087026833707871
0.00219543330557154
0.0018012447224410794
0.002135356142814823
0.0022656553333315534
0.00245328541320404
0.0026395057124029057
0.002689612487053045
0.002391367075494613
0.0021731643684701546
0.002577380897771048
0.0026753363335141533
0.002664657413871306
0.002076810948408119
0.0025579982378531336
0.002655370711859939
0.0021723926878425654
0.002357235863184426
0.0022760695326368157
0.00215302228141716
0.001955448919431511
0.0018830340287550578
0.002251219140013832
0.002167401530462921
0.0024486154352437125
0.0022431822156121664
0.00018030274847045613
0.000209020696820962
0.00018197770462288884
0.00016358821026671015
0.00017106643771231772
0.0002072087381531655
0.00019875852262178233
0.00022327234478421339
0.00020396885936303002
0.00020912918933123096
0.0013104601810053696
0.001173634299701197
0.0014402387014192572
0.0012323178395006744
0.0014063148452556993
0.0013000128150350819
0.0013546551540049427
0.0011203271956678011
0.00138976225747261
0.0012550299006261955
0.0007756955681618928
0.000823271656097637
0.0006665602118648902
0.0006888153919175612
0.0008174909228281503
0.0006965091352840945
0.0006620348891041464
0.0007486508968781793
0.0006939823344752165
0.0007743147789294431
0.00413776576729142
0.0030890154074602813
0.0032586924425358696
0.002868499354400847
0.002592875987972962
0.0035900774889984694
0.003484493073044805
0.003055194639793091
0.0037447465408470123
0.003054847173588982
0.003945252342418419
0.0038621245604424526
0.0033803110438147717
0.0035750646682804342
0.0029946394848701743
0.0035060433745401137
0.004245534031999635
0.0035072171786670373
0.0026896512100467685
0.0038231802206242916
0.0026837717677171673
0.002118843139041392
0.002316008682309804
0.002547319167719562
0.00303658381408419
0.0022990243782785038
0.0025145299357966664
0.0029464915596110496
0.002379100142417882
0.0023554291716779857
0.002803030791493457
0.0026217202506681157
0.003231038554272047
0.0030798068183437183
0.003416144312034788
0.003504487565148414
0.00337338202404014
0.002910216519584233
0.002831244329775965
0.0028818678784871374
0.000797313191813782
0.0008060989887677778
0.0008159320516561427
0.0010573040435582707
0.0007204571477607135
0.0009360101368406971
0.0009230369643182636
0.0008300040692106665
0.0009850692451328913
0.0009961563580124565
0.004522538336121396
0.0043521275526539555
0.004029012391009983
0.0038852852114861767
0.0035174938276281487
0.004426512987409153
0.004160540589560384
0.003839792992546881
0.0034476040053057623
0.0038588723142932695
0.0037802690846997543
0.003756458319562185
0.004090957224568199
0.003294284060808745
0.003202713899432665
0.004121149677973034
0.004448971911236755
0.0041058312836789596
0.0038027045781657423
0.003507300579079036
0.00286949398591705
0.0029505927153414295
0.002760440346233739
0.0028193496892187555
0.0029503862465422607
0.002948790091101352
0.0026666599828973872
0.0024375879088584366
0.0024612500299171945
0.0028301917555690463
0.0011273496745192024
0.0012055016208737176
0.0011799854828721931
0.00105433190809249
0.0013535038395128336
0.0010538583309347212
0.00110440167095113
0.001274541337492304
0.0009631435787091463
0.00097483511157587
0.004305109558106227
0.0038669826467704485
0.002796741500473947
0.003022558236828788
0.003466744180472084
0.004157507782697756
0.003669917407452764
0.0043110462197892135
0.0035740469628849645
0.004068080335632628
0.004293992591794991
0.00353340703557136
0.0031661164549058093
0.0042042064762547555
0.004064830158194922
0.00431245126769514
0.003087362284361305
0.0038030298018208388
0.0035913330680627923
0.004045607637626552
0.002765626762644558
0.002933403248543657
0.002678195711183766
0.0031126359058084333
0.002747133301497407
0.0025667566104244804
0.0031049073054105186
0.003302623643263655
0.002448865919505657
0.00303373843160498
0.0005836873971064684
0.00042939307700243056
0.00048326122109765816
0.0005760644375607717
0.0005072070193434801
0.000549723353409758
0.0004988859243896856
0.00043523562454734636
0.0004532466417645023
0.0005144044021722871
0.0012390512184931896
0.0014496702977695344
0.0011164602847978202
0.0012507047939423102
0.001284349330188564
0.001008308507272696
0.001209460568874677
0.0011799926918925848
0.0014029785732653343
0.001210236739321131
0.0029736329178890533
0.0027493991848129844
0.0034869735182807967
0.002969753293266601
0.003187102549269329
0.002822649981134709
0.002559664581179449
0.002644976029145193
0.0028917460499710322
0.00274473562797391
0.0016623612498334838
0.001909962164613005
0.0017946965891109403
0.0018675571202896536
0.0016097969243733115
0.0016961517284681561
0.001889468439297924
0.0018657408755766297
0.0018761269291019441
0.0017508021480954847
0.000969463806746516
0.0011548163011460431
0.0009217911814242456
0.0009034416088765928
0.0011104880311206434
0.0010431851299981085
0.0009911405972618658
0.0008933347547308368
0.0008914901377818708
0.0009838427255313958
0.004457653432576523
0.0033940407133539892
0.004396773699237555
0.004444545030447114
0.003390125806292558
0.0040600484188145925
0.0036280877893290096
0.003955122625199966
0.003916833621787657
0.004076436734651066
0.0040278072322397366
0.0037758670167297266
0.003121277237251397
0.003042236482224664
0.0038698859149581544
0.0037517045233202806
0.003187049406526755
0.0037446722414123056
0.0033352811208220328
0.0026691974855821417
0.0008709611988197817
0.0009339696046649696
0.0009150380795068277
0.0010345959771857623
0.0009049590694928184
0.0008004004257310001
0.0009164776803708538
0.0008342983434622382
0.0009937589689759311
0.0009033411240859606
0.0008598247431596811
0.0009806200014150098
0.0008365695836906721
0.0009600192762869223
0.0009019655932002839
0.0009818832269737588
0.0008464825862074775
0.000996873016645313
0.0009481397663361567
0.0010969702287078485
0.0008748215140884908
0.0007703768743424063
0.0007986816395997917
0.0007136004805380752
0.0008919006342711139
0.0007595788710366279
0.0009353693429488295
0.0006486060049554894
0.0007993626697020226
0.0008478508689872003
0.0019237315594159705
0.002200005990714597
0.002127519494209572
0.0021509618130884684
0.0018784203989697977
0.0021044118896501006
0.0021541066055768858
0.0023371441120394864
0.0018765772127873432
0.0024245466510450595
0.0035637876404337027
0.003849425021701129
0.004127622501770504
0.003351452030390758
0.003694668532921468
0.004225493577610603
0.00421808214124904
0.0034113886385777168
0.0032968295084096085
0.0037484076310224856
0.0016612359064497695
0.0015717528358913393
0.0017113148302980818
0.001468406413587483
0.0021188796431531698
0.0016929284436391966
0.0020793264650280363
0.001715206043060572
0.001540046644167963
0.001990185483843673
0.0036111650703065635
0.004445414526050243
0.003859187542361996
0.003367971766371699
0.004616958736137471
0.003917193407437826
0.003402603644129021
0.004083095039106216
0.0034527635105725163
0.0038054936422545755
0.00010339393411906559
9.734333130963787e-05
0.00010387537216557377
0.00010345125803658229
9.249674988572713e-05
9.625346997697997e-05
9.146297003182066e-05
9.840203364372077e-05
7.142100026492136e-05
9.799411705009222e-05
0.003451601250062068
0.0033220559810051512
0.0032175967444244427
0.003411947088824489
0.0034895516766731936
0.0035898647860350213
0.0034801701614112614
0.0028570882843757524
0.0029721193346742953
0.003016385495946901
0.0036952449526483897
0.0035499872865334065
0.0036481107845909963
0.003735637327096382
0.0037372989880611225
0.0037784107750271343
0.0038384048767061644
0.003993998271991464
0.0036506636194488726
0.003548221319184525
0.0028503241975026813
0.002288883300042924
0.002419110727112551
0.002107825050982981
0.00218013440214493
0.002338318440506129
0.0020478866194974135
0.0022859158631931965
0.0022260157208181994
0.002497114825017326
0.00029594724910510706
0.0002621535912370129
0.0003495709391075423
0.0002717579978419595
0.0003294389056870539
0.0003239874926474017
0.0003183069524913219
0.0002743219478778732
0.0003336719929683291
0.000287690464898446
0.001711726472206904
0.001400268716756117
0.001503845622449223
0.0013769630303379968
0.001560742196098653
0.0013624248945510761
0.0012139868046689977
0.0012777882497820752
0.0013964381321770933
0.0012700430626255592
0.0010707217232414825
0.0010724657660565846
0.0009936498394683758
0.0010968138415543565
0.0011223395332687436
0.0011311222714477699
0.0013167331908461892
0.0010428798354039503
0.0008877147104935167
0.0010078383612017424
0.0006370088087363818
0.0006053509106832018
0.0005720135519436757
0.0005377079592404206
0.0005372291616047955
0.0006180840623121422
0.0006147887504619828
0.0006437764452995036
0.0004816775628144239
0.0006708875478043645
0.0016034975129271246
0.001640382879764751
0.0011836875364895985
0.0014905129837429964
0.0015032639636921765
0.0014187098570232347
0.001196711874644994
0.0016387612104859094
0.001582489165260131
0.0015006213883326362
0.0009390393528044044
0.0008722115911911537
0.0008853848071945971
0.0008515317303656936
0.000994983974268599
0.0010930690677729128
0.0009697985233421229
0.0007924259228637361
0.0010839648812641983
0.0009703324541455579
0.0011802912362770682
0.0016765527042362205
0.0016369541056400815
0.0014486043029182192
0.0014529734236860136
0.0015326423680767632
0.0015317022164802146
0.0014847562462812344
0.00139856887636849
0.0015701235948348386
0.0037467034497804786
0.003695372286785675
0.0038908327925301395
0.0038488680969276504
0.003029843127489335
0.003932131457290151
0.003991780908901787
0.0030112833305947708
0.0034521130172227676
0.0029607249649684004
0.0021091620083906575
0.0021144876763766413
0.001991235209781828
0.0020144549369921654
0.0023490998558990785
0.0021951512143603296
0.0020722379315928443
0.0021381108990759035
0.002439424086041193
0.002092025789659951
0.0041286740005138595
0.00468151240877433
0.003819230236976118
0.003384797175606351
0.003936052879708007
0.003417506521793582
0.0034768637830126774
0.003242583260470539
0.0037393573730935
0.0033298185945419808
0.002530867249538155
0.002433010888429174
0.001939712861683763
0.0021205955425720882
0.0027264684601170427
0.0024548030219239464
0.0022393037606777363
0.002439007368893609
0.002383035361225999
0.0025890486780833413
0.0006292871129400236
0.0006806962465361325
0.0005883394855961714
0.0006471951160114194
0.0007759940032268211
0.0006444221993979034
0.0006821882030751878
0.0008398069195458657
0.0006512454921545534
0.0005829108103818116
0.0006052190303882486
0.0006541100805931195
0.0007539375437728889
0.000723557764325254
0.0007007319863654379
0.0007770728741893252
0.0008250774036347895
0.000740254226544525
0.000806418536071744
0.0009144660766802788
0.003491544285201889
0.003720690031112601
0.0032419256983382844
0.002886799842060417
0.0029824444102942113
0.0032735984227697775
0.003243461603490651
0.003209646675434006
0.0034714326309495122
0.0033068144580269913
0.004368839992507797
0.003186158961708983
0.004129057171125256
0.004364885810171827
0.004165563220380499
0.003665248681565148
0.004254703893075183
0.004250079860473391
0.0042801815171555225
0.004077050824345829
0.003352309074092979
0.002915761132072395
0.003817604175780369
0.003483995848760216
0.003091105350862464
0.003560053226883024
0.0031370582318201133
0.002729252602965032
0.0031270039896397323
0.0033934020562527653
0.0004360215405002242
0.000318640589059015
0.0003483068388403698
0.0003898393586012281
0.00039168369783179033
0.0003828152493011832
0.0004283187011689743
0.000424808415463494
0.00035610146816467104
0.00036073607020278446
0.0017243400544363766
0.0018527338795757643
0.0021048230901302965
0.0020473658068137484
0.0015824062254000937
0.0022760658915729325
0.0016883374580852859
0.001737183332388508
0.001882277632931087
0.001994313533803579
0.0003850535787504704
0.0003932616298709457
0.00038810831034379685
0.00037984279951826884
0.000375150401888049
0.0004161759572947711
0.00042593734915289603
0.00040276763335395636
0.00038116891592162086
0.0005032008970119728
0.003143885387230443
0.0035897127230955224
0.003107826780239705
0.003639790642359371
0.0033845140017222707
0.003430236788709961
0.003432351556872811
0.0034420456530872803
0.0036501959766528772
0.003902455225821769
0.0009462940448828568
0.0009220876322588036
0.0009000859409046305
0.0007749760581318592
0.0009507937615915533
0.0009181474202873765
0.0009213147472099291
0.0007116704995674919
0.0008382493130430229
0.0008001606789698781
0.002247864429455704
0.002665000563789996
0.0024334803888317767
0.0024522281504679687
0.00290950755383079
0.0023025047488947382
0.002657702819653271
0.0025990614184522604
0.0024622478190626062
0.0028227504156400113
0.0020540963525640912
0.0017520508574092105
0.0025223632056691793
0.0020437538263558923
0.0022173186691162436
0.0022665948990850337
0.0020069931656897092
0.0020232062879388486
0.002102558531905366
0.002323627246908527
0.002210831590777918
0.0017549471384863565
0.001961449809253984
0.001531869310467541
0.0018173581036756681
0.0018525470016482956
0.0018412888331338347
0.0017016251804115882
0.0018947303138876451
0.0020945711075774764
0.0031998171018640105
0.002990336364396272
0.003261581899506959
0.0030535638187179984
0.0028797313537848655
0.0029829481067787786
0.003264519081425868
0.0022092837718666555
0.003036068473335726
0.0028414022182501075
0.002412366508826258
0.002250377349070392
0.0017599049270313094
0.0024990688195979495
0.002507785677814008
0.0020742102686466097
0.0018153137966069196
0.002682447458853501
0.0024166986136000277
0.002086468375322889
0.0027988469117775304
0.0026166722639517476
0.002396657584040809
0.0023609056162004704
0.002795970863202521
0.002427477190923922
0.00232564925357374
0.0027058774153155404
0.0027895903613831
0.0023523956934342065
0.004169311283637867
0.003961697536127366
0.00269591701380503
0.004050755491358354
0.003656232332467293
0.003409200633303252
0.0036209021375246944
0.003891226829196091
0.004492518163902136
0.003915754416598982
0.000765306232775215
0.0008497986557280421
0.0007679642506016051
0.0007890357209819141
0.0008991241213081634
0.0007577554397933145
0.0009583831012890294
0.000778303112801274
0.0008642095049504511
0.000780035065601386
0.003757851491896859
0.0035800863077680056
0.004111778260746763
0.0037142314051770127
0.00371961036720481
0.0043085542121678805
0.003996048603598072
0.003280418818978801
0.004322662291198625
0.0036476720103530424
0.0023323774300811014
0.0025615288767749313
0.0025595104490432176
0.0026232870788013545
0.002227806077215761
0.002554667717569414
0.0025772382132183873
0.0027309301069255616
0.0031354029275952443
0.002104398621672007
0.0011703030808924248
0.0011955102124056511
0.0012470929220006156
0.0012512421297148336
0.0012534057586465772
0.0012133379416399013
0.0012348838969036418
0.0012893406316777396
0.0012758706489156488
0.001156957230099393
0.00443529793885913
0.003907829132714832
0.0037711751135628938
0.0035378662288475153
0.0034425777664309114
0.003702577559611239
0.0037588040330195182
0.003532100116008777
0.0037382194307340705
0.004162452849191969
0.0028512475256169934
0.002858112732189968
0.002351147116949286
0.0028839310382360985
0.002019073643914729
0.002548578961070925
0.0024708484517546943
0.003061866586561858
0.0022231681035545844
0.0021485974395553573
0.00031236347845733757
0.00033098399478602664
0.0003194510724024631
0.00026115811723025984
0.00028791989572710515
0.00031811809793082815
0.00023808472392023832
0.00036765572310433866
0.00025537388776283176
0.00025349238742808074
0.0012619280082104738
0.0015632784531584372
0.0015503183378175697
0.0015836126358663707
0.0012953074397929558
0.0014649063317743807
0.0014644960298791966
0.0013533086923386002
0.0013118439398547446
0.0013822643210139294
0.002758273037653669
0.0028942717529232597
0.0022070402632211284
0.003352000119013295
0.0029522201209292586
0.003126269551809268
0.002771011798390638
0.00330456519604311
0.0031762626830248494
0.002765045422058796
0.004003779310307545
0.003032405724533717
0.003683427705536483
0.003972062226295081
0.0037807238166473744
0.004157507513074718
0.0038745758325614606
0.00362178642858543
0.004255844520966015
0.004416534151751225
0.0006377467861648601
0.0005858620878128293
0.0005596247715959908
0.0005649182870106869
0.0006564551627498641
0.0006171693256660282
0.0005445431822983021
0.0005921567718640135
0.0005872262771857293
0.0004901829598017764
0.0035915484408475984
0.002667137968808294
0.0037885019073089776
0.003875462644846986
0.0031122119068336157
0.0030652932346716716
0.0036876250491900383
0.0035509462418246906
0.003778948033223963
0.0030556523122608247
0.0017274358041482413
0.0015981211905498653
0.0018276431366170479
0.001559815010671425
0.0015137090217522552
0.001760470003282266
0.0018048494638049995
0.0017041771565865999
0.0019021370497562399
0.0016473512817204528
0.0011478681031175304
0.0013512291442167976
0.0011400229107084107
0.0012489459876720052
0.0012431500213703514
0.0012007068916395458
0.0009187219150541322
0.0013449682283858783
0.0012098112390203101
0.001231474700112541
0.0033862929625813882
0.0033007931362148274
0.0035653422548294574
0.003432714743471912
0.0035849685802799005
0.003704447460895405
0.0031822540290423022
0.004111454928894608
0.0032378995303441477
0.0033957210291563804
0.002237673637154859
0.0023440340262146134
0.002082200844294031
0.002147802056238901
0.0024186971089446537
0.0024406607796807842
0.0019777138895817102
0.002156702955476598
0.0022599340704835377
0.002288416876171566
0.0022585562540741962
0.0031476657609310382
0.0026401943307248162
0.0023716425523546574
0.002555658326653337
0.0020662340438197886
0.002384602970308152
0.002450579535375141
0.0029432387641278976
0.0028853032277668215
0.003047966784002158
0.002261514323045349
0.0029711025400055713
0.003200887597699796
0.002963112906676167
0.0032330043866114315
0.003637249648788613
0.003974601183673393
0.002542875162095596
0.0031710217307414474
0.0009274040793055298
0.0008659291890481957
0.0007135733211916373
0.0008144708597842047
0.0006598336811865031
0.0008450316635787719
0.0007615897953954984
0.0008517748638220731
0.0007960726253204797
0.0008089794771573261
0.002565153639485954
0.0028332502449931298
0.002686473588271635
0.0026796901092126014
0.002489683399087242
0.0022835793223020865
0.0030403784541771415
0.002382553629034138
0.0024085883943547764
0.0024630710817951677
0.001441439888141144
0.0015921077437580328
0.0016312810529473696
0.001908843015971363
0.0017841098657545025
0.0014403043786885444
0.0015344176518977007
0.0016047630128839061
0.0015958572047647616
0.0016928209986264268
0.0019576995758793575
0.0022367626294430565
0.0017317889606770617
0.0019572194720561455
0.0017694739318485741
0.0018375089212551421
0.0015778529747034458
0.0021364924050458188
0.0020675921123175086
0.0019298784844708158
0.0032837004679606664
0.003269851364150307
0.004324124950410709
0.003616955759422157
0.0032512550962170888
0.0034152041191690325
0.003368970514715502
0.003297567149104662
0.004307201845165252
0.003427880629254077
0.004154079296815249
0.0038144353987040777
0.00425194718385104
0.004037745807161538
0.0040626891816976035
0.004124715773212429
0.004093235108543934
0.00486945248002415
0.004202834559476428
0.003786012209390318
0.002455892801426722
0.0029208485383948545
0.0027453555963121053
0.00224884367046635
0.0028067209101550906
0.002943234350211152
0.0027406780552454674
0.0032616458840654715
0.003116546052404421
0.00224021655937298
0.0029340835208122073
0.00337457120777546
0.0028471289556213433
0.0040256337750872355
0.0033087013405591953
0.003743380412067786
0.003512763841322832
0.0035822477096341273
0.0033607419904196256
0.003450677047727043
0.003285819492260858
0.003700177158532332
0.0028755879594089028
0.003760658440479243
0.003644509480041114
0.0036781726493057406
0.0033084804555869513
0.003971880188001081
0.0033837336190448456
0.0034912984470415447
0.001693979494329218
0.0021658867122953673
0.0019465516558078415
0.0014798989791930937
0.0017851916052493727
0.00171851198808494
0.0020013927918596823
0.0021157572017625383
0.0019012668988270625
0.0016436168945142887
0.0025194704605073083
0.0020029485553296105
0.0024882811039236468
0.0025966425146104
0.0027779529138635753
0.003096075776729777
0.0027793865862908366
0.002964658678154994
0.002259435625686885
0.0028201837907694425
0.003847470112310351
0.0034229262692687936
0.0033131574360634433
0.002616034038798938
0.003364137597508404
0.0029270723517503864
0.0033995703469684602
0.002967948693978569
0.003476014522748176
0.0030524135225939533
0.0039906539543990965
0.003947885111650054
0.0035372723598381525
0.0038552324758850173
0.003629561921059432
0.003670479227605951
0.003750848649667253
0.0036153940943650545
0.003334040818124961
0.0031255541749937816
0.0005589341390972015
0.0006072757319160533
0.0005647241357301421
0.0005956137557575575
0.00042168317922956707
0.00050431089869381
0.0006680006399732509
0.0006355293012159021
0.0005086408383020996
0.0006191411634096671
0.0011143170344730818
0.0009910521794252126
0.0011203885704603113
0.0010663481496012484
0.0008748403232770366
0.0011504502141116923
0.0009027708525864895
0.001167709485027786
0.0011494419910233163
0.0010140319708228953
0.0008214593942728394
0.0006542571984416754
0.000762600023351156
0.0009354550454658962
0.0008123230478055617
0.0008398983215114586
0.0007527041307666142
0.0006347879703744514
0.0007195540695845978
0.0007545344593541337
0.0017306314453540722
0.0015281103518779387
0.0015281412353506905
0.0013857975117407243
0.0015704827917568838
0.0015223406643017124
0.001659051535433453
0.0015862649905740522
0.001321541051233575
0.0016365363038766268
0.0035091997643495743
0.0038001461104897015
0.0035189143739725224
0.0034871548209012434
0.0035398269070584325
0.0035320391239947505
0.003291602758734325
0.0035696018865220155
0.003233969757131783
0.0032553182037561804
0.0034826124681592296
0.0046348758849162775
0.003770464651282185
0.0038030393974558254
0.0040089713220164405
0.004308131538858847
0.004058571240365136
0.0031063113510834597
0.003973786831609799
0.0038180557196061987
0.0005402422535758168
0.0007300590405682632
0.000650793904789259
0.0007676802746993414
0.0006702442553291522
0.000774001655364238
0.0006793321110259522
0.0006499902784595215
0.0006776367848468346
0.0007460660567503657
0.001366058501245148
0.0015047786926791378
0.0013029651442351066
0.0015300455706362048
0.0013186941331621658
0.0011870989094109692
0.0014269706748558828
0.0014131214265694259
0.0012510473645611156
0.001704529215701065
0.003560732964750198
0.003835064841392115
0.004005510131076017
0.0038111575470988934
0.004092910485554026
0.003965699386355909
0.004046570943324247
0.003588992711826912
0.003826067285877338
0.0038081558263189756
0.002968968187192913
0.0022860174029815843
0.002814519440579468
0.002934546755535259
0.002327684187925358
0.0032962665070655115
0.0023203757061275527
0.003087982857713404
0.0032364023885200714
0.0024392922429195465
0.0015324572534317457
0.0014599218778289583
0.0014692848362381967
0.0014419405834264363
0.0015023405789906926
0.0016649507749736682
0.001624857150612892
0.0014529834001030212
0.0015037577224972674
0.0014530409459922369
0.0003094993988518547
0.0002873666253525014
0.00025260820291283614
0.00029857196179508577
0.00028667064411113584
0.00029325137944931866
0.0002924119035031427
0.0002686289054234818
0.00027045147773816153
0.0003072689959498464
0.001140096282420006
0.0016957906138700166
0.0012110999250669356
0.0015579029640990828
0.0013940504799319507
0.0015369150985738488
0.0014697969239143847
0.0017566949666024873
0.0016340481203466685
0.0017184870470571636
0.002384118364883481
0.0017683127134696416
0.0019458456855326615
0.0020110610195787962
0.0018600078945506255
0.0019712419918417453
0.0020151502644908783
0.002029298369127904
0.0020069791874266353
0.001961433666238349
0.0010419189316972068
0.0012553498575953754
0.001437513567523677
0.0011436686053869491
0.0011319584251975
0.0012309001419415575
0.001084293451609084
0.0010793801986978071
0.0010747928414900825
0.0012612315610023438
0.0027839763482977514
0.00285510997610765
0.002823895523137123
0.0030179617205489725
0.0032839108374854474
0.0031455936149042104
0.00277824696529355
0.0023973536929542206
0.0030762990781168305
0.002847629215178102
0.001177099080575705
0.0012079760678251348
0.0014207805051736299
0.0012991276174387967
0.0010914216625716143
0.001352172701964248
0.0013307943253674077
0.0013275172025108439
0.0012027517470149848
0.0013446042844120773
0.0008623669331596076
0.0007582320982218508
0.000998476946111057
0.000767528366224269
0.0008997087768180231
0.0010495087904278436
0.0007953941777849219
0.0009702257698208842
0.000862411965590712
0.0010166928802922731
0.0010169907041704463
0.0009055366910809478
0.001029040256869354
0.0010928389235808507
0.0011173632001708863
0.0010035942886400234
0.0009806210492199444
0.0012262730200118122
0.0008975978310693115
0.001009800592247165
0.00027023090470136395
0.0002475084810176348
0.00030374326966831484
0.00031428702479230385
0.00032794346193044564
0.00030443554244624106
0.0003308172963107498
0.0002538677379585959
0.0003370201120429424
0.00027711310133461903
0.003420958096478233
0.0034385967630039182
0.0036255221044829648
0.0030456234567436766
0.0029720632008032456
0.0032041361105518153
0.003115193221466512
0.0031275406843818193
0.0031113456767873585
0.002835379750881847
0.002960624741718134
0.003114221618188513
0.0037170706970722344
0.0035216979238112713
0.00302931020045954
0.003332255817826912
0.0031790626434371515
0.0032429689475739574
0.003342282530053289
0.0030346254993823614
0.000500157586870502
0.0005452751596247956
0.0005281149480395672
0.0004472527095393195
0.0005142355824904355
0.0004738276445933821
0.0004101248012633843
0.0004487023743904215
0.0005894467579007257
0.0005047683002341402
0.002021349231091782
0.002125932209850994
0.00158955996818398
0.0019965984271359087
0.0020222037232636115
0.0020004202311995935
0.002247704213973241
0.001993852473770884
0.0018304172492139296
0.0024535059684222924
0.0027778630018653575
0.003717527940976133
0.0029549273478845176
0.0031008103285353563
0.0029457410447884854
0.003569335741290201
0.0032719066183704705
0.0033421277948958565
0.003244620408730331
0.003135658682190822
0.0018738388748831712
0.00216064518661261
0.0017975329141928695
0.0022675572479320446
0.0023343981517969905
0.002115513744248824
0.0022419431083475854
0.0021586895711277567
0.0019396610653929808
0.002086619435042079
0.002504613330655823
0.002341778232394071
0.0027371557668174062
0.002399926278149457
0.002340180826724888
0.0021067149699366076
0.0027024034965361294
0.0027195981701944004
0.0026102931420687223
0.0030834364499285785
0.0004754174971990949
0.0005136692586406209
0.0004913761640814961
0.00048119834614470595
0.0005985238354890842
0.00040758776846200746
0.0005205785173447969
0.0005527450959929281
0.0005100370186956135
0.0004822753460727302
0.0024129207618450305
0.002886370516380297
0.0023502483023072904
0.002170510467334235
0.002527519776491615
0.002252623876987704
0.0017595896772589483
0.0024419091241799896
0.0021327054516712554
0.0025076405278829927
0.0026582259540492703
0.0024385193331599364
0.0029515636556300333
0.002804007261294681
0.0028750453271142256
0.0026395644174267967
0.0027084365340573568
0.0029663321639606883
0.0027514311467239164
0.002870034050778392
0.003220639956270895
0.003386164299464772
0.002864960521587367
0.0026112038026029896
0.0026572162270530925
0.0027243795904449562
0.003525907829760053
0.002719365465779902
0.002613410115190453
0.003155135757946894
0.0012217452982405048
0.0011721420961306734
0.0012102111651931913
0.0013075412119981382
0.0010585029901487896
0.0012982436750594711
0.0014059848344068811
0.001341854604928273
0.0013277137070799336
0.0012697985571612036
0.0026440382459203366
0.0033068016139733898
0.003399445147006359
0.0027316493542480893
0.00317473212581142
0.002864509874242655
0.00316757299298208
0.0028180799352028104
0.0027614941193749355
0.0035066736711935045
0.0006310793381332461
0.0006172627933075898
0.0007212864770178631
0.0007478094501429696
0.0006722329589634026
0.0005929136792883817
0.0005680648139761129
0.0007328514024632904
0.0006859038659496368
0.0006784243219870589
0.0011242077323684403
0.0010217608315403572
0.0011345610422654382
0.000951315452135985
0.0011449255075899037
0.0010778133712937587
0.0010207334724177922
0.0011839482672424866
0.0011426525836605301
0.0010484852658299807
0.002211726134041409
0.0020239329577632203
0.0021638471513729897
0.002009428935129451
0.0018817466183466182
0.0013972877105413953
0.0022181534455457896
0.0019466423445382598
0.002026179318043252
0.0019742331428990044
0.0020902718736544746
0.0019156085331406983
0.001893971191469436
0.0019864308549870564
0.0021415571001619496
0.001843842768109316
0.0016646281583592504
0.0018385077741211499
0.001804008729924692
0.0017801451296476888
0.0035534066222838133
0.0043374782770814945
0.0037563864718910787
0.004030334135905979
0.004238785698812172
0.003725542882696409
0.0037787836833907346
0.003939909686796342
0.003604865794608045
0.004341314998108811
0.0030372785036742417
0.0028884528639648217
0.0033059799439182796
0.002414231403387832
0.0036458728695349884
0.0025144642381119066
0.00350444854142779
0.0031423205562114776
0.002793910658032496
0.0025479077524077614
0.00014419747759773018
0.00020997911246415857
0.0001876546926442701
0.00016726962345573493
0.00018334687046064798
0.0002045428839976566
0.0001857838114516314
0.0002238014296148005
0.00017600080235745779
0.00018563972795611507
0.0008801857159956288
0.0009830033908638427
0.0008122618507766785
0.0009221239927841866
0.000713302881025011
0.000774433827351434
0.0007249512851386009
0.0006078375380303009
0.0007643602021938218
0.0007524278334538942
0.0025951393298976884
0.0029445559720472896
0.0026148298792091755
0.0025789685949505485
0.002214131430599236
0.0022044012681866195
0.0026855548781811525
0.0027256124382986744
0.002742046093336116
0.002337272466888014
0.0017680166736891755
0.0023321037451826845
0.002381811712208885
0.002320603502403074
0.002457636198521033
0.0023343811375492033
0.0021648431499932904
0.0018569818929881474
0.0014443864766583354
0.00197327759495501
0.0022413290393032575
0.0025196183071731436
0.00236499737625069
0.002678133546087607
0.002267529945076353
0.002198799913541884
0.002629936369385216
0.0024619424519211307
0.0024739272459335837
0.0023147801302153886
0.000575545182480789
0.0005443629057871024
0.0004903372411860966
0.0004485957173677751
0.0005635279379857121
0.0004594710983184501
0.00047649231429045175
0.0004546674674932264
0.000446020712989628
0.000433714316677197
0.0032861826744313865
0.003480859868373609
0.00343573383952845
0.0030101820219826164
0.002548861456533128
0.003269044125620845
0.0035231781291601076
0.003330518446718265
0.0030394108825190966
0.0033527972504211506
0.002100337978633702
0.0019518711378134965
0.0020566890847574545
0.0020372667275997723
0.00194396648509595
0.0020305735135352785
0.0022925157344252903
0.001973327048944139
0.002267290948090638
0.0021899547472659115
0.0006346543883040908
0.0005693498186918932
0.0005288323512944894
0.00062674138783433
0.0005937650416510512
0.0006046067654080751
0.0005919203402181047
0.0005931030402570129
0.0005288835721327032
0.0006380628440493741
0.0010261170126762986
0.0010902941653002267
0.0011235692259052726
0.0010151438702892762
0.0011508822492769873
0.0010339645634360958
0.0010220105649548894
0.0008905176816660347
0.0012088623911659425
0.0011532580798655546
0.0021963874769908532
0.0015669466880309547
0.0016061202775684445
0.0016858900687136932
0.001650084769392471
0.0017224738009387717
0.0014577327786229224
0.00198044474658566
0.0017982839546886356
0.0019995716264578182
0.002073647043790287
0.0017794691216097389
0.002466653743222212
0.002085967453724813
0.0022341628503109957
0.0021560504738243206
0.002103963331349759
0.0024341742058188783
0.0023383496640132866
0.001658862230428412
0.000452098118772789
0.0004011363149480448
0.00042858469521459404
0.00032710340777528915
0.0003864976739676376
0.00036581501380346767
0.00044028555385578486
0.0003543341571877279
0.00038650848570073216
0.00044565346607574485
0.0007424977933239561
0.0008956594304004732
0.0007876531456412982
0.0007812992727110401
0.0007708711909507819
0.0007827348742195007
0.0008182907238347181
0.0008097401474890712
0.0008440460337695809
0.0007280923625086925
0.0018906337811194476
0.0022301115673503376
0.0021757355807921156
0.0018965122231026223
0.0022644472705209097
0.0021732255694445765
0.0016647089536496813
0.002167773807641607
0.0018622494214277675
0.0018564385437149812
0.0024919634498849043
0.0024588784478093767
0.0021539305962344117
0.0026979526702661945
0.0029255704563300126
0.002253609872981243
0.002824711873279487
0.0023025333295004806
0.002675047204644341
0.002697592791046428
0.0027637793452916304
0.002401494506658657
0.0022331911316363635
0.002853615004203564
0.002641571887298305
0.0027220121413220493
0.0026545207128585917
0.0027762240604883477
0.0028370127945627267
0.002707149979468238
0.0012534208942807821
0.0014792809525364767
0.0014975236408853706
0.0014728141972234433
0.001338703658249473
0.0015444612783632472
0.001739376391676468
0.0014297121545137211
0.0015266890452849226
0.0014425463259039946
0.003956766517808385
0.0031363476231263798
0.004017361110006495
0.0034177253242088294
0.004455713846670476
0.003682226181555717
0.0033128978623269785
0.004109304013115992
0.0037858515157210716
0.004045389207980416
0.0032720990753271314
0.002298651023016027
0.002342273256166709
0.003006813321785357
0.002275683071971594
0.002648020013992618
0.003022753758285981
0.0028359166144246773
0.002535083613395289
0.0029363584855316162
0.00030171630274796976
0.0002828979037013242
0.0002475959117165659
0.00026588825078864304
0.0003418077115741119
0.0002882332520634708
0.00029296456964795337
0.0002530407675870793
0.00032423157285510826
0.00030167490145555765
0.0022913005431406046
0.001986263235933684
0.001763799231962995
0.0022786522821162322
0.0021650952317213198
0.0017967567339241598
0.002279091660931521
0.0019992836510164145
0.0019592804046094756
0.0021450176532518345
0.0027341896636861205
0.003006392416627887
0.0030170596122345824
0.003314773959391231
0.003439476339217453
0.0024205996812064015
0.0030679994372003676
0.0032871553980921265
0.0029543808600247536
0.0034466641070072996
0.0003088786142707571
0.0002795111282991819
0.0003252411329278246
0.0003045505443714983
0.0003333506279563936
0.000280712446619862
0.0003129351292387009
0.00035566798142067384
0.00031457843091731586
0.00030342823526255375
0.003636263071034673
0.003984790676571974
0.004346522075112297
0.0036166468706992786
0.004155024374167686
0.004024440766265043
0.003547240492824664
0.003756545656176391
0.0036869156501167827
0.003704095322869355
0.0005213711353484534
0.00036705754946550983
0.0004405560008451826
0.0003791176282868301
0.00048481731811691087
0.0003870746867494324
0.00042557941909557957
0.0004663745342398125
0.00037996770054106807
0.0004219168404850305
0.00044956957964218053
0.0005562780639649749
0.0005878407460688376
0.00046877562886683285
0.0004950709178080955
0.0004651124735042089
0.0005420816813137417
0.0005315544658427374
0.0005423353417970736
0.0005955252830406016
0.00345575790254129
0.003778595336696609
0.0038756612283645394
0.003693372574178222
0.004057072298011468
0.0040730236362603
0.004144557675639179
0.004144271692767517
0.0036633458658877614
0.0033196625799431457
0.0008886538286385179
0.0008266754082044648
0.0008833381744134254
0.000888083127956787
0.0008339831231036955
0.0008985817340988016
0.000834331361452811
0.0009334213533157766
0.0009282518943463958
0.0008843184150951431
0.0023837279281329273
0.0018865220756735615
0.0022711262537337728
0.0020270086677029986
0.0027070399940293073
0.0026419112672396608
0.002377034616492785
0.002441669242865083
0.0022486652610067166
0.0020126827013040027
0.0010362017203597066
0.0009446588929453455
0.0011343911935208111
0.0009908921229239648
0.001290436288193296
0.001251060906976018
0.0010380302641462048
0.0011507824461879073
0.0011651782175583195
0.001069726858907471
0.004111397803607689
0.00398021808902454
0.0032977088694387336
0.004150278935222054
0.003787183629030015
0.004219807266619971
0.0034881993349366908
0.003955757236153011
0.003456223891314965
0.004205798568808472
0.0006446379101584323
0.000701314973129921
0.0006121293086440312
0.000600377584469383
0.0005697451540228367
0.000580861381611575
0.0005526083224086165
0.0005795925987529488
0.000625838050158539
0.0006058710436216243
0.0034162320606973976
0.003179913195139865
0.003557509943931543
0.0035090051898104845
0.0035970419801717515
0.0037404323927610404
0.0032563807357935087
0.003141387200602554
0.0033886627738226004
0.0036966297793088582
0.002657483231874297
0.0027241924632450385
0.003387658978543644
0.0025100105955461875
0.0027753532422624847
0.0031140360504010043
0.0026565232152101917
0.0026521486355203655
0.00274734258532078
0.0030555409007436687
0.000547504428234909
0.0004996785127509056
0.0005331799056969776
0.00047611233785079774
0.00047299813398831976
0.0005268448211446067
0.0005591109022171016
0.0003544213227723452
0.0004276652545767018
0.00042195759987203067
0.0009274821443764952
0.0009970504698768885
0.0008823035642507568
0.0009326954956105093
0.0008001718391453412
0.0009472949709494274
0.0009231913631539345
0.0008616220246897601
0.000847761640368765
0.0007753765424451328
0.0029104199652690427
0.0030741132168915497
0.0025641941877327427
0.0025212319805807764
0.0025636871603439615
0.002449491038675039
0.003599156602545782
0.0027836252928570117
0.002639855856229936
0.0028961618708293843
0.00337405842081754
0.003047767505502154
0.0036506363268973114
0.003189346125790738
0.0035245653249575872
0.003222589686372686
0.0029756000888705976
0.0034593516909636433
0.0034859435675529786
0.003735615193047996
0.004309546795065481
0.003512718805509561
0.003996010057529619
0.004066706560854173
0.004275596499275166
0.0038028294041127734
0.00412173954827585
0.00364700534503165
0.0035736952790370556
0.004000355572442262
0.0006077103930066545
0.0006382252364507593
0.0006221378001988368
0.0007153063199823829
0.0006505289341467135
0.0005696716616137033
0.0005980156858023441
0.0005060718252992832
0.0006501470856344709
0.0005726385434267976
0.0035958733001565336
0.0031324322351187323
0.003240653548026426
0.0032118535826462643
0.0037374340105975987
0.0026461094886726776
0.0030143734759592107
0.0032416882959499754
0.0031156187485475912
0.0033038721159176897
0.0019937955484628585
0.001860654702864992
0.0015751912750488076
0.0019232338588549053
0.002017563245187205
0.0021165725377919084
0.0020230055521425826
0.002078344155805043
0.001989824500184419
0.001714744044981371
0.0010952460050091847
0.0010253266937652506
0.001176362079206566
0.0010554844189469197
0.0012758670356833534
0.00098030816614331
0.001220874104971422
0.0011690452831544904
0.0009298396839623591
0.0011136463361827588
0.003603685401415027
0.0035539271773403335
0.004335038582564913
0.003281473943753445
0.0038747566453270384
0.003858906860040599
0.00407920481649505
0.003364527963600442
0.004026961808780251
0.0038281495492089737
0.0009595425684389789
0.0012745256428444809
0.00128139886419166
0.001136062993281236
0.0010452254738866627
0.0011036081825336697
0.0013150407143682431
0.0009045208865235206
0.0010238510914097785
0.0011106612175916396
0.0015322754342226392
0.0013939575502691516
0.0017357695256497553
0.0016340702802120058
0.001317115132958088
0.0014238769566204577
0.0015100679645686762
0.001374993353461224
0.0013684593292317693
0.0016521047544776418
0.0019162401219682066
0.0014802842711564145
0.0019917270668417305
0.0019799480761576627
0.0019025306864775653
0.0018989639908080125
0.0020909707395455807
0.001764986611017143
0.0018585079259271597
0.0018935567481373713
0.0024020018892660098
0.0024750622689807635
0.002250767452025597
0.0025740993578838656
0.0022804087837089634
0.002839661041220158
0.002928588182122144
0.002392129412842562
0.002177680614022555
0.002764118867155178
0.0035038015914390093
0.003385695299809528
0.0033508738966791726
0.0035202962890555764
0.0034252814850788656
0.004152551743134349
0.003563147006909123
0.00352978344272089
0.0033241437840751116
0.0034258424981522006
0.0013862758328301828
0.0013350171908757381
0.0014028035288535514
0.0011929038014719209
0.0013322348601062356
0.0012208812224971115
0.0011700495723685643
0.001333180059571924
0.0013492915337207337
0.0013357904781360732
0.0013113241256048067
0.0010514768821163164
0.0012957084995476628
0.000878306266883211
0.0012422005742930978
0.00132570456454202
0.0011713045687365832
0.0011184672351608603
0.0013102905046701407
0.0011724474399724472
0.0018768611075198017
0.0018943985238837628
0.0018617411351942695
0.002007209339316091
0.0017926804239283818
0.0016764490157121985
0.0017306325129486935
0.001519043944946636
0.001724131695799651
0.0016782751996373285
0.0018100721437939377
0.001731586906085002
0.0020432172826607203
0.0015481022403428717
0.001810654871716285
0.0018181756375297482
0.0022008148826621683
0.0017939339433282171
0.0020521322992708467
0.0017141193260003323
0.0021951538501216745
0.002291802765795298
0.002478415713533501
0.0018686567969478014
0.0019431739144930738
0.00201235610404651
0.002428298912248121
0.002214661234144384
0.0021705857746108824
0.002029663524608835
0.004030088801995247
0.0033645354360977474
0.0034948734049166106
0.0036959616119521524
0.0033105133641568867
0.0028872684375651834
0.0031903848513639794
0.00294280485086183
0.0036330577837342367
0.0029637994117444237
0.00038208058132584816
0.00028502410445744946
0.0002959138910696741
0.0002702759244662671
0.00030699951224526283
0.00030646920200372063
0.0002894372603246804
0.0003175021916625743
0.0002937358940367429
0.0003132331683059916
0.0008959015480457016
0.0006696311184765893
0.0007142955446972174
0.0008472088724624661
0.0008597477361663338
0.0008411915333661502
0.0008414771280624339
0.0006590017861503788
0.0008207520127881639
0.000801153116210191
0.0005770844229898283
0.0006742993966749426
0.0007413131537473788
0.0004942855558036332
0.0005319457885026842
0.000545227106447914
0.0005578351612873338
0.0006557528322960624
0.0006805539370386801
0.0006379345432456304
0.0005719851206310465
0.000709193012875713
0.0006695669737102915
0.0007273134499517914
0.0006003799530368454
0.0006020693467446352
0.0006273175416239521
0.000725928119255442
0.0006084207057725072
0.0006402933894513444
0.0015931227758136954
0.0014194523121707704
0.001503007499876609
0.0016406265002306593
0.001628282508306899
0.0014610794555507095
0.0016704705434223302
0.0012276472022530805
0.0012134826524998982
0.0018147855876723576
0.0012121878277741261
0.000941629718657211
0.0010287630240371015
0.0010766080834895147
0.0011911638425849904
0.00100559363854484
0.001011006454966746
0.0010611391185633408
0.001019382683222886
0.000998962348739686
0.0005168756721525959
0.000559239532741868
0.0005995975690844672
0.0004936663465519517
0.0006169192940540163
0.0006083099263243559
0.0007284730117382473
0.0005802085260111228
0.0006270841130996675
0.000661878421994815
0.0034101414746402063
0.0030534222822111313
0.0034016002299156285
0.0035508559977648234
0.0035107773228354494
0.0028962852933594927
0.0026987832443064025
0.0029836949951614323
0.0030602487340254964
0.0033066319447960773
0.003958964474062229
0.003946541474046408
0.0039967857342899996
0.0044805161118936015
0.003764926121448883
0.004231036855783521
0.003267628840292007
0.004597173059012531
0.003675572827703429
0.0031637180357827538
0.004401088427048492
0.00359151925593744
0.0029365371572371403
0.0035596166150939977
0.003852829409796886
0.0038728723415838635
0.003670097188206542
0.003723421439705933
0.0039882930000036815
0.0036225181675161124
0.0004010766680264729
0.00037593047492611494
0.00037720636886118226
0.00039450741032372784
0.0003641473268364126
0.0004226107823634408
0.00039675747322834016
0.00037756181429258724
0.0004475043243921011
0.00041659793062874995
0.0031564730640437104
0.0028678908838942465
0.002393362289145845
0.0026142432604902297
0.002409468434208299
0.0025669560977264745
0.0021535436257655357
0.002710700165003673
0.0028967024518901366
0.0027737173484925857
0.0011509742474567087
0.0012588016323961137
0.0013147697453717892
0.0012714806038175914
0.0012831425300251337
0.001338822748962863
0.0014393328957833526
0.001289102488577643
0.0011533482802976642
0.0013193359338594345
0.0018675586174277115
0.0018596143351049404
0.002165643733107433
0.0019382119584059935
0.0017944451375575235
0.0017837582705444574
0.0023716904940850724
0.0019407541613610472
0.0017523068419673332
0.00186722279363037
0.0003150794248468385
0.00030197406041260785
0.0003029776680162015
0.00033451929321717306
0.00027502592275362875
0.0002644501801633078
0.00028284181314510505
0.0002531553759620495
0.0003382851782345236
0.00033334830472404647
0.0036543959304811096
0.0033158363905492504
0.003933500214251443
0.0036029065510048476
0.003821749406293596
0.0032574076569480033
0.0028704518112216333
0.004680069780393273
0.004467888874807194
0.003974215492815399
0.002352157698661877
0.001974224639658674
0.002352562576699198
0.0015799565170956204
0.0020540083615173104
0.0017640879378176013
0.002026601349529609
0.0020545199949778053
0.00217817873780473
0.0020795148918968994
0.0028586479722369253
0.0028300386951007847
0.003431834507260841
0.002995834656157474
0.0027619020436817493
0.0028195937713122463
0.002415306082899248
0.0025732261003962548
0.002467063403883673
0.003039987737371086
0.0031963862715301762
0.002833830303921885
0.003168680118668747
0.0032237293255458505
0.0028765124238387153
0.002320748949597536
0.0030376207591217394
0.002769229171335215
0.0026388183724898166
0.0027995460755601323
0.0024803823000805465
0.002854831146201175
0.0028460373192061624
0.002785233256836809
0.002605993124137466
0.0033375547085593748
0.0026415627570903163
0.0026188674625872966
0.0025932626798153974
0.002575285265357212
0.0014941287926315012
0.0012838361631242624
0.0015353587174342502
0.001341896402746122
0.0013509288798343204
0.0013501035252659298
0.0014470143312133167
0.0015512275862055286
0.0014849996804270566
0.001397710947708375
0.0024935304935744347
0.002021596490170532
0.002270584702426652
0.0021735535874087887
0.00197991186647575
0.0018624647318994543
0.002284422264880836
0.001967654140518483
0.002023810724724413
0.0021026492444868525
0.002009131978834977
0.002112742061084815
0.0018993421066476408
0.0016452149763662898
0.0019497120924095895
0.0019056804594948513
0.001826877726528805
0.0016701064991677846
0.0019026999002037812
0.0017848755829135037
0.0006340119090006133
0.0005627305500075299
0.0005379594299515036
0.0005872569364259736
0.0006044047852467021
0.0005882011259869832
0.0006164425676901792
0.0005438493468497498
0.0006445839661113759
0.0005275850903496685
0.0026111491595626852
0.0025724459848573485
0.002564734241508296
0.0032811288083817247
0.0028772531971504203
0.002846780624174724
0.002848659287637241
0.0027180045787488787
0.0029368046195869346
0.002614610314452785
0.0017007034488763966
0.001484835276664872
0.0015628450736605926
0.0015531106277758516
0.0018049141204989113
0.0016968967079282434
0.0015154388998306757
0.0015003510514535272
0.0017129638482761736
0.0015668915785862928
9.48784072132138e-05
0.00010786186149015793
0.00010891614638965995
9.386749799533827e-05
9.914404975497653e-05
0.00011029128240433876
0.00010474373827492474
9.661489312778624e-05
0.00010259296706696474
9.54469811900717e-05
0.001484557251200399
0.0016585263175258145
0.0014933378266966716
0.0015784441713389437
0.0015589637932115462
0.0016711262594564524
0.0014100446829445991
0.0014929031303672561
0.0015112344976201655
0.0015090882000675977
0.0021222027801896925
0.002198445959489124
0.0016088190817181323
0.0019299357241388026
0.0022383646727939417
0.0022369103973043786
0.001974304686940737
0.00231167076163372
0.0020229753820266197
0.0020097430551400505
0.00032428728925921584
0.00031501043803173947
0.0002681279392611859
0.00033878038427202187
0.00029778642905724104
0.000331163639110897
0.0002625505015595437
0.00028058387922162524
0.0003247897043750916
0.0003129559888036954
0.0025497058231739723
0.002430593938994776
0.0031066610023242043
0.002956948380192609
0.0024729681065572416
0.0022959245941452217
0.002984757908782244
0.0029186625028077414
0.0023956994080807916
0.002162446893729145
0.001756705610365401
0.0015518231794677548
0.001750687596825195
0.0019493599031795358
0.001792701605368801
0.0019163041387788397
0.0015672544253017427
0.0020235641982220246
0.001680874773247008
0.001760660305481537
0.0014414807694380764
0.0011914304845816429
0.001113592119932626
0.0010910561368444962
0.001711974079412617
0.0011267716915610037
0.0013027039994794754
0.0015059897942798401
0.0013773327128393915
0.0013705503732243218
0.0025404262831813136
0.0029245109825196906
0.002851399486836036
0.0026686901916182816
0.002808653489732908
0.003612213750407483
0.003041489261620514
0.002393712000011467
0.002811896867710288
0.0027340648738377864
0.004881405259146569
0.003374092625932049
0.00441789511855057
0.004224231814224417
0.004835180655416134
0.004159800909703766
0.0047987062101685326
0.003918021946133754
0.0039140040825465195
0.004575112770833807
0.00018995715127088136
0.0002085353441751323
0.00022591143044482353
0.00018961520401731549
0.00021922070561062595
0.00018063907863179648
0.00016990956983386183
0.00018198133833324283
0.00020090886988192785
0.00017367584454116582
0.0014156182416651085
0.0012926055160849257
0.0015537037846674187
0.0013774327210844554
0.0013996366786479953
0.0017097805976132273
0.0018361432514370467
0.0016804636915068742
0.0016413017196587802
0.0012506070521186466
0.001833666374956447
0.0017732374336451614
0.002185749117351589
0.0018610371042060113
0.0018238911091174798
0.0023241610311791963
0.0016775823218720559
0.001957502187471598
0.0019357083737113292
0.0017728708576361576
0.0039858140316237885
0.0033879196652833892
0.003531173414151659
0.0034395196148783716
0.003173571468510827
0.004384282710274303
0.003605155903840925
0.003569049327088491
0.0031582512545581206
0.0038651655003722222
0.0030268689377348453
0.0035457303277771457
0.0039046552663619455
0.0037283677022972254
0.003910458423023522
0.0035502761919672648
0.0040135264010089915
0.0034897402874334606
0.0032560692097004587
0.003193998749512865
0.0005610945932007104
0.0005815006449523933
0.0005566462869957602
0.0006499447604611008
0.0006648205655130452
0.0006190144670856289
0.0005031378033518721
0.0005928433288011211
0.0005563531480188772
0.0006135005648871463
0.0022809085855910365
0.0021031149572192705
0.0025459219963309856
0.0022684384902882707
0.002253584637794937
0.0026906426742850527
0.0025019858010685643
0.0022152864799899856
0.0022692790547202547
0.0022461019265754686
0.002356367167932426
0.002608460590935898
0.0022318288543345293
0.002357008847267888
0.002339826088477291
0.0029864773162672636
0.002274799293302918
0.002406168962560998
0.002090874291265014
0.002440952492185902
0.0018792051932794754
0.0018691445960543412
0.0017173826092080732
0.0019032719473595556
0.0018733669934823196
0.0015966347386253946
0.0015139512000244227
0.0015389135517601942
0.0018739609090094047
0.0019376484888319508
0.0031844437685367172
0.0033090263838391246
0.003267818695553413
0.003920436274417109
0.0029876906587850706
0.00345305627640064
0.0033737258314861405
0.003198282604859802
0.002938995188016962
0.0027698231979203652
0.0009163297630276259
0.0008490054320246318
0.0008835019405509449
0.0008408662609990681
0.0010321277643168397
0.0008647130220918985
0.0007211206658449793
0.0010513145369135265
0.0009179263107027813
0.0010212861603467228
0.002526210709367806
0.002360876102843824
0.002507846934157802
0.0024075971267646596
0.0025307858644773324
0.0026972788361737643
0.002310433444286102
0.0028740793928701313
0.002280302538614636
0.0027831326203736962
0.0014129915481393288
0.0012047814550110922
0.0010815417621742502
0.0012487856863849925
0.0012437286142823504
0.0015457481300228078
0.001205575790840124
0.001056180911708946
0.0011841405190608095
0.0011907055402635223
0.0025514255103316363
0.0021676338090980633
0.0020655250293697075
0.002382034422797084
0.0025074129438468207
0.002079902998090009
0.0027275569657444093
0.002228026957011223
0.00267133217937344
0.002264374790239434
0.0009616207384899023
0.0008815211132263683
0.001164090867608935
0.001067195168706644
0.000795149430809423
0.0011108356526833341
0.0011695045723108149
0.000826531494617834
0.0009554254024297915
0.0008955694025669802
0.003082372720391971
0.0031241253674250094
0.003357832323725149
0.0035903456351313685
0.003159680055854499
0.003402340257793496
0.0038538336379369776
0.00354336107380242
0.0028094245552319217
0.003369093232768605
0.0017308840092319796
0.001815751764729655
0.0015165173612325113
0.0015425779802816818
0.0017717063148718628
0.0015862610528161643
0.001398051330152062
0.0020047864117027363
0.001500340215082021
0.001566231616882605
0.003510658791053243
0.00426948327580346
0.004355706632540827
0.003971311709471412
0.0048149920264522195
0.004998282813187933
0.0038973152456084985
0.0047677515046668974
0.003937366847198717
0.0037279503087130697
0.002550629328933487
0.0026466584427969593
0.0030006838551588284
0.0031658508539425985
0.00322470375696716
0.0033330800031374052
0.002637671306112938
0.003589634965202892
0.0032535653969549736
0.0033996705040339166
0.0003541248944110488
0.0002550788032789098
0.00028453255645351694
0.0002848886225432569
0.0002743679425480189
0.0003087139158099273
0.00033910905408926094
0.0002728049820109873
0.0002855866402257961
0.0003136825760742471
0.0008269210738279962
0.0011474263771249808
0.0011605898952026417
0.0010667006149269185
0.0011103770158046428
0.001110742072901152
0.0010176779704728026
0.0011731253633282866
0.0009097158365146731
0.0010525478423622494
0.0021889609088491203
0.0018480975726971383
0.001724503193517906
0.001905352516256331
0.0018683757868699304
0.001801976992608644
0.002071920262869913
0.001765216879001451
0.0016247639258749377
0.002416051336143547
0.0027015739132209594
0.002554283138320175
0.002433888693314617
0.0020854905908683995
0.0021464594672921766
0.002450612505030425
0.0022961861841359075
0.0025945038264215785
0.002799907804199558
0.002450585931357154
0.0005181218961972957
0.0008460131757121813
0.0007570037919330429
0.0006866605657031085
0.0007431362886915256
0.0006569292575153441
0.0006081571459093782
0.0007221403793586925
0.0006803286954350786
0.0006274025294144419
0.0027070743728151523
0.0027334845250385916
0.002458292595772813
0.002701019595078647
0.0032144375844289455
0.0028659879239226844
0.0025017148038731733
0.0026610468781697303
0.002769596439979493
0.002763971701468061
0.0038627800927736006
0.004192467572771383
0.004503294829526317
0.004077649038330804
0.004159147608856121
0.0035775549674294345
0.003314904607002801
0.0032753367910594473
0.004096322975488876
0.00442228962815275
0.0010589018986677783
0.0008588082109976317
0.0007851856952225456
0.0009413973668016977
0.000746617124869997
0.0006913723192738435
0.0008638211731937289
0.0009592747082392517
0.0008844138959842994
0.0008704453016958128
0.0009980407685209881
0.0009666266512214692
0.0008933984058150784
0.0010497592223099312
0.0008866990820581852
0.001003338182086517
0.0009484536060788022
0.0007142072912090707
0.0009416169799740881
0.0008059552080593577
0.00188815164671099
0.001751217784262909
0.0017684613777232446
0.0018476282153733273
0.0016818684987512935
0.0018859593298020912
0.0013497309575851587
0.001870757644074449
0.0014113571152942369
0.0015490378627141183
0.0008094637439451604
0.0006339027557379217
0.00088071179605809
0.0006646197405800176
0.0009286269529981611
0.0008131293153486988
0.0007591915730346281
0.0007243308615682803
0.0008478068475432704
0.0008654089335545133
0.0034504417874216243
0.0033108169188331925
0.00373148515463788
0.0029922760525635615
0.003088925455726267
0.002411436392888975
0.003544237108157823
0.004283502561347593
0.0036470499151426286
0.004177081737815878
0.0017944252392436803
0.0026037136560859253
0.0022652134750497177
0.002662108876287139
0.001988113709939673
0.0023274068041448438
0.0025663729000665277
0.002522866585258022
0.0021675721107665457
0.0024272673513780086
0.0029793532546277496
0.0036414767183659364
0.0041096296398613645
0.003076630279194831
0.0028336983856627807
0.0034149777106291697
0.0035976500562419833
0.0036765697791993224
0.0027461829521583095
0.0031053930341606137
0.0017090913263163511
0.0015023345990866615
0.0016318994408656997
0.002222087858010422
0.0019399737181552156
0.0020969331993477493
0.0017152040652415957
0.0016228630594820896
0.001926395525008321
0.0015477674251216094
0.0005160233044779586
0.0005291653735892728
0.0004911283944601201
0.0005411797770286663
0.0005888100243555096
0.0005938654883313771
0.0005478296006939985
0.0005209701202621883
0.00042978758725995355
0.0003957809689466797
0.0002319870039149163
0.00019808516778477658
0.00022223156561712023
0.00018626950680593663
0.0002196101736956975
0.00018741667236214131
0.00019990751566956047
0.00021092437326000524
0.0001774537808972747
0.00023953267414113285
0.0026770738958256154
0.0023788940033515767
0.0028507368058261705
0.002711029876823929
0.0025518105875561134
0.002761683699768062
0.0025454258964435
0.00284439961384723
0.002430596427601822
0.0027408298553687187
0.00021151510380321527
0.00022054125342020516
0.00020734143151058846
0.0002034307830048035
0.00017950056047791015
0.00022019321832676607
0.00023742236239841202
0.0001832896824245294
0.00020999795116155755
0.00022885332202820537
0.001575477040578657
0.00138816054262458
0.001246178395658043
0.0013702585105544616
0.001434988941945249
0.001379479938691657
0.0014056288667680882
0.0011819135834389711
0.0012597495888021955
0.0014554583245833493
0.003510276150156645
0.0031108545873615072
0.0030036712231689393
0.0026791449515965963
0.003761655514891636
0.0028088099176617996
0.003555830508015663
0.0034564736417100226
0.004095956472825537
0.0030548405524062332
0.002461120771773315
0.0028284732677405196
0.0029819213823330942
0.0029178228074013433
0.0029951141189545056
0.003507839327657192
0.003156584508529267
0.002021663081410835
0.002782934678655358
0.002937116109618164
0.004211145942676069
0.0034895673933196775
0.0038336776721107253
0.0036882732911995815
0.003087764682237913
0.003838096623941568
0.0032812044823126245
0.0039987350362840225
0.0037810197964278235
0.004541148802379507
0.002265861451861301
0.0034405530247911074
0.0029466348457922223
0.003493655843663023
0.0030415596557610593
0.002989429368217104
0.0028708306213577617
0.0032131852629611554
0.0036152250531871345
0.003023343187912659
0.0023906062156551005
0.0029061785800918016
0.0024830451490474655
0.0028912840908367063
0.0025368091505241054
0.00245926403441727
0.002561392643789494
0.002894940965388325
0.002545090980232013
0.0027506691533900154
0.001332733349269207
0.0013465058914433206
0.0010416136774818994
0.0013322082536435889
0.0011353354439088328
0.0013263362627691378
0.0012576311928743267
0.0012900730246046077
0.0013303668333492498
0.0012139050353022535
0.0012905564852957055
0.0013500184525313899
0.001413403617840389
0.001482386101888119
0.0014988254350830393
0.0017050294851710098
0.0013139950507875288
0.0010567059274575008
0.0014050902342476247
0.0012424475203326826
0.0005940659653109579
0.0006027232343924802
0.0005203644957944566
0.0005412146435885646
0.0006071524562195735
0.0005268488333632097
0.0005080589425166114
0.0005970989309973323
0.0005666698827457434
0.000581282609916404
0.00413505484346579
0.0038361512542376204
0.003855773455707539
0.004565926339821249
0.003969530604431586
0.004637783253012694
0.00359681188644547
0.004137428719723095
0.004043273809260154
0.0036322384589123308
0.0031311257976487637
0.0031317062897417503
0.0026836156184008204
0.0026246555476731348
0.0029984333652595192
0.0029416467544545995
0.0027090138831066066
0.002896788085908976
0.0031123412488508117
0.0027611160877574034
0.0026778682115326546
0.002955390290790485
0.0028014712561430432
0.0023550114660251752
0.0029105179414706415
0.001885448693425502
0.0026241737177069707
0.0025959737517194056
0.002654758628486759
0.002913506694425781
0.0012208773811845212
0.0011174262928098045
0.0011420698975405617
0.0010216219511381113
0.0011021621475509839
0.0010775752926862772
0.0010934583280431062
0.0009740091739554942
0.0011487675751109896
0.0011974809920184872
0.0018708533380694453
0.0019393392851674172
0.002823146578683114
0.0018903017975899538
0.002068259724055593
0.0021948389487632756
0.002295886177009482
0.001991783986274852
0.002105983577397028
0.001967688716491056
0.0012518932983177735
0.0015910840447503247
0.0012567810544006645
0.0015003577358829985
0.0014580116846173116
0.0014333356995038468
0.001512648844386245
0.0012358529517016007
0.0013273148775754114
0.0017517891436718736
0.0006431145966668045
0.0007145852172517231
0.0006283800020498194
0.0006052806754768468
0.0005834696055769452
0.0006432931426732456
0.0006178514550496785
0.0006079704263479182
0.000505443132780462
0.0006140312169202405
0.0028787896081208303
0.003292169873520498
0.002772353912648844
0.002958469687480606
0.0030558793016480313
0.0035914500313947912
0.0030967781385705957
0.0030911543270981828
0.0029946871619300113
0.002939076329375111
0.002534154502854561
0.0022283326033526885
0.002474329180851401
0.0027876240118055377
0.0022517851973051293
0.0029108179517426266
0.002306904962031704
0.002827569731200431
0.002953233790935111
0.002259842622925023
0.0036794364902147624
0.00325919327172801
0.003461493039487044
0.0031566757744664097
0.00321666001349102
0.003203075993226811
0.003447857512579601
0.003462461269127437
0.0032568898303978757
0.003850024536976039
0.0020896180554402025
0.002085660685296672
0.002130693839136502
0.0023388693516552895
0.002065906864977268
0.0018659599365919426
0.0020294620140942398
0.0017419084297271106
0.0018735432227287127
0.001961817700387276
0.0031383950390938857
0.0030934600194070694
0.0030682291648621287
0.002464297236424426
0.0025327527340348543
0.0030752153876700433
0.002468788874543777
0.0027621914826517855
0.003197176297977788
0.0027900499412725236
0.001389998138582843
0.0013754489862085307
0.0013605862145995708
0.0014035950429472082
0.0012118301004865287
0.0012448089455677617
0.0012244442557265605
0.0011858033578721222
0.0013311666155830506
0.001084808765850727
0.002065328433340962
0.002295000003568687
0.002289970938501881
0.0019670080349408377
0.002245657574363446
0.002072891166503149
0.002054792191624874
0.0023198234276664348
0.0020782317962362877
0.0023656096108207285
0.0037562767879168917
0.004215941580728795
0.004233741359815861
0.0038487429753989383
0.003968471542096755
0.004469050340742684
0.003954941248967459
0.003511624299054721
0.0038656459115038086
0.004720495870473807
0.0037688440757670315
0.0042490299306644636
0.004013746314533349
0.0036589811004386586
0.003737782099078936
0.0032222870274112962
0.0034544219280677776
0.003490859105099313
0.0031554787506094008
0.0033825411758247642
0.003708046683332077
0.0037011506005406227
0.004531413250098767
0.0033692633278857484
0.003463118796240292
0.003210511523493597
0.002694766587331996
0.003852131448388633
0.003781314550539487
0.0031465000620036292
0.001779309361443478
0.0016533433953367766
0.0019094620470813555
0.0019452582910804716
0.0016309794267678629
0.0019040298626974738
0.0015141481649941302
0.001880074461277499
0.0017581862830250334
0.001481210200023085
0.0013039324375553113
0.0016199674997777606
0.0016161332185420135
0.0015067774630346269
0.0015757491322419314
0.0015065085939355246
0.0015906089248999783
0.0017554444414954761
0.0017044201621314668
0.0015497039192025827
0.0012009691877006034
0.0012537277891392466
0.001095624473253263
0.0009304274495094676
0.0010450767039539696
0.0011290270486576976
0.0011339502368118892
0.0011147580350805667
0.001026946959508571
0.0010156255201735779
0.0015303831206841213
0.0013076482595492007
0.0013755692442068014
0.0015053956192341595
0.001142548232756168
0.001311350004005477
0.001408588357712672
0.0012676056584434486
0.001375416217823555
0.0011363365097530383
0.0002221720414263531
0.00019975996045340136
0.00020267298437876994
0.00020417671692656963
0.00018754176544939958
0.00021883772202020767
0.00019990617599372683
0.0002103568154923378
0.0002213474792880787
0.0002152821211940979
0.0028613941196200888
0.0027280836853494565
0.0025181997608033557
0.002744475467702925
0.0022410929390813995
0.0023557130680617678
0.002518464994511198
0.0024911477332173527
0.002398526917753841
0.0027318866809618123
0.0029359796939613194
0.002348749975627591
0.0027573336003550246
0.0024055857271835816
0.0025274628426262486
0.0023286716483064047
0.0028275091110309316
0.0021644265315313
0.002420074024940221
0.002679128806591503
0.003529523078059685
0.003036372040892457
0.003210352061407969
0.003231831783007537
0.0040098282157750844
0.0035393498850702946
0.0031182648590226372
0.00326651685977107
0.0026644424019860013
0.003328571011522306
0.003305056781750444
0.0032016467452746877
0.003486312517861178
0.0032920767245598268
0.003060596944167175
0.003223537373092157
0.0037822283569912962
0.0035180354455352537
0.003476614953744338
0.003507823304066354
0.0020474162851879247
0.001643938547230446
0.0013525421327477297
0.0016759836479776488
0.001968056848920473
0.0019020559096057518
0.0016284482662691092
0.0016626703914805463
0.0018327145334236475
0.0021686225093233706
0.0038535496884984817
0.0038464575706099458
0.003975633045293333
0.0038375931643182364
0.0032379612400247454
0.0032636876441304737
0.0036469852685982805
0.0032494637335751014
0.003549144999153311
0.003964360515628768
0.0022128448604391273
0.00229207120772587
0.0019385057523815634
0.00174553367019376
0.0020450537328721833
0.002303770449088923
0.002418250526182218
0.002623356257930502
0.002002151964106567
0.002342642981194306
0.0030232647572273354
0.0027998651561030826
0.0038069899435887143
0.00371991268824812
0.0032340285235093
0.0030901084445904034
0.0030438364615575837
0.003590569944082967
0.003304808866352191
0.0035442370881635845
0.0006769128046954636
0.0006396840469410203
0.000572425287395826
0.0006980842191017694
0.000644942877981293
0.0005429967918385226
0.0006718707949367061
0.0005687647021628647
0.0005609132856012825
0.0005860892390607456
0.0022813601210870246
0.002678392728721572
0.002733245219707729
0.002516968293164074
0.0025123278702682953
0.002364733780137779
0.0022891177480888585
0.0024892590161753646
0.002673806852044964
0.002497194597477608
0.002728996037299812
0.002910174005196415
0.002881583064286012
0.0034357241615420994
0.0033111479049822545
0.0027777399962489917
0.0030511419979117813
0.0030215384405890672
0.0027878087680839395
0.002585126004794509
0.000365202229983635
0.0003979938254904028
0.00035332668491285034
0.0004009362676962654
0.00035338622139397327
0.00030467019984385934
0.0004421692179865654
0.00042824684008367555
0.0003790841750102869
0.0004480973509159247
0.0029378773901548917
0.003169083423214546
0.0034091044842986555
0.0031585272468573258
0.003103554520480255
0.0030090727722260915
0.0023833045531098003
0.0024093307415135124
0.002830083304175342
0.003391242887494297
0.003286448568983388
0.0037934426480028182
0.003981233696596057
0.004057243541855216
0.003940304394286578
0.0036572733569132836
0.0034973307674730034
0.003396180264344516
0.0039707339972576625
0.003721693469904348
0.0025850886695776175
0.0022851573846864475
0.0025565496066272866
0.002276565485053354
0.0026856899176465913
0.0019615164437013074
0.0025306753810231436
0.0023474505858463463
0.0023659297123875705
0.0020264152741016343
0.0021848692947621907
0.0014576807876684867
0.0016150462787107957
0.0018016385906016925
0.001903279647304082
0.002113714509306377
0.0015559494016642804
0.0018337136810076936
0.0020743668669924394
0.0017044776131442587
0.0033289202234068056
0.003506946021418888
0.003473503175252728
0.003406709944204852
0.0029668136983015863
0.003441798328629728
0.0035309250954308853
0.0035472114728389913
0.003456370049255818
0.003051743438517033
0.0007752315692014156
0.0007093217314997711
0.0005481111515864877
0.0006919703702524216
0.0006734607241661461
0.0008125922114750997
0.0006278327826468664
0.0006989024321069389
0.0006109186766464134
0.0008008279085619405
0.0027156574322168415
0.0025749959442063902
0.00284168582349927
0.0027126953201444238
0.0030711432570537296
0.002674704903228579
0.0024013701671640854
0.002964368967737155
0.0031872535413067066
0.003403314414964828
0.0005771217720675791
0.000519088556495978
0.0006054267647372524
0.0005997681925534636
0.0005600794240528566
0.0006344404378773317
0.0006774824910278956
0.0005967129323289117
0.0007121462135146395
0.0006136332638688299
0.0026206088128120277
0.002502964619423448
0.002722959937822883
0.002773589963908988
0.002527956525686287
0.0032305764844194748
0.002901958155895066
0.002714586788814303
0.002549963492925933
0.002406349799514922
0.0008730486980374889
0.0009769134573826904
0.0009067154633021505
0.0009368747080779993
0.0008609720582848389
0.0009087763702932755
0.0009451866824899909
0.0010624969744168521
0.0008493080561885932
0.0007758319728052017
9.349321703662963e-05
0.00010179449761138376
0.00010114271442568943
0.00012122380265978773
9.29437619241581e-05
9.879198158257127e-05
9.529308257279249e-05
0.00010073206247511765
9.661527930634625e-05
0.00010301196492087949
0.0014131601032229325
0.0016335672416116908
0.0019675186647033
0.0014075453750574986
0.0013012275186278217
0.0014954213263117953
0.0016931271820612495
0.0018434408214020733
0.0014687312626018147
0.0017889513018900034
0.002542888235749091
0.002090935807569893
0.0019159149777685828
0.002560954813478646
0.0024617180782990807
0.002225546643554817
0.0026270208595354505
0.0023866864905724375
0.002263179770326805
0.0018444235494111745
0.0020454946207955384
0.0027080885832287283
0.002960164718580062
0.0023805927289725663
0.0027652766703663693
0.00275390196752876
0.0027892877058243457
0.002688931464422182
0.0026016728506039043
0.0028235189701089998
0.001624099125223063
0.0015811707389588707
0.0015953329463469176
0.0016235120391271955
0.0014416874430142296
0.0016100951436631124
0.0016213285046706087
0.0013803400442425787
0.0014606751730990004
0.0013210641821682426
0.0017766786440577235
0.002286975303921972
0.002008461702475286
0.0016377053149270258
0.002147988808182687
0.0017907317373933324
0.0018531379220879736
0.002007354229993221
0.0017825390293373334
0.002041854950209737
0.0015990431222123853
0.001948955611285479
0.0019357939752980187
0.0018502618978409526
0.00193952211120746
0.0016904067553216422
0.001837090699182178
0.0018270925184512453
0.0020026313728648115
0.001735788248756667
0.0014577832942766961
0.001983887333768684
0.0021649703623291003
0.002094490901663844
0.002071953963133041
0.0018950451519844703
0.0018418122764708624
0.001992654315755009
0.0022194538639309334
0.002176838090506246
0.0024353936160203347
0.0026578830889049834
0.0030165607091203047
0.003340132885691027
0.002278305214704656
0.002649624515984043
0.0026749833148033285
0.0025688578052963373
0.002388545213023287
0.0022813308667240747
0.003165217466913823
0.002653826185939365
0.00218451366986446
0.002700508788729148
0.0030081715551550626
0.002756196410233778
0.0028261450298525475
0.0032594232237876195
0.003198328848248113
0.002981202251232883
0.0019013431214607221
0.001968637394326309
0.001870461296103018
0.0018024352585868906
0.0020089784264865932
0.0022851574646357755
0.0022272297139549154
0.0018479899361776228
0.0020216858297909444
0.0020318988967435204
0.003364862683729255
0.0038120417282799706
0.003196788739582021
0.003498385991258734
0.0032593578844214307
0.002825368514843914
0.003414132203070064
0.0032004141694791616
0.003308488795684247
0.0026853206313068533
0.0006771663457672759
0.0007465495408249016
0.0007053130960428269
0.0007561947481907374
0.0006893555014283883
0.0006954038505936424
0.0007930214677739059
0.0006895450208346326
0.0008054158729715871
0.0007118336104608383
0.004047919658234767
0.004198451943270447
0.003680318051911385
0.00450585426688716
0.003579902294161397
0.003388960637385792
0.0039001213837877445
0.004245540177345652
0.003318331657716056
0.003289163914950897
0.0034789432772503017
0.0032643642036293517
0.0034982690743821875
0.003439714884571768
0.0034529184073014696
0.0028773729619122647
0.0031082808422859083
0.0035672570932489033
0.003997834467925047
0.003284774795440133
0.0023149314511184283
0.0017668396562431333
0.0018137300248770153
0.001938465848981299
0.0016250638898355056
0.0019165621242542028
0.0015467469909048077
0.0015401557708257271
0.00187052579587213
0.0019038125629555049
0.00010830137863084757
8.959766934648944e-05
0.0001075143417502449
0.00010253337055405363
8.982229718765104e-05
0.00010398500085373828
9.40262591503301e-05
9.533267675094158e-05
0.00010611958354690166
9.720920376106867e-05
0.003537527642048119
0.00317644032414876
0.003853526402527102
0.002970527734292798
0.003557913994916306
0.0030274950296275845
0.0033264904647681837
0.0038680659600142625
0.003377625972232089
0.003676868864113018
0.002916420662578873
0.0030066595457161932
0.003202393188031327
0.003588184273092393
0.0032654557976254522
0.003782493806512758
0.003287922144171345
0.003123359644208935
0.0038624698555185964
0.0027384435440781577
0.0038591465393800176
0.003360230105515169
0.0038182111100140774
0.0037377456804963253
0.0034958355794937677
0.003641864672210654
0.0037447469092163673
0.003776639498385928
0.0032108062439046565
0.0031870700415035902
0.0032152802356553785
0.0034504592224506372
0.0034750538268818894
0.0032228564250050967
0.003326641612048448
0.003648536259564356
0.003179045163219506
0.0032654518409684003
0.003167158559704844
0.002968140318910877
0.0021384226107821445
0.0026523864905716866
0.002267074627812068
0.002610766549273776
0.002073024907027979
0.0027712811103247415
0.002147094916558002
0.0023786411689478907
0.002470246732956557
0.002579667277234603
0.0007713264415888135
0.0009059798518463163
0.0009831699323206134
0.0009081216570600266
0.0010602602369109886
0.000738729486584476
0.000808730266672212
0.0008522066413586
0.0008189445222376202
0.000797789844750053
0.0026751843474971575
0.002823364471069054
0.002863308791844493
0.003121862367254026
0.0031333701438465873
0.0028090587645239816
0.003275422406964974
0.003389397009101398
0.003456684670603086
0.0031049600514506015
0.0037085892058957666
0.003930504507416366
0.0030466140435277877
0.0036443384056454972
0.003864825865971655
0.003896410486882083
0.004086392374474034
0.0031173471496639873
0.002918487521418288
0.0035458810932381727
0.0017877530941639895
0.0016330372647602163
0.0020985867373275054
0.0022756766094751252
0.0016044784699179957
0.002179969717412262
0.0017541794060505905
0.001978862970350555
0.0019785012635472497
0.0017810209419887278
0.002802719952389544
0.0032095147316443828
0.0029317742503529214
0.003053276838952423
0.003218483170462725
0.0032469856503827797
0.003186958264273433
0.0026911683975135298
0.0030366588448669427
0.0033955386041938022
0.003406952397319082
0.003756751035728313
0.003509826320319475
0.0037099161913696508
0.0034097249046722965
0.0032535094115900593
0.0030535139542877767
0.003346367098686112
0.002935082275186731
0.0033982432271060154
0.002915782914071603
0.003371712275297115
0.002950857703826954
0.0025235743285348753
0.0029227987740582623
0.0028757207405767436
0.0027464645409202783
0.0033117590206850657
0.0034997577282685857
0.0030878819265120518
0.00044348307569889935
0.00042412516635162244
0.0005200293214298428
0.0005770653303784348
0.00038914645033665993
0.00043767323530084643
0.0005263387444765314
0.0005508598416075794
0.000501219658051359
0.0005130383235056784
0.002595943540038946
0.002442000602857981
0.002361967032637736
0.0020762786516415493
0.002500645512912203
0.0026976739362430274
0.0026735120492392558
0.0025022195967305963
0.0027426338671568008
0.0021544748746580166
0.001667946089070076
0.0012716057849117928
0.0012274780322778047
0.0014757598760222895
0.001637703124964278
0.0011065183687554762
0.001561536032371197
0.001294795926418706
0.0014131962872299794
0.001385442126742189
0.0036111294475329706
0.0037698880250325193
0.0034280011646238575
0.0034746147956733584
0.0035138078934619653
0.003041935896814941
0.0036150221354708484
0.003223190087678083
0.004316420340125039
0.003458828290261457
0.00019248374672272979
0.0001678379175997794
0.00022689266299575158
0.0001880867648490278
0.00023149298832785033
0.00021924474689479184
0.0001996675096578518
0.00017559681459278808
0.00018643823096512217
0.00017519432023671428
0.0002693885368115726
0.00024282404519781637
0.0003046458835366067
0.0003339304711881032
0.0003351332397693069
0.0002717476384184437
0.000259425156643601
0.00033420990078867013
0.00032162860748842487
0.00028396807216528444
0.0040993995753011905
0.0034151175844527068
0.003812449651779206
0.0033670725180384485
0.0036779096394271506
0.004475432923091226
0.003129022913820821
0.0034264266792321707
0.0036717583949165584
0.003038793674276562
0.003185154918758883
0.0032235109260283115
0.0035447374526554206
0.0030774721252664794
0.0031155372881478552
0.0027432783299845246
0.003489505440010578
0.0035166398730981504
0.00362680173458108
0.003613086826781783
0.0012720845042591862
0.0011331401865534605
0.0011803094957314893
0.0009346267307817176
0.001134927682756892
0.0012403197148612136
0.0009817218945099378
0.0011205030042359325
0.000928371619883952
0.0013859575780537962
0.0003153929471424109
0.0002519827611396267
0.0003110302675399539
0.00031847205661487315
0.00034680969364139905
0.000282093309750272
0.0003010538932245734
0.0002761646849673444
0.0003140870176517857
0.00025782680174659344
0.0035193317434274126
0.0036748075643841644
0.0038961573860100125
0.0037813518874948073
0.003964916818891957
0.003749525665608459
0.0033599663196251335
0.0034051275620512636
0.0037387671071630094
0.0038949641775473426
0.002053217184318082
0.0024504584532742584
0.0021545986897086567
0.001882399775155752
0.0016507491558997137
0.0017768869661505743
0.001929496831939249
0.002202220816765923
0.001983116423547322
0.0020696951107801983
0.00045983837314718986
0.0004223752100663335
0.00047461691986120665
0.0004965580740684814
0.0005000840815134138
0.000516046939305955
0.000432316167194847
0.0005685777257621429
0.0004972470773580474
0.0004840379323697064
0.0018412940981598258
0.001577504378121357
0.0019601229058864205
0.0016047274107832995
0.002052799706882647
0.0017593907050477552
0.001575908550967905
0.0018687315274143845
0.0016332336036667084
0.0017889330516047354
0.003995694293946236
0.0036858748842562555
0.00440300492463065
0.003672275617572534
0.003927394473276129
0.0032393219687037005
0.003990431415587274
0.00327377448819117
0.004091753254565329
0.004436011958240704
0.00382087839909124
0.003646294801390864
0.0038343155089283036
0.003544223645453713
0.0031315055202965
0.003426677815289022
0.0031935712574240305
0.002685644724417919
0.0035800053419476493
0.0034262363306983667
0.0022993513092985167
0.002415853212960269
0.0023280908990963864
0.00271664031730716
0.0023402703319159754
0.002223354123156037
0.0022495483068401007
0.0024400917049943733
0.002558808876632122
0.0024359393696678634
0.0016104671182721126
0.0020584098353685614
0.0015894448350750174
0.001760219521278783
0.0016949684695531837
0.001662518169502472
0.0016642290098953633
0.0017980913998885215
0.0018858090352036206
0.0018344560582102887
0.002834062851758106
0.0025384335282728453
0.002240765017281537
0.002606060456526179
0.002431090789422107
0.0029422725081563105
0.0022952627708382007
0.002427155797907824
0.00257379060189921
0.0022753418898638555
0.0032672246649871313
0.003230340531182898
0.004427800023842287
0.003778841374275102
0.0032943340912894286
0.004022275317823357
0.004735275549861299
0.0041195117023503525
0.0035309785058477198
0.00377225091545475
0.0014201721476298627
0.0013552798494399373
0.0013664075006324214
0.0012082761528519205
0.0013336839088116893
0.0012475888060457486
0.0012166629534386515
0.0013776873106404088
0.00148852171055843
0.001252749729308395
0.0002037013134618585
0.00020505207419238875
0.00018121272871105681
0.00023141420918985892
0.0001819394525624722
0.0002264626215791077
0.00021729246597032258
0.0002191081448427638
0.00021469090513861772
0.00020856147557539526
0.0023677999103304754
0.0026483239549965707
0.002320558843838597
0.0027701431065445523
0.002949118135266841
0.0027911225721099307
0.0027998598276610305
0.0027295244278866464
0.0030901980280311596
0.002327538976918578
0.0008744257240081479
0.0007143007592188029
0.0008451762111272679
0.0006903383898781246
0.0007275141993132426
0.0008133656182866452
0.0007931301339573238
0.0008703365773300745
0.0007381127648458896
0.0008507250233184443
0.0021794007427329417
0.0022550663073666083
0.002390120675159064
0.002020491240570005
0.0021954939117965404
0.002195396224916499
0.0024344621867851014
0.0023250230487113256
0.0020611787049775237
0.0025989329430022375
0.0029711862419723968
0.003411888433845659
0.00244197682342274
0.002750227279605235
0.0027278743322517647
0.002662210427239349
0.0024518169338885133
0.002271800806668056
0.0020364853379694517
0.0027599370459686946
0.0011121957273308588
0.0009878524946932497
0.0011891917531077045
0.0010090970977487473
0.0011477605437255187
0.0010376407760671967
0.001159305240712187
0.0013155989929281315
0.0012570539836407066
0.0010179890975789167
0.004046163055317246
0.0035038382790689945
0.00375917549172939
0.003173890048645531
0.004045386264709507
0.004380938877290458
0.0030399449279160007
0.003400936403420881
0.0036536101277091946
0.003818114116490562
0.003499368022778264
0.0032426209991142604
0.003945058809879825
0.0037522913613235423
0.0040258198066239195
0.003407373455098425
0.0030804887619398755
0.003126711412447536
0.003320526461467043
0.0032807922999350376
0.0031247242575229137
0.0031557411203385487
0.003295620718534265
0.003869455614431692
0.0032539360300209985
0.0032729100139647764
0.003024265508751428
0.002786477724232386
0.003279998665295986
0.0026378133293186007
0.004217044884767249
0.0033159678453318527
0.0031557815473083244
0.003793829121023668
0.0038434444109366143
0.003665072408231188
0.003128411581803619
0.0036531362414943115
0.0032924954511821913
0.0035195424924225854
0.004139990181593426
0.003264487911159944
0.004183212668578466
0.0038404197406954363
0.0037718014472695304
0.0037398281421570792
0.0036998831614068546
0.004443116352752353
0.004422460142519256
0.004339364886028255
0.0016881665620213696
0.001897304169808212
0.001536028322210218
0.001867650425118325
0.0019393286773616166
0.0023255457998141806
0.0022785806499244486
0.0021643213345865684
0.0019806395594490853
0.001959602452525656
0.0015893480748124878
0.0014631078072748684
0.0015065203103372137
0.0014517721644961136
0.0018245226552389881
0.001069948449571957
0.0013410940658606964
0.0016601960145323153
0.00160052552755092
0.0017838301421076305
0.002804679346119096
0.0027839108630531005
0.0023018549060378063
0.0029161961877836183
0.0024322859943688205
0.0027383642616839047
0.0028012266694510874
0.0032280706420331285
0.0028085104311994934
0.002728253341904878
0.0005552768490235847
0.0006023081774343868
0.0006388417897157439
0.0006420551441922486
0.0005041934556801647
0.0005462065248753855
0.0006322438513642575
0.0005766100817202408
0.0007419128916683077
0.0005223899981235799
0.003366444587599513
0.0036428057376228845
0.003728841051661992
0.003548928871086417
0.004287216780546026
0.0036843781379845724
0.003262038652173
0.004418753109257357
0.0036054016156099973
0.004139386082284116
0.002309168692771464
0.001754960254283925
0.001796901356716868
0.0021493365927847353
0.002279147745206258
0.0022095902346210795
0.0022706455966311446
0.00190023553225989
0.0022030652967087597
0.0019393120477811587
0.0008515088866235126
0.0005977643401523354
0.000858600701577514
0.0007103281282927274
0.0006379695402974466
0.000742865472840049
0.0006874490436893974
0.0006522003928455549
0.000686727101904314
0.0008665310277702192
0.0023446780098606615
0.0020789769944133665
0.003288827276701355
0.0022750035341203047
0.0026054096894944576
0.0022629410947141485
0.0028691393388266115
0.0029767277681166876
0.0031397250262863094
0.0027930320925756325
0.0002953274158218031
0.00029826457688127296
0.0002707547830942608
0.0002884337111550937
0.0003054259280054259
0.0003531372840780585
0.00029637319162338876
0.0002958401108560607
0.0003094499358380181
0.00028801289213388926
0.0020425583729005506
0.0019678643648953914
0.001992640949311639
0.002198675964347658
0.0019284282488017386
0.002510775782895455
0.002354193130314716
0.001951292596364221
0.0020129998430494568
0.001984671497716019
0.002509341217202614
0.0027336481209342214
0.002849142116360231
0.0021392179113596714
0.0027620350972543213
0.0022874200074443343
0.0029475056976724315
0.0025492089469888604
0.0024606408794322853
0.0023850932426704137
0.0020736960752538616
0.0019339228940464673
0.0018852739370591818
0.0018901984880307127
0.0020574203981302834
0.002237314957394368
0.002306136690805747
0.0024336138993904712
0.0017674622675520968
0.0021407018751859056
0.0026559544673933682
0.00259648191599919
0.002550549124094674
0.0028306796667604394
0.002182935481141147
0.002308937038671269
0.0026930944404240692
0.0025786622536921916
0.002388614862470137
0.0027452825337550978
0.0032503153861658165
0.0029541322194746368
0.0031565490231680745
0.003197784764778554
0.003017396044244002
0.0030364341684758858
0.002956399653549186
0.003421629844345742
0.0034327672129557
0.0027956424763571804
0.004675549046414808
0.0041080468549186434
0.002951678395532656
0.003986985127656544
0.0042605711966731885
0.0038105933054078784
0.004297079289083107
0.0042912531183771085
0.004607008732792863
0.004244483071697135
0.0035573359745119824
0.00323702106821155
0.0033693100167638745
0.003537903436637136
0.00361220227230839
0.0034834390686582476
0.0032121160643473912
0.0035600514177221926
0.003154288435500268
0.00357328977732323
0.002381908087170748
0.0025546697943441637
0.0024665316311957225
0.002339875496762487
0.002730542248505892
0.002498245936770494
0.00298152516217994
0.0023144336180067476
0.002336030345763932
0.0025391023606772863
0.00043549410967616304
0.00032290847663327067
0.0003783678700427882
0.0003485177340156038
0.00041844376649362227
0.00041159601981187905
0.0003757672330756593
0.0004306326717594495
0.00041072510533211285
0.0004226719640693179
0.004244286788567411
0.002760197704466502
0.003618225713384997
0.0035702394945106727
0.0036213494081820366
0.003719204279035028
0.0034406843607711988
0.003508451207971044
0.0038361779262890377
0.0038476747942762326
0.0019278624949650373
0.001936120380578759
0.002139655407828845
0.0019643707172631807
0.002322363946946667
0.0018581481738609012
0.0017449037536451475
0.0020746266331878077
0.001952792404780663
0.0017263874345847113
0.0008360327502330067
0.0007625848738087297
0.000800735055504179
0.0008730371011354837
0.0006858430653479017
0.0008230443163705095
0.0008703283252880454
0.0007505143002214311
0.000839196290396123
0.0008220529035963105
0.0005595349210745135
0.000469908387333715
0.0006609768570801459
0.0005868645109919469
0.00061359630034685
0.0006091207154453412
0.0006329613850714971
0.0005232019325031193
0.0006499145248254841
0.0005322202771466029
0.004298697704760578
0.0034096091217887285
0.0039990410310463366
0.003934463379360912
0.004119157185192999
0.004131145940385848
0.00438047835853054
0.003824300430178875
0.0047086576109071545
0.004430974895536977
0.0020760377880966376
0.0022928476032794292
0.0021932237927349625
0.0018208126185121976
0.002473694238621358
0.002335117128852654
0.001861570384739135
0.0022129083160713995
0.0021014243193371116
0.0018494560876536168
0.003343771751340842
0.002985679336767853
0.003404561487097882
0.0028339989120263883
0.003309450564582813
0.0037603965191088744
0.0028705002983643226
0.0031913647766780373
0.003929231249258582
0.0032692106362372624
0.002719661608943654
0.0019498524575426994
0.002400131011703376
0.00222364074502305
0.0024761629339744872
0.0027068625088803684
0.0020910179973574364
0.0023145282140916326
0.0020232767040438415
0.002359965891567831
0.0021291230112726383
0.00188562927434838
0.001802505769584933
0.0018200932554994485
0.0020760618077560722
0.0022037848864046882
0.0016682817797384877
0.0018917049010430118
0.0017881719581086379
0.0018753447857262728
0.0015224361955455974
0.0014484691036873575
0.001400151450006973
0.0014579699028128051
0.0015009116901060727
0.0016363894769689693
0.0011319702942659577
0.0013405891957804208
0.0013865903806637445
0.0010841612898402433
0.0027849364936265155
0.0030425676576534516
0.001950797201159561
0.0021749951170346705
0.0021915062388151822
0.0027850483001607236
0.002442917545913781
0.002239396092068627
0.002725741072747066
0.002572532720817617
0.002456759774262518
0.0028844059694948594
0.0029231433805742145
0.002789175003541856
0.002886478593877101
0.00317126926699929
0.00283811382511991
0.002908481975325787
0.0032093703724443805
0.0025745052115121693
0.001258834478010226
0.001239150170503129
0.0014382923991275325
0.0013310865316983518
0.0015984548377173107
0.0013757084304141438
0.0011774146333441487
0.0015150847198572052
0.0012480580922979022
0.001403302297566614
0.0023471890970024837
0.002188283445783437
0.002408853391047765
0.0022857044665293333
0.002217412537177404
0.002347806627246203
0.0023657652880888476
0.002383173460143617
0.0023592126063309822
0.00230198482534113
0.00397988489202907
0.0032436159945377413
0.004284940713584551
0.0034192336561840067
0.004052135804554301
0.0038301255550653905
0.0044735836663939614
0.003779676950610658
0.004832587662914314
0.003391254791843272
0.0017893247488753423
0.0017326675225691123
0.002154946939429903
0.0020737180526029047
0.002238949591521782
0.001836260424584229
0.0018302301899614166
0.001957220346094027
0.002302189780895283
0.0021569828905609505
0.0021732521654682113
0.002188299228989124
0.0019395467520806928
0.002163610596969535
0.002241819959514654
0.002078561297864987
0.00195312991415259
0.0018222039198594589
0.001808946738107395
0.002309970385317887
0.0012520113312533144
0.0014753285322243448
0.0012553291746236496
0.0013495396441992509
0.0014377699039768532
0.0016400953549450636
0.0014797544763696757
0.00154706715868058
0.001425044045121874
0.0014638710399449313
0.002179093332620985
0.0023505421189282667
0.0026398778014847545
0.002467577320845888
0.0026313079062402597
0.0025847408239811857
0.0027698200605174575
0.0026707126545749116
0.002827620962294132
0.002701815730476488
9.020485872998341e-05
9.398057450979155e-05
8.659737314618683e-05
0.00011637070598260191
9.598896182391666e-05
8.993367890677613e-05
0.00010284934239399512
9.409265989956648e-05
9.175042610796516e-05
0.0001015993458348272
0.0025849575026898465
0.002327414765531112
0.0023981261725249713
0.002010179156517167
0.0024363441869402563
0.002375637893389244
0.0023581229671691827
0.0027737223058304722
0.0016152490003189873
0.0018768089206163952
0.0009777550742545724
0.0009837391503358978
0.0009891663992413055
0.0009901540063060978
0.0008837430186621285
0.0007656513946743784
0.0010043709629415538
0.0010347714360604773
0.000943183891567646
0.0009623089862391378
0.001896268713366033
0.0020836997854562496
0.0018844753642145728
0.0021774813763109383
0.002253591519820879
0.002142153331779306
0.001943627381735584
0.00238553274460672
0.0020140872070990544
0.0018735879629556296
0.00340278314130371
0.003312540532241829
0.003873430511315332
0.003828939628174311
0.004042855920739213
0.0034730369759150004
0.0046280177974689475
0.0033404397166395833
0.00423678840166939
0.004240870388562543
0.0022039247215974037
0.0020647066334653326
0.002340220225179387
0.0023238162136795747
0.0021037157414288622
0.0025270153843005784
0.002078542888577705
0.002317690862625959
0.001868144402308829
0.0024452394071044986
0.0006077759836022758
0.0008936197154144841
0.0009482877833237695
0.0008177085745051571
0.0008328246724254799
0.000904821792492055
0.0006302715121969115
0.0006869706583666432
0.0008733071679454834
0.0008103196104271037
0.00243787333440896
0.002339481153123911
0.0026121168281948177
0.002368108445033015
0.002444888762962099
0.002619074595138661
0.002315006897190263
0.002453338721290641
0.0024934978659691557
0.0024349292979139077
0.0017280930481997471
0.0017681289293754528
0.0015579403692812688
0.0017445214115046975
0.001763155606072801
0.001568450811303973
0.0012748494610398753
0.0015279378830604401
0.0017974331182688272
0.0015218167946437194
0.0026772752133785954
0.0024382723948519133
0.0023542324587130666
0.0022353640945163462
0.0026844275380038573
0.0025789232311357246
0.002584973797021089
0.002805571476274084
0.0030984227279261664
0.002460712927734417
0.0033515362713924493
0.003544024059118408
0.004074924040819894
0.0030714047071685943
0.0036799012973334653
0.003678509703846005
0.0038503523990278347
0.003907008905847453
0.003528880350473817
0.0038389368484200975
0.002828850854955609
0.0031153440005021746
0.0029038977488312387
0.0027380138049702433
0.0028025080311710176
0.003054118179989751
0.002753013321104639
0.003198921638732563
0.003250845108610771
0.0035618731754116393
0.0032920987900359744
0.0038732726705292624
0.0033806970084397886
0.003131709227135211
0.003483051228772274
0.003207734667820501
0.0026653759917279326
0.003172651128502305
0.003236365318623256
0.0036024510300191326
0.001586690878022379
0.0015125324467457773
0.0018002355541865346
0.0016271467178666636
0.0018015015687314663
0.0018218440041591814
0.0014568168706943936
0.0019510090228474818
0.00168475034609433
0.0015242136710060252
0.000352472745661143
0.00030728947462691875
0.0002913578304192015
0.0002487789122111937
0.00030379481527622416
0.0002932194817945955
0.00031428313863778913
0.00029793864386310913
0.0003244199534298276
0.00030124930087889294
0.003573256672220594
0.003613607315432597
0.0035287791512999484
0.0036322150435716717
0.003147895952654809
0.004113420310314621
0.0038132595229079863
0.003739211842274685
0.0035648772956001916
0.0037893614457968966
0.0018642813862239564
0.00271637600873527
0.002792891329656542
0.0026910320320881515
0.002133625089951252
0.002154522928243211
0.0024185901308873188
0.002280773006932063
0.0027906702797538506
0.0026031458799358354
0.0017698172793656167
0.0023597052798782245
0.001873831460400776
0.0020907103565117545
0.0020597771547393334
0.0024469134498336896
0.0020748939759021126
0.002241378005454913
0.0017820491464173663
0.0020832119193800315
0.0008184970862348439
0.0007475255300389468
0.0007683957976496154
0.0008620813506261749
0.0006990021963791727
0.0008373827225886361
0.0007877007722237792
0.0007430236631404995
0.0007254756230376993
0.0008290931236310794
0.0021721521251961235
0.003040930060971726
0.0021850564458495343
0.0024692145650257553
0.0024654689079363456
0.0030726689258910142
0.0029290163167502133
0.002977541602894783
0.002489186992086479
0.00308582970539934
0.0022862283488541144
0.002455602280031159
0.0022033599322280237
0.0018518199689251118
0.0025029117641817756
0.0020761613554083915
0.001916244396242414
0.0025833562356218946
0.0024673127897720435
0.0021893071845788003
0.0013941471295669998
0.0019856563165289985
0.001957826770764272
0.0019259760182285858
0.001783543504737923
0.0018874137550908827
0.0016994070880053903
0.0020661897606825985
0.0018913022862265306
0.0018963706387873014
0.0023023134169340015
0.0026145796379019185
0.002340663290890501
0.0027539097246441257
0.0023490080775763205
0.002569968308151893
0.0024431993909391253
0.0023462605156260993
0.0024005829814400014
0.0025164663400752112
0.0015607020499078623
0.0016598084634628708
0.0017013502797417238
0.0016771306964211137
0.0015625573599439713
0.0017827306307515046
0.0018704735249218047
0.0016818744002806592
0.0017195107372999965
0.001951563791271009
0.001647743379981481
0.000978389454479991
0.0012669387594917607
0.0015088629744452
0.001514220899975721
0.0013481934506890396
0.0015749979734088523
0.0014675645537617634
0.0009565241993245632
0.0016063333537134974
0.0003644805817767228
0.00036060861590935244
0.00038257297589787756
0.00040391225640950553
0.000493773766626842
0.00037128823717492055
0.0004074955266605078
0.00040528329334440334
0.00038925828382498323
0.0003719094701903833
0.002966504863824455
0.002421271668220016
0.002313990391207556
0.00258848484483486
0.00273950500117429
0.0027095769712714704
0.0026670526975207196
0.002864710321464262
0.002786176317773745
0.0024613358974217136
0.0009519047602176907
0.0009736957925791168
0.0009415806760701488
0.0008609926960408895
0.0009105866756461504
0.0009538391407334036
0.000877660070830653
0.0010914727326870742
0.0008275385172270507
0.0009682945128425644
0.0014474746423967693
0.0013688202861904984
0.0013300579162792566
0.001558183924757898
0.0014617414384660978
0.001402208479907817
0.001236099759860986
0.0014869424730108711
0.0013887038070816299
0.0014468811838782888
0.0006938576384748354
0.0006747023657717916
0.0005938781865248556
0.0006082299260651568
0.000605661999597492
0.0007009003656219764
0.000636234637368289
0.0005967255686952789
0.0006721552447011892
0.0005649631691823606
0.0018845714469831914
0.0021950626990774776
0.0018139295484916117
0.0016683334342767438
0.0019234873034122998
0.0022275803715159316
0.002046309442813697
0.00224550828936748
0.00173324403737304
0.0017906129852592854
0.0014264986896157686
0.001635731550420145
0.001530517397359854
0.0017408886236512122
0.0015587606273913478
0.0017141268605071667
0.001733655040781382
0.0015135568024089018
0.0016089460622465011
0.001612578060250749
0.0012917545446826562
0.0011779219427461853
0.0011162885361839596
0.0011094337404053344
0.0011440792952258356
0.0010771562075064817
0.0011159158489064333
0.001242692370262095
0.0011778239173229745
0.0010193455455824185
0.0009520457063644375
0.0008088652048142193
0.0006880998076846662
0.0008010963532290049
0.0006084266767208274
0.0007809059329807523
0.0008863051232915594
0.000733398106397481
0.0008165634153126253
0.0008208663330811295
0.004978983066259258
0.00358008443989636
0.0034918036585877806
0.004043179290481593
0.0029815376887632936
0.003944236163428435
0.00389299881917073
0.0039008011098173715
0.0033092059031705227
0.003847223316548553
0.0011147535598781044
0.0009875081891995172
0.0010155811905391582
0.0009100176013148789
0.0008906325990335883
0.001105320865685548
0.0009236739526155414
0.0010360765062587274
0.000805753808155979
0.0009611043880172611
0.00044518993883613104
0.00041462000833132655
0.00047657184606241
0.0002945012037722336
0.00039259656018271927
0.000434760628452821
0.00039932062049098974
0.0004541019825518814
0.0003731625685875313
0.00038274753029645395
9.617316259389108e-05
0.00010721713380728094
0.00010194245006959595
0.00010096363678752445
0.00010877234070995626
8.783307298056546e-05
8.689994491746907e-05
0.00010340883025308846
0.00011759099479427445
9.948274481996413e-05
0.003030721375940087
0.0025356680568465457
0.0031604985760458355
0.0032324762651405716
0.0030264391608453007
0.0030308468977053365
0.0028514176541789803
0.0037332573324839625
0.0030057197430592925
0.0028495735390900705
0.0018414046035142733
0.0022916737684951284
0.0018489515262371439
0.0026545960415374726
0.0025058342472146244
0.002278100332719103
0.002591701278682501
0.0022928535047898563
0.0022687282710816365
0.002196823659664761
0.002446844760264158
0.001737307911928488
0.002291506665627996
0.002610373216301566
0.0024330373271021317
0.002366456129435306
0.002733368936463104
0.0023520396071773065
0.0021417446621696387
0.002667316211990188
0.0014383750684519574
0.0012509007301388909
0.0016077658376545893
0.0015687550235765652
0.0016518880362210854
0.00152303714822042
0.0015780485049679289
0.0015125957976473215
0.001566402814225472
0.0015221837483253501
0.0010201542218352645
0.0010035437977016577
0.0007983269822934417
0.0008173532640269141
0.000838049701531411
0.0008388129322375435
0.0009765567593176927
0.0008636388563198872
0.0007739956363872892
0.0010226524002741974
0.0039043175536946396
0.0028692902273578648
0.0033382957555051222
0.0037060707902739614
0.0031585235498136715
0.003115558494917748
0.00417459686557312
0.0040444457293558715
0.0031236820968992304
0.003562327892410655
0.0023932077350377503
0.002292910914773533
0.0018350032613981067
0.0020050816444847613
0.002074996090820977
0.002529678920768596
0.0024200212027770313
0.002001037659114992
0.0020214852028683783
0.0017626745841342545
0.0015987364423498643
0.0017099513292904778
0.0020841417108280677
0.0015767256959806552
0.0018835565505981847
0.0013166084347087667
0.0015413619877742417
0.0014355038331781784
0.001674913535757604
0.0017693127693606376
0.002147343709232152
0.0022431486897137778
0.0018464288592644899
0.002314391764669142
0.0022618515064540042
0.002022980900703689
0.0018560582720987102
0.0026070370996643154
0.0023985888679335134
0.0019709676543027007
0.002015011122118897
0.0021227496752321802
0.0017564376427176088
0.002128419783851401
0.0019616612192606474
0.0019938484439156836
0.002275379048733874
0.0018516785393689098
0.002206174688566263
0.0019052542467526737
0.0034741656043918425
0.0035659226279150923
0.003099979659661326
0.002574591011842605
0.003915078813812584
0.0036897435146281965
0.0037892901412699322
0.0034415455368529426
0.002849060255966038
0.0039092302259760014
0.002645532344756985
0.0029538075606397223
0.00257946927752389
0.0026272584896013525
0.002858833645186152
0.002746434283180977
0.0022086206274451424
0.0028532255555937277
0.0022970930314584605
0.0028423736699875047
0.003539619941998747
0.003917620739525698
0.0030525254531527336
0.0033328932922654644
0.003859749294322113
0.004236894183607983
0.003802633679352191
0.0031795071684572298
0.0038237842308066327
0.0036929670906026735
0.0022141675778280133
0.0020784604268695044
0.002097439902320158
0.0023120735826840924
0.0020833559644618926
0.0020887456595762043
0.0022151693297700953
0.0020951195299995454
0.002082823567176464
0.0018064751999872428
0.0010354120633482508
0.0009228123979571066
0.0010739751471985312
0.0010239216748227154
0.0010273012772230449
0.0011451997657087386
0.0007295872418849002
0.0009483296872477349
0.0010485513435923573
0.0010617862821207373
0.0024770629460265925
0.002632197526462818
0.0028089564866466375
0.0026627901763224895
0.0030991979263639237
0.002898706139450232
0.0032278535000165895
0.0025349660481799956
0.0028078550942629774
0.0030225578384228285
0.0006709017919438505
0.0006512395271522771
0.0006168138206948743
0.00054654834977647
0.000584983013530809
0.0005283233973081534
0.0005926668737586656
0.0005970466238345832
0.0005936116461844684
0.0006275599051060336
0.004178995338751762
0.004690589773525354
0.0046796915646642465
0.004034295720709838
0.003619384771053782
0.002803221549465655
0.0030655929699617266
0.003664073602172187
0.003497636835093303
0.0032919753859401274
0.002938511682373393
0.00308932937422758
0.002918843292047898
0.0033174528362649265
0.003607567420428633
0.003225957121726234
0.003186521598444224
0.002794515307176732
0.003011370301653791
0.0032546055583211452
0.00019328456218946276
0.00019233462409626821
0.0002001799202601378
0.0002218938863407581
0.00020317083916075498
0.00023209638817948738
0.00018131789597723393
0.0002227579881425561
0.00017671080435209953
0.00020705546786295017
0.0012971000354367623
0.0011644640262596243
0.001107719835749995
0.0008504071653052156
0.0009828628884553917
0.0011092495736863873
0.0011557357138196965
0.0010298302837244845
0.0009738115653833011
0.0011232159586311637
0.0031840268650212725
0.003540671668528006
0.004041534942066633
0.0034401115072668566
0.0029763440785484496
0.004265329373873641
0.0034313330940545952
0.003395005041022268
0.004225351786126743
0.0038611730971818015
0.003959078128784884
0.003407999584797993
0.004870376451256327
0.0034244420216905432
0.004286222453189269
0.004155931564703662
0.003355037852050741
0.003883859258810874
0.004156475352043527
0.0035073690386872897
0.00011071154801792602
0.00012228964315604977
9.991240510658218e-05
0.00010695074159578517
0.00010335216231975202
0.00010341197844351018
0.00010343642966508887
0.00010107124894695179
9.433031830408838e-05
0.00010235061154973378
0.0021926910409515296
0.002378979852138171
0.0028154390893478706
0.0030918354578605717
0.0028649657334071476
0.0028829878880787018
0.002539940227690579
0.003178526969968974
0.0028528042914371336
0.0027459861368388954
0.003560295989700585
0.0034092461747059007
0.004033445934094667
0.003794826745058642
0.0036912141342263782
0.003713443441058206
0.003621511583021575
0.0033643381190225346
0.003208277246686834
0.003140055089172584
0.0019336302020083328
0.002015974224879148
0.0018422724312959272
0.0018826698212507152
0.0021511426001076367
0.0020552999487192317
0.002131777561389028
0.001959619369064559
0.002307423743909452
0.0024366827537723908
0.002027198956368678
0.0016200995782844894
0.001883263602121869
0.0019263445333022012
0.0017048797778043182
0.001841003132021383
0.0014715573300034491
0.0019391646721642567
0.0015713156137349502
0.0018757322875385101
0.0023820365528380103
0.001907688517640352
0.002211290608376432
0.002594954712242097
0.0027266648876130635
0.0020017419347281794
0.0022153960098860144
0.0022893953787708433
0.0020681609544997816
0.0021406172353153653
0.0026021116990838887
0.00299047128596635
0.0022862677509566864
0.0026801368173142133
0.002527754894484249
0.0026686841459402652
0.001978341548452188
0.002420161527211158
0.0025601050698946335
0.0027064532338884543
0.0002897132521345468
0.00029929721957372
0.0003509434539649435
0.0002789485062381681
0.00029785613750845947
0.00023117125854691455
0.0003303422114206719
0.00030298726656290684
0.00029422179369944937
0.00029754657953211884
0.0033897889504246157
0.0034074225167871827
0.003693901754236538
0.0036323961690196143
0.0031948685794048544
0.0033718635980078903
0.003693833444136146
0.0028467601253397514
0.0032327767451992557
0.0036085240659817558
0.003554782543292423
0.003186347722611174
0.0025523538851386497
0.0035381889975979216
0.003051602458614981
0.0032589913859750025
0.003324978458949563
0.0034854889054455134
0.0034820952207143836
0.003276994080337978
0.00240689603239219
0.0022500450142206026
0.0024556761798599732
0.0023816817761225283
0.002342231083033651
0.0026566695048760814
0.0020027601253683096
0.0024042421168213855
0.0022955447527089304
0.0021849212871662784
0.0033360312730202468
0.002739429467539921
0.002522421234617012
0.002685172518351896
0.0032197196032784006
0.003358252404269394
0.0033133140837598735
0.0032412249158793598
0.0029982825335817783
0.003865829607338704
0.0018926356526682668
0.001869635884080247
0.0019644834051040557
0.0013420735359698742
0.0015548751268313731
0.001443318454388298
0.0017991329340076925
0.0015404101881625286
0.0017970216675805757
0.0018903233799617992
0.0013973180715162986
0.0010752378276966217
0.0011834422276929366
0.0012200572760300097
0.0011646708217357042
0.0013054699039660772
0.001238922440304977
0.0011679538390896526
0.0011897827095293384
0.001192921604874962
0.0009661314306098881
0.0012015391000890557
0.0011764258847918201
0.0009174145865340981
0.001240668388325174
0.0010126310994609414
0.0012422415101928988
0.0011770943402066216
0.0010090196734968897
0.0010583809189153612
0.0014968042154009085
0.0015103378868837965
0.0018812111533495688
0.001578080525689648
0.0018118845433848705
0.0018652123570492458
0.0017565375189700176
0.001752267909302119
0.0017021008942132213
0.0016393573092244988
0.0016629084415275591
0.001819536784085833
0.0018762530464130442
0.0016009719907078951
0.0019217750045741042
0.0018114071358065673
0.0021668455672850355
0.0017601997048812923
0.0019442556384352799
0.002087145618036109
0.001414244136647791
0.0015299871923533494
0.0017240626599665937
0.001337545344928654
0.0013099861115549618
0.0017189662065896871
0.0012170928716246881
0.0016363802156958928
0.0012451293671372514
0.0014941684235328001
0.0021135462628322555
0.002072263947362746
0.002427012147564593
0.002954153615317163
0.0020013172826575847
0.0020093178135006965
0.0021689702539557237
0.0021621820086834393
0.0024875637226891667
0.0026540285782365113
0.0024712494041705313
0.0026314016890730332
0.0028957056105953986
0.002345579389332785
0.002435434828078469
0.0022713753313587
0.0027287076113732493
0.002889713619551695
0.0026947437864225637
0.0021034833195062424
0.0006025482081977227
0.0005808832350931795
0.0005806815459769705
0.0005081228550463469
0.0007044199256797204
0.0006077326226399888
0.0005553622734112677
0.0005681230718655862
0.0006051396257993958
0.0006763036802141984
0.0020760822796923603
0.002241671245072215
0.0018699852432729862
0.001797102179384424
0.001930884013099401
0.0020761352390248457
0.0024207670111464725
0.001533375962523443
0.0019408821656377291
0.0017722358334330223
0.00010886252869791684
0.00011091664160078946
0.00010644840471415052
9.589093147001476e-05
0.0001019425428030184
9.593768525961306e-05
8.962526842589196e-05
9.765267749181046e-05
0.00010472541787567873
0.00010200808181490837
0.002932856792180932
0.0028845705182468403
0.003052685894023872
0.00338565623034468
0.0028169441723357694
0.0025685036966453423
0.0029442837286747805
0.002631325466041593
0.0029285968506265006
0.003187609802382008
0.003165032418394325
0.0042173584880996215
0.003673009457587024
0.0036551412744777706
0.0038389130731295244
0.003156564037393737
0.0033337364090801264
0.0033295645166229663
0.0036391821653125383
0.004314848432256861
0.002805794047569416
0.003120186790028736
0.0030845519370256247
0.0023647616938009407
0.0027503998701373083
0.0025498140644644516
0.0024889339805524106
0.0024634439916219244
0.0029409124135205585
0.002017344312062211
7.407075452780773e-05
0.00010517160459997535
0.00011111724527692979
0.00010349105162388609
8.943045636785235e-05
0.00010778427698810442
0.00010103816339307162
0.0001156191773090306
9.449103306619824e-05
0.00010013125461165081
0.0019766048134422795
0.002064714038637185
0.002228327034657461
0.002164500241938414
0.0026328498982305997
0.0022373035716288735
0.0024551623021293735
0.002324551621069164
0.002759310478450891
0.0020694595381556373
0.00016373389069126315
0.00016494514068639713
0.00022856135357766772
0.00019740836515813606
0.0001882156634062214
0.0002077356765778666
0.00020828976410538726
0.00022213145562612613
0.00018391110386744295
0.00024034958605440924
0.002589611751158269
0.002297278033162568
0.0032723576671175015
0.0030608444255530737
0.0030225124420266694
0.0025899045998616418
0.0032259045581984665
0.0026443984193810144
0.0027692826777207936
0.0031360573733447967
0.004596189122890922
0.003686451818524516
0.004144671463398737
0.003855651920089353
0.003631022796944591
0.004377700098829206
0.004039368512461233
0.003702888169073761
0.0037754740744332543
0.0043127634352144745
0.00202959868885362
0.0022781931940511094
0.0020842002768362076
0.0019524679960963012
0.002142521579572977
0.0024452674316967344
0.002247166586864748
0.0021952056840653872
0.0018409260633640376
0.002372914461006388
0.0006128753291857751
0.0005039799176871162
0.000585776124616532
0.0006848171333596941
0.0005862871306480763
0.0006511614233267619
0.000553864677351782
0.0006268439527652383
0.0005623291431617066
0.0005968117066539155
0.002502653614692519
0.0022622821896490677
0.00241191361946975
0.002725305662790421
0.0028651790323936583
0.0023240960701849857
0.0020608022215555257
0.0026612191407554115
0.002369413152778932
0.0025557003696623053
0.0036190571457997353
0.003224693222721945
0.0026212962305846204
0.002841594191477902
0.00359821564982987
0.0034409176346159123
0.003031474079122965
0.003329003501559396
0.0034021490325851322
0.004198050916445174
0.0011409378493539221
0.0013500421274929666
0.0011732011673564963
0.0012912836267527366
0.0012390411879765683
0.000995768828096993
0.0013103932489118282
0.0012345244678914143
0.0011653073678503975
0.0013045264657902153
0.00038741124673011057
0.00035484812063094957
0.00044863033485555577
0.0004286633172853188
0.0004570997748923312
0.0003914385253606908
0.0004342867110980243
0.0005000053818699224
0.000398151341063133
0.0003738930773275169
0.00021100869677259502
0.00023513190667012333
0.00021480709159421194
0.00017064503163639105
0.00020321774245961267
0.00020723659164224346
0.0002281405405364492
0.00019474029817573337
0.000236733478688135
0.0001813007899748186
0.001876876468554927
0.002020552668586374
0.0017609707249095778
0.0017230458188111602
0.0019089743577912631
0.0016307429713970439
0.0019040279088792557
0.0017872289038890123
0.0018518086169707702
0.0018423558458746272
0.000368050294215511
0.0004656888590907138
0.0004458390144019226
0.0004319275627742068
0.0003846959860476174
0.000415820365227369
0.0003769264454116266
0.00037755510568724743
0.0004361532402341711
0.00035768272687927043
0.00044469615830121406
0.00037639022970782095
0.0003381872589741416
0.0004098910095747787
0.0004054294039800087
0.0004192076703261933
0.00037278859009944005
0.0004274693648844736
0.00041402074062085525
0.00040255118952589277
0.0021483079668368306
0.002390813166936454
0.0021368993052262907
0.0023521859967990375
0.002417397832717484
0.0026000975015876863
0.002855153299731138
0.0029709671345384686
0.002211047509510088
0.002395061518282308
0.0024005460998301974
0.0024477345967158556
0.0027099572642374104
0.00276462105244246
0.0027617205302669164
0.0029152928231660387
0.0026879786731439943
0.002909376949708117
0.002254055443512202
0.002674211314525586
0.00035020487420202903
0.0003606368804899119
0.0003992933700894423
0.000394754258916581
0.00043681203287323865
0.00039489819876447187
0.0003385468645499342
0.00030276920189514436
0.00034205665554050445
0.0004497862417500401
0.0016006619850652314
0.0016661191260612669
0.0018116074278684915
0.001799541010790338
0.0017609532967801315
0.0017741126452885485
0.001425729266428477
0.001831787151706649
0.0019264910492280364
0.001797548307069008
0.0009243814602918008
0.0011238056251028623
0.00119827585965522
0.0012408068967975291
0.0013264010735001574
0.001005009656095297
0.0011811476454625385
0.0010916515706293445
0.001424139021252236
0.0009649088293640672
0.0012472699654810851
0.0012618617361384332
0.0013216688368568484
0.001167416514061623
0.0010863384552373483
0.001401615468127836
0.0012569624083435672
0.0014008962596184758
0.001090301876347259
0.0013230035492884985
0.0033176543759040806
0.0027157559930099163
0.0029097713067178436
0.0031125101969661454
0.002483857631591894
0.003006882413486336
0.00251630022518678
0.002716556937634319
0.0021907903421538658
0.0030306280361110534
0.0016182057343573667
0.0013783389552252515
0.0014470050989570402
0.0016662531501955408
0.0013029992271466819
0.0013390479317595288
0.001828823316768044
0.0014349389897646845
0.0014107134265343945
0.0017058224804284042
0.00019748306364649257
0.00018130486365744425
0.00020100594057213535
0.00018201719923881937
0.0001755890636738279
0.00016592220638018292
0.00018979891794133847
0.00019344743386664679
0.00018508804776395487
0.00023286439703531348
0.00213834053455331
0.0019182569692586127
0.0021170671041797116
0.002227008880504069
0.0022444771014804056
0.0017530747195414805
0.0023489305718206776
0.0019351763655702948
0.0022500013896168264
0.0020796093406061627
0.00212277504875624
0.001888321739165519
0.0020325667524986302
0.002076925380891083
0.002209721504144548
0.0019790823153788316
0.0018787758158931571
0.0022549702309230756
0.0017626594368187873
0.0014941951952111136
0.0012044470488012046
0.0009271082707605022
0.0010451323157547278
0.0011193203324865832
0.0011326361700916773
0.0009161013236274092
0.0012178760679147492
0.0009614362569621246
0.0012739793256152916
0.0011777558493901521
0.0005695794441189946
0.000464289435674644
0.0004919509479828079
0.00048137952021596594
0.0005000472256208882
0.0004779392389827363
0.000539519983549114
0.0004856634871763863
0.0004980480253022978
0.0004541799945291552
0.0002029621361126226
0.00019797859426658876
0.0001851141726344322
0.00019555650111342595
0.000181336482837979
0.00020784731288822866
0.0002374935304163622
0.00016753469047753062
0.0002190074109986558
0.00018298370947495733
0.0015422750313197461
0.0012409960860350043
0.0014813335579324412
0.001313555860007582
0.00137654256468537
0.0012139308819971808
0.0013677260274704748
0.0014973603685664249
0.0013148308779366818
0.0012601548854526078
0.0037349027359114616
0.003541698791028359
0.002988627885765789
0.0033644111534980935
0.004329055902857394
0.0037787905278399993
0.003763848121989724
0.0036652542888043933
0.0033936016793779996
0.0037439261697006635
0.00039745357262187
0.0003783084955177354
0.00038088406559145643
0.0003043384147719645
0.00045275890674463
0.0004593309735521568
0.00034920551338768745
0.0004110931320824579
0.00044030973413382903
0.0003797176547565411
0.0007337088492209013
0.0006528329382072519
0.0006019485196785449
0.0007238211829270142
0.0007882532609252823
0.0007947930938665319
0.0007405750846579697
0.0007308076954683066
0.0008252021696129564
0.00062485859253998
0.0020862160009414905
0.002089938255127285
0.00202523395672061
0.0021403998290474794
0.002215582268011214
0.0022283257371839
0.0022522505324809984
0.0023613073986716573
0.002349731594750094
0.002075167250439273
0.0015738832470861349
0.0015569417222655875
0.0017923724256226374
0.0016614944846947762
0.0015070271345534333
0.001417733973455383
0.001583374650800098
0.0015316259739368183
0.0015522409785196003
0.0013382024525712961
0.001063913359876726
0.001251535535023736
0.001125502306606544
0.0010628879492950488
0.0010221895992800821
0.0013131138781684354
0.0012341486675773046
0.001173731601960956
0.0012608463746384252
0.0010754510809494963
0.000589764476953703
0.0006041092768574005
0.0006382141716343898
0.0005212073635863105
0.0006117792638843786
0.0006817027728547773
0.0005575401069743575
0.0004622533082251489
0.0005135134128626454
0.0006383503179363911
0.0011430536872612817
0.0009981811864172958
0.0010720029123334465
0.0011228799133013488
0.0015149710673884403
0.0012397898985914348
0.0011687713094640285
0.001037967738867564
0.0012926957359159208
0.001353377800309935
0.0036441693301564673
0.0044293636172909445
0.0039389465492293335
0.0038045220694957246
0.004390506199251674
0.004237179859490658
0.003689214315133922
0.003347517284533014
0.004158536550535124
0.004031808155218911
0.0015732981694309837
0.0016170817510270602
0.0014788327117101138
0.0015050865096989466
0.001222587266393617
0.0014794456881656029
0.0015273331347272425
0.001587133813453229
0.0012401718466634934
0.0015792818779478235
0.0001099182297408153
9.465301683725563e-05
9.341214867679617e-05
0.00010582816973389518
9.151860366086705e-05
7.012311460839602e-05
0.00010314067923594123
9.043094633477684e-05
9.770335776533458e-05
8.650320215345937e-05
0.0018635409346297298
0.002127937040211048
0.002320792393018329
0.002078318042504008
0.0019340005970068432
0.0020985203019577773
0.0018161233716818684
0.0018201400731120234
0.0021529984625391517
0.002014784085030702
0.000803577011010079
0.0010589438619715104
0.00108790320115049
0.0010726127824514594
0.0009395514316079933
0.000905168660881756
0.0009595945885136321
0.001095994585529467
0.0008111183854573553
0.0009020996929875472
0.0005928660730325483
0.0006271558744725031
0.0006947075935359666
0.0006896571055842329
0.0006227167975124059
0.0005841135479929756
0.0008281225176233686
0.0006954241011244733
0.0007213636199657099
0.0008078277863746912
0.0023187376431537962
0.0022049013490241407
0.0019059008258544426
0.002131346344446555
0.0021050856727061347
0.0018650254944458683
0.0022938793319909646
0.0019745737637125635
0.0018159568228527853
0.001991395056489249
0.0002999577733207468
0.00031091650381373525
0.00030438792602402155
0.000311485597775849
0.0002530336969111423
0.00030207571434393205
0.00029028159114958326
0.0002754295703682969
0.0003114924636116928
0.00021740674509387393
0.0013991626553214375
0.001409709434766615
0.001449852982010981
0.0018362513258712142
0.0014855500443090462
0.0015233973906411647
0.0014643335267551542
0.0016340428760646699
0.0016252633616528243
0.001203749054709106
0.0021431869852021734
0.0018723028126206428
0.002141982207534953
0.001768809386427687
0.001935991055981544
0.001992324704658278
0.0016341068020824024
0.0015883547733458233
0.0019084966161304017
0.0018409014803544607
0.0020319462805182234
0.0015578018435949892
0.002166800589870778
0.0016983805249102253
0.001773818792147851
0.001743436482403396
0.0018249695871923642
0.0017029940447924083
0.0018997365577353308
0.002073071064330157
0.00020753425995529115
0.00018533135947117635
0.00018328432119480787
0.00020513604650460827
0.00022643546702170802
0.00020607513608474464
0.00018813255157718308
0.0002067269646794031
0.0001394160899402348
0.0002461141149660257
0.0005474769531012917
0.0004986263625028765
0.0005590201669364311
0.0004524767062936963
0.0005708319542560691
0.0004202432498898474
0.0005159990829211481
0.00047854172065401153
0.0005301038844292839
0.0005386451850234209
0.0025936220375197914
0.0020713539843441185
0.0027875785336332285
0.002252645763547623
0.002515266657726323
0.002325743852722221
0.003097409908773214
0.002487744719848055
0.002611816399302563
0.002207563958434301
0.0023108093668584694
0.002886459545647966
0.0025934830610863115
0.0023609535205713185
0.0023767096492918797
0.002814590005713146
0.0022457821961819665
0.0026145973735210147
0.002482853119930551
0.002372966909798121
0.0008142455879533233
0.000834462898286993
0.000656910208359929
0.0008458403517623643
0.0008316319498198395
0.0009426650618051457
0.0008495723749179259
0.000959722807969719
0.0009082342059048288
0.0008989738156500348
0.0017959889644646807
0.0015583596680551885
0.0014782476227215614
0.0012955820322902753
0.0014323846067804474
0.0015516565053631194
0.0013111266007650225
0.0014454249167563328
0.0014499249500238805
0.001430299947798606
0.0002090358775494301
0.00019349482488705604
0.0002225848155099681
0.0001963888311144564
0.00019383294169921344
0.00018886055433293858
0.00019060055120675488
0.00016417311702398346
0.00021949235012514313
0.00020956259880502227
0.002445250940391336
0.0026457500488396234
0.0024094249613947558
0.002285797882377369
0.0024591384360191154
0.002837971057709506
0.0027221306890645785
0.002399796525732468
0.0027383334851110025
0.0030511322344871903
9.960503863752789e-05
9.78712086605536e-05
0.0001053976261799862
0.00010403222263123712
0.00011249525884289365
9.22738644208488e-05
0.00011730506732103304
0.00010201402833505044
9.34893789613395e-05
8.038660118469277e-05
0.004364587489737112
0.0036057735741802832
0.00374719895534981
0.003992426672205329
0.004382424189797229
0.004381954428947975
0.003952253301708159
0.003855647490107835
0.004313216081637745
0.004362537134811225
0.00199167599762052
0.0020528745594127424
0.0022012713445444076
0.002219503105006895
0.0019370162699248216
0.0020515801005928196
0.0019207523379403256
0.0017453773338999637
0.0020332948388102575
0.0018052985574802578
0.0005584844798014492
0.0005064816611068322
0.0005774530364621279
0.00045403555905701605
0.0006366387870998835
0.000597975115071301
0.00045613765429522213
0.0005362915854954887
0.0004565826383191806
0.00044743618452088734
0.0034166815151364257
0.0031722347728062876
0.0028656121455009763
0.003559471992329006
0.003953265290249837
0.003765565841144631
0.0035020391944990724
0.003388982776989697
0.0031555358201477003
0.0038908974588801647
0.0025326307131211022
0.002461280512021663
0.0027822318884324613
0.0026810207676380925
0.003072389842411365
0.003167902923571717
0.0028276436491154904
0.0028157448847277652
0.0029577444723815484
0.00305052323343821
0.00018717483934562208
0.00020011277235458598
0.00019490984494062512
0.0002577810070266916
0.00021700030628689072
0.0001891046124340389
0.0001991489239411535
0.00020272522390428447
0.0001897075061237404
0.00021862921410120407
0.0028628786994679364
0.00423240117332448
0.004081459870127665
0.0037729925346830615
0.003896878113872382
0.0036042550670560064
0.002961207455790921
0.004167776889457186
0.0043736009552320775
0.0038523752574104344
0.0008353136606910642
0.0007858742699731061
0.0009271015514265052
0.0007902136635459847
0.00078055381683988
0.0008939174399010685
0.000804767678041115
0.0008879383543294713
0.0010369037157512153
0.0010249272806931373
0.0017820350282467055
0.0015492103670422244
0.0017371758305611293
0.0017215035514287825
0.001883153274563394
0.0018131933927634856
0.0017715343130836766
0.0016885366066679154
0.0017103054628852267
0.0016819552396984817
0.0002000683858404806
0.0002162763517315159
0.00019272428002116537
0.00022723560604257526
0.0001946519328590453
0.00016610514153664194
0.00022187261066180012
0.00021389631244540658
0.00019107354560995442
0.00019221422229175994
0.0007201636877768369
0.0006752077728019911
0.000837374552133422
0.00071879064550009
0.0006572045265007358
0.0008094497626844353
0.0008097417012212082
0.0007670348136985651
0.0007582724535680697
0.0009357086839050807
0.003627600921383144
0.0028187215497158784
0.003136923266416136
0.003484799586151569
0.002794290061548309
0.003523351471135531
0.0029058363431490354
0.0031345483874211507
0.0034927296257895833
0.0036550926064933165
0.0008844925067003383
0.0008436104171308109
0.0008177136400370917
0.000803164295922586
0.00063989790005978
0.0006926833455132709
0.0008503090389915313
0.0008194816400272864
0.0006639873378192579
0.0006890750101637731
0.001096004434096869
0.0010017406300318378
0.0013533588583128204
0.0011579906518263674
0.0013045791140184663
0.0012282477022037019
0.0011797478082171341
0.0013042003525502678
0.0012356908968449646
0.001190268031243363
0.0020721919497768727
0.0023768410734655077
0.0020163764371427233
0.0018928850528702704
0.0019685329575091655
0.0018007877745298446
0.0019484936353710075
0.002445862137923331
0.001708671511844402
0.001743295746746301
0.003874945340011357
0.004947986608339959
0.0037427723480241786
0.0036289240023212404
0.00403503298841643
0.004121049886050112
0.0038571443081200285
0.0038499949524501607
0.003909994101351264
0.003586431385904015
0.002486889286748907
0.0021321336179139596
0.0020383959240053737
0.0020437163730246907
0.0022446937710683115
0.00279635407335137
0.002404375078649475
0.0022115044453522798
0.0019521785546771247
0.002060459598965954
0.00041253311107484315
0.0003275792110911295
0.0004224651832969376
0.00036835637271034286
0.00033238153586785527
0.00042311387252332895
0.0003239556294249458
0.00039326188748286584
0.00037119841750926435
0.0004206503253866244
0.0008646536602083839
0.0007595356270963066
0.000894601205902344
0.0008985069786756945
0.0008965703682978803
0.0006952305314715123
0.0007840202485329095
0.0006690168828419732
0.0008644468638211982
0.0006914069107652009
0.0037850950658119753
0.003642904996691805
0.0032035705171594687
0.0037427947782901383
0.0034482595451099103
0.003487128389965608
0.0038156772567256064
0.002990448616537334
0.003420840440555693
0.003615150843369871
0.003764561183355104
0.0038923143923890713
0.0041242621940499186
0.0035177435517587613
0.002810483060878086
0.003925296584968737
0.0030817071676497027
0.003382096071517965
0.003675372831965138
0.003955232897846191
0.0006147807284931969
0.0006188626360519179
0.0005403569713671279
0.0005921822562207008
0.0007500967292628391
0.0006196488732573874
0.0005725716919844538
0.0006298083061057611
0.0005324767223865805
0.000542570374729704
0.0003877239587786088
0.0004216069833241096
0.000375833767312004
0.00038836918088153827
0.0004066808047664187
0.00038868258780483866
0.00034500009591702143
0.0003647824196695617
0.0003420532179471594
0.00044180178837297093
0.001685441366288624
0.0014466676625726747
0.0017070065527618357
0.0016409449848907229
0.001359746385456758
0.0019059007745132286
0.001299317457255094
0.0014146519664121598
0.0016294082414021209
0.001858201766289257
0.0030194163444607087
