0.00694429249505674
0.006835657566095942
0.006505876301729586
0.007335381135783995
0.006778665642489168
0.007590617965537518
0.007143115878140862
0.00800178799100169
0.0074055336545012585
0.00784231395215897
0.002248029135223258
0.001905456140202574
0.00188086003931149
0.0018969808594836697
0.001983491122041435
0.002037370462707061
0.0022580759288529594
0.0018566151468326238
0.0018397913594585705
0.0018405131795500066
0.0011066470223381518
0.0010059313754402638
0.0009604093138760663
0.0009124909645095692
0.001106054103930609
0.001001538574015762
0.0010755570994755226
0.0011118273058549227
0.0009102716357968914
0.0009457221578494604
0.0009249510674277554
0.0008714909668514004
0.001017571910391507
0.000892463748599236
0.0008331151763571967
0.0010469217233214875
0.0009216679299624089
0.0009700995420628179
0.0010303492949898213
0.0009523073113662003
0.0048279269661797
0.005878529832529244
0.0050488173337963
0.00426484835664487
0.004857025496924591
0.004937119334228959
0.005253525644894917
0.004299157706260351
0.005164345026620624
0.005492031848035537
0.006809225322148093
0.00724863685654573
0.0065023519716524095
0.008140959994992486
0.008483829647839093
0.006952430580661622
0.00802913057942931
0.00823106809280102
0.008154966283282458
0.008563401561357074
0.006849102825242398
0.005907697100486985
0.005610079677792002
0.006102060794400205
0.006810341094943838
0.007143304520682279
0.006061598671784307
0.004626076848177801
0.005313363608435588
0.005759700154571413
0.0007258983148103095
0.0007658376615475163
0.0006317605193171649
0.0007405273797975606
0.0006112217718391676
0.0007388303544307523
0.0006414841793556107
0.0007781743389907304
0.0007644107618761912
0.0006642327016504388
0.0006081005253594159
0.0006547949123421891
0.0006036551443743234
0.0005831761645597778
0.0005767857297872496
0.0005928580207554934
0.0005985342249976325
0.0006645653746652953
0.0004486104701333004
0.0004765091856357061
0.0006027589099101667
0.0007525350254751232
0.000725509937855307
0.0007693290536348443
0.0006723211937823027
0.0007820009035387982
0.0008203515516471505
0.0007671612683498542
0.0006520027017172084
0.0007904939995888554
0.0
0.0
0.0
0.0
0.0
0.0
0.0
0.0
0.0
0.0
0.0
0.0
0.0
0.0
0.0
0.0
0.0
0.0
0.0
0.0
0.0
0.0
0.0
0.0
0.0
0.0
0.0
0.0
0.0
0.0
0.0
0.0
0.0
0.0
0.0
0.0
0.0
0.0
0.0
0.0
0.00020257013882713076
0.00019609922506288823
0.00020516595610033136
0.00019420821803563243
0.00018177681500477984
0.00022618650707688652
0.0001515250395185036
0.00022811101192262594
0.00018490134857745866
0.00020370896864134574
0.00010457470483289208
8.369694650709139e-05
9.878699067185691e-05
9.278645896576789e-05
0.0001068827675156306
0.00010036048106314542
0.00010112614393775197
0.00011485217228272009
9.633314667887819e-05
0.00010705378167332141
0.00020089102572336872
0.00019368544500125473
0.00016265763835672276
0.00020121676386074876
0.00023664452578435122
0.00017651078757984008
0.00018797695084838095
0.00017289106489463204
0.0001780590260623804
0.00024387476250480245
0.0002999671434881224
0.0003215907651878215
0.0003479651059962887
0.00030577029567895964
0.00028660987121075984
0.0003223299971077275
0.0003201718733473966
0.0002917839886476527
0.000338269342143837
0.0002826002844834703
0.002370616724411758
0.00221465775155417
0.0019916723009560738
0.00231733702865933
0.0019577867841019453
0.00196359351062906
0.0023821535449639938
0.0023400223893071557
0.0024993407911130636
0.0019608494981689303
0.003491657363743851
0.003666958049112304
0.0034193924951611753
0.0036204715717743845
0.003175813198900967
0.0031548972923795336
0.0033233772858744155
0.0033128565684618365
0.0029490295255306313
0.003980974316262806
0.005846753109078872
0.00647240122550466
0.007127305220100691
0.006418260736890366
0.005992150277764024
0.00618256962252017
0.0069649313199609385
0.00579185393798639
0.0067017857985996535
0.007552517338701166
0.004541747949461207
0.0037929008307691333
0.00501100661128089
0.004681117084495887
0.0048384858801848105
0.005234575810536498
0.003785116037417818
0.005054346275662386
0.004300652362343065
0.004644150250588565
0.008593499960675611
0.007736351738528466
0.00814132466548809
0.007409530442292415
0.006276416729605046
0.008552457519935552
0.007385796729230428
0.007220054320515483
0.006528717561731677
0.009105817809458756
0.001281244702250341
0.0015730917867320796
0.0015171164062104143
0.0014217308811584981
0.0014102555160611584
0.0011845404490111215
0.0012745012711807776
0.001447335585728975
0.0014176584988102434
0.0013731398835772229
0.0012327597169703277
0.0010882756051655844
0.0012185923379410021
0.0012083195946423599
0.001264830161655621
0.0010929729964510235
0.0011181315844352455
0.0011063145303529202
0.001029354626231598
0.0011191577257920005
0.0030135171771383425
0.0031613536269877607
0.0029538467819137447
0.0029559992868253165
0.003219834225197177
0.0026129449018392785
0.0035303862703106445
0.003248315023259927
0.002737877105352088
0.002778479979580812
0.003070437163740832
0.003976748432373418
0.004125444240701159
0.0039227991115686894
0.0037284595119697664
0.0038555768264429513
0.003990393916538235
0.003907986424043815
0.003912649953112529
0.003990744328555831
0.003529993430818736
0.0030424711107488035
0.0035318800736937137
0.0030654119331829793
0.003421921214840556
0.0030629860753135438
0.003331150137756749
0.003710217477813113
0.003470784822083502
0.003350545295884582
0.0011152988768802715
0.001302783561960095
0.0012116035016956925
0.0013162577277353875
0.001090382300459011
0.0011887920098964347
0.0012428496404325877
0.0010145913774551884
0.0011626015123983237
0.001091582494537213
0.0019254133546561293
0.0018718851809278966
0.0018510491008798782
0.0017048910295999816
0.0015195993612794867
0.001589223697492005
0.0016249855066817922
0.001801494768924753
0.0015097208553843228
0.0015590800161389858
0.0034568344898570163
0.003055615215286557
0.0031422779511357506
0.003049216178169902
0.002765559786209055
0.003229788085322696
0.0032499645361877445
0.003534089027066788
0.0031700989331513705
0.0031806722831778655
0.0036862130741692947
0.003698927775171497
0.004093761132503709
0.003991907403147586
0.003394512526268144
0.0037728346533835917
0.004210735138000459
0.003587490043228527
0.00377631967989695
0.0042420447179063936
0.0006334009453378207
0.0006769959039900935
0.0006455536323917992
0.000669918632115353
0.000762959719266808
0.0008230321533446749
0.0006983144346530302
0.0007195818156152342
0.0006948949783968047
0.0007008096855513257
0.0021270119928580417
0.0018562623608565343
0.001991229501850888
0.0021336585295816555
0.002224307697378533
0.0018386485534748406
0.0022880788964472713
0.0023727483454435653
0.0022024645573244083
0.002097594684211974
0.0019857558872456095
0.002036000513423499
0.00232520010248233
0.001952992068794023
0.0020235762040578835
0.0018661543821463244
0.0018598522671697372
0.0018248261415876712
0.001969294422730987
0.002192560770379827
0.0010154123895432033
0.000981620098974564
0.0010813282552640136
0.0009724739020006071
0.0011123908410977435
0.0009534680368924938
0.0008835842785906815
0.0007729050493359881
0.0007360372698783592
0.0009853428981431347
0.001912294997953632
0.0014455380811778519
0.0017321756484453706
0.001842259063248647
0.0015974548063961925
0.0016432520198046985
0.0015529311237901162
0.0016131380663854844
0.001785321205061662
0.0016059877951568298
0.001430377234505904
0.0016505630122762023
0.0012042831577881046
0.0016938018998123008
0.0012917991786449675
0.0015949916409973472
0.0015330535358703788
0.001334579812039728
0.0013144693427508745
0.0014746010787389675
0.0009283269542128713
0.000919673573737727
0.000712948766046045
0.0009196485950681908
0.0006822112044512447
0.0008990392409821002
0.0008758185449004123
0.0006930147251821075
0.000791322590987064
0.0009031773038124842
0.00019832227846231336
0.0001951248055152987
0.00021838629357164428
0.00017658138258968
0.00020773050982348943
0.00022697169116152067
0.00017332368167484008
0.00019776748853165906
0.00019459173696852156
0.00018452682902284155
0.002095931529787962
0.0024036177145018967
0.0023264234501710595
0.0021606077130291155
0.002198249046706444
0.002482673568422175
0.0020668358638602537
0.0020114568175959315
0.002273783610669773
0.002642084847199533
0.0035124527403212038
0.003357683035011747
0.003673351657091377
0.003181129098625939
0.0033197983700462563
0.0038292710133079957
0.003419120679663623
0.002345211290225569
0.0038287291558892515
0.0027522826356451203
0.000463700012242089
0.0005404376706087128
0.0005023994345183561
0.000516738849550054
0.0005777204159143997
0.0005213077886480407
0.0004179624325577268
0.0005109145719727068
0.0005442734297644433
0.0005244144850975242
0.0014959989481871721
0.001476457038686869
0.0013718433878616822
0.0011171464650836503
0.0011418009975480464
0.001497973084483255
0.0016605367523973011
0.0013131288901795204
0.0015045171878213632
0.0012946912136670837
0.0028498573028698736
0.0024482430994366166
0.002180160663041767
0.0021521591360693
0.0020689963671457244
0.002925426250566949
0.002308716619567732
0.002364628851969884
0.0025174177477451385
0.002127513150209513
0.0006120410255639439
0.0004690299866132254
0.0006097912671553357
0.0006531028103977165
0.0006029660217777224
0.000593869335177869
0.000557249967066992
0.0005527939083164054
0.0006616655723645004
0.0005364820482409845
0.0026873941808138904
0.002516201926591356
0.0022853255503366807
0.0027445242446098076
0.0022259866097511442
0.0023881884953228165
0.0023188799263384433
0.0023711669354062473
0.0022898572209494967
0.0024340654077728923
0.00046388665478873663
0.0004955870343558801
0.00048749994562152213
0.0004354816383597488
0.00044905040262173114
0.00043626290864517546
0.0004616980264464244
0.0004932709529545204
0.0005102777416474753
0.0005024511555718663
0.002647181452583098
0.0032608460148258914
0.004150605329427712
0.0029828372791348874
0.002931684272132125
0.0035824528553642797
0.004047796946637283
0.0028319576923941363
0.0034253166674113053
0.002786606840719558
0.0019655739893124696
0.0018107223201282688
0.0016942538535252196
0.002026663847334151
0.0019332170549387513
0.0018761655913268525
0.00154806178998504
0.0016816497971027747
0.0019829281832789325
0.0020131788859314103
0.003744219028958666
0.0035024719661915435
0.0033392889895304764
0.004091844424050685
0.0036166733628662526
0.0038983475401545608
0.0038791876451365038
0.0046823493273339695
0.004282308754804309
0.0035944790838506823
0.003892132441118259
0.0043708576981604805
0.003502644138284431
0.0034802007088747464
0.004257054583329085
0.003710447782448887
0.004443883945442187
0.0035601152144081475
0.0033144955399888576
0.00355551965514159
0.0014069488120408299
0.0016750660904316032
0.0013681895160869287
0.0017077265912445578
0.0015061025934853887
0.00138741288741389
0.0013224726162601248
0.0015659518152329529
0.0014994703259295493
0.0018234170268872298
0.0021696850254538922
0.0021420767193035648
0.0021488156707417405
0.0023559694060884136
0.0017235764105874433
0.002056759656320301
0.0024805616170165408
0.002064632668400854
0.0021145306480065407
0.0024137282344244525
0.003115238072623714
0.0031988615996183987
0.0032160227089082635
0.0031589224374595675
0.003864774682686419
0.0038408587744045938
0.0033935528591924444
0.0034451980090240302
0.003898278286077058
0.003510626380130044
0.0035097178743181924
0.003931126785898141
0.004001227784276026
0.003911535797893846
0.002648504768306474
0.0032988166294961874
0.0031495386454554915
0.003610428456161496
0.004189626890356215
0.00311205877798354
0.0016692511507561951
0.0017675306153555374
0.0018876403950532927
0.0016969030486227857
0.00231319042559705
0.0021054292945511905
0.0017505461377881047
0.002066424384796945
0.002241437637994808
0.001862098783009217
0.00043004833683765004
0.0004947673146660546
0.000537982118057168
0.0004940805750887655
0.0005333163343316438
0.0005503685802976512
0.0005598947527687718
0.000462449770507623
0.0004647807776587934
0.000499439436336525
0.003373197844851124
0.00396027868391583
0.0034572742755653663
0.004285386181403739
0.0038057084964834742
0.003702405447128939
0.0035709721459192675
0.004039900851122765
0.0033828098398382307
0.003618117249207108
0.00030693304428470173
0.0003543126555305007
0.00032182085371790876
0.0003266200001511829
0.0003477021688277621
0.0003162200742063151
0.0002920406596566615
0.000309545534740544
0.0002683552544748843
0.00025082625773270855
0.0015597987366484903
0.0014732573477154475
0.001553738195903852
0.001558196846935569
0.0017046343156621002
0.0014823352081934063
0.001673596626542774
0.001818670997211135
0.0014217883293802078
0.0015788531552973657
0.001901091583731409
0.0018457122835837461
0.002104691071437736
0.0022300815187234527
0.0021658453881211602
0.0019896719890210384
0.0018106358184026483
0.0018148682817383343
0.001541610921461873
0.0015653407395810237
0.0007762325689925639
0.0008548039803088298
0.0007029140639757132
0.0008092946957519462
0.000895939136845396
0.0007118425556019968
0.0007756224277543327
0.0007480482471644212
0.0007758308602988575
0.0008618832322993095
0.001283939399231058
0.001308825987518354
0.0011017418977180824
0.0011362834866996765
0.001238226807707334
0.0012114136774313167
0.0011866328398118645
0.0013328157683527165
0.0012484003877281523
0.0011931088973096203
0.0003243319737054647
0.00028012983181334303
0.0002594187383220237
0.0003008253794821123
0.0003306908453429451
0.0003321802240624175
0.00028225661508727787
0.00033092335155901823
0.0003248691623887285
0.0003270770831019785
0.00031474783173552175
0.0003353716866995025
0.0002894673342740699
0.00030114708144977144
0.00023365278406880534
0.000245770808189329
0.00022910177530583993
0.0003116317647972091
0.00033982736749799467
0.00031237134787135773
0.0017853729967168526
0.0020945585579488003
0.0021681961492357234
0.002084984003844925
0.0025074410032238916
0.0021580561683556244
0.0018802502381852074
0.0018066012224873175
0.0019227647885124328
0.0023225732325559993
0.0033919332046988306
0.003090915528195573
0.0030808567041564483
0.003536929072998974
0.003528698470733011
0.0036053558994937774
0.003744727877874126
0.0038297232357279287
0.0032309499193773038
0.0034098862411941523
0.00010096778467101935
7.235298136328038e-05
0.00010316269472111966
9.854394333669251e-05
0.00010595057884331163
9.764339168443838e-05
9.666435682508164e-05
0.00012010786232008657
0.00010097282850226192
9.60605986582623e-05
0.0006428148702962923
0.00068783951657588
0.0007532671995502929
0.0006421287821935752
0.0007895766838630487
0.000657081989854763
0.0006381104347173275
0.000800806526628667
0.0006540465438288016
0.000636930889118692
0.0006472753769342389
0.0006911143723285294
0.0006982691026084492
0.0007360381875703833
0.000613060219629788
0.0008240094950853035
0.0007263700409727906
0.0006609614659757364
0.0006516618126322451
0.0006132601599896155
0.001927858696440356
0.0017180671223219525
0.0015697295542773672
0.0017554601683898374
0.0013889499331220475
0.0017106683319219698
0.001601811820469722
0.0013209493263736747
0.0015292751188074817
0.001597499056109273
0.001928029995402222
0.0020006197927398186
0.0019981694648771977
0.0019802854618127933
0.0023255385870152375
0.002246863253233521
0.0020498101695614404
0.0017449660237702266
0.0023630160343256013
0.0021759944313078945
0.0024303924850702027
0.0025177362996700783
0.0026821587689574056
0.0025002259183834865
0.0017743795208662676
0.002364631500736689
0.0026470981265990625
0.0027932933284903335
0.002583702132390167
0.0023471061083289594
0.0021673670182839094
0.0029036223222914806
0.002710544308643043
0.002486281507756867
0.003325420801307747
0.0026015259409834166
0.002679619631049108
0.002741774110357563
0.003073771267039323
0.002908310840163736
0.003234633661337778
0.003078116136412689
0.0025985087947883044
0.003170913772341025
0.0038528825560355962
0.0030873439717907783
0.002583879968538747
0.0028760490477651394
0.0028349948611883506
0.0036363382959206996
0.0015177790612113094
0.001661351413004589
0.0016911840869992746
0.0018156007149652976
0.001830846065982505
0.0015309098728215418
0.0013374667810842815
0.00151639265894062
0.0016593829213717415
0.0016156290581223229
0.003747943393086342
0.004693691803839742
0.003467758056176293
0.003453780512614883
0.0035059694896243457
0.004063981181972044
0.003866221960107887
0.00331778139596767
0.0031846527175194393
0.004008974146044032
0.0038871926514041782
0.0034394259519080835
0.003028219506784782
0.0036091439282518443
0.003726412169728621
0.002693839970245245
0.002933735518371279
0.0038730006592964843
0.003971087710605489
0.004251816063709337
0.002014240257133632
0.0018424364151851784
0.0018059866560011185
0.0017838785831254267
0.001671118175340684
0.0017208847259197638
0.0016666856615929564
0.0020596228641424305
0.001973147975859901
0.002007335200403806
0.0023677301190355112
0.0022668926278003143
0.002506791835730323
0.0027462422819098365
0.0025434018788677588
0.0026951981248142334
0.0022387671133054566
0.0028678107242291065
0.0020342764854634145
0.0028320617297143604
0.0019067447783876479
0.0017664578008909177
0.0020998775452303105
0.002090755540039884
0.0016422844123299518
0.0017435419619807185
0.0019608505028142513
0.001791921146009349
0.0019243944845729558
0.0019922725252294235
0.0037649532918339872
0.003887429392928094
0.003514833715631936
0.004198557060596728
0.0035343670414742416
0.00451807553868681
0.003971813008259742
0.003948764006192845
0.004242905414459517
0.003073017183857586
0.00032212517973766375
0.00027900040885520843
0.0003409476700994013
0.0002846256947104803
0.00036887703990209474
0.0002952901730152474
0.0003209733078674411
0.0002563484060075672
0.0003189451617976675
0.0002971920951136583
0.0017244754388520051
0.002163136542516
0.0022526650750878483
0.0022088604460227855
0.0021339351952728487
0.001894314469955601
0.0020304128085810113
0.0019939094015946775
0.0025786054163973874
0.002253922076998814
0.004136936274410052
0.003455616388496294
0.0034017134008062916
0.0036790773274841177
0.00378531826459453
0.004070001216218908
0.004248758316526786
0.004025916291559914
0.0035686288107394603
0.003942249993324023
0.0010951256880607637
0.0008810298294834094
0.0009520162668687271
0.0009830913976263623
0.0011012767024855294
0.0010866843803753197
0.0010146791429677144
0.0010377648315928823
0.0009995242342458596
0.0009451100435823997
0.0009189451692047971
0.0009091624807582283
0.0010016386090376367
0.001187131373934597
0.001019577317712198
0.0010020817413176964
0.0011568480224223479
0.0009467240952091087
0.0011990402118685838
0.0009771036918609125
0.0038068044611272163
0.0034906325483517447
0.003696092859462562
0.004201113148502395
0.0032726461001527174
0.0030031114853424066
0.0031778138317050866
0.0031400424458744498
0.0035112387306049904
0.003487095932183676
0.0013234236201028525
0.0012276918898904774
0.0013535922607608591
0.001263220098099806
0.0014568205746252811
0.0014063272811827498
0.001604485561255796
0.0016009602516045072
0.0014458273181814992
0.001619162809392198
0.0013818689645454453
0.0013487978724509777
0.001506279551967502
0.0015422265048117376
0.0011547701780464615
0.00146302549543449
0.0014578115026520606
0.0016880904131118262
0.001317125750777429
0.001376450938657425
0.0004464153061449268
0.0004981217599797868
0.0005525403175619489
0.00048059910519901867
0.0005933183795364247
0.0004457545280361754
0.0005234847213394505
0.0005172141529016142
0.0005012785006541354
0.0004439152223884659
0.003083723497809454
0.0018424831302656197
0.002661875023020958
0.0029165911056176852
0.002772572063324988
0.0031186837451704533
0.0026470724813963775
0.002981961990104705
0.002263181954809435
0.0025325293818042696
0.0009468418430067662
0.0011070500923666792
0.0009836222573593
0.0011573384835345487
0.0011660045554602186
0.0013710063386575778
0.001186131025180261
0.0012868860424159832
0.0010021639529909448
0.0011413538542299696
0.0001101496351517749
9.725592569697365e-05
0.00011903368052894001
9.932802915383245e-05
0.00010218186435411881
9.860543791894625e-05
8.983604594292745e-05
0.00010027523778018055
7.997317561697214e-05
9.218606715246846e-05
0.0025112459582024437
0.0033502856144352225
0.0024577256328511847
0.0028877960712975544
0.002743227517353625
0.0034461202258356436
0.0029317895462843643
0.002779486035379404
0.0025816462545074585
0.0027648766940033156
0.002971375065579969
0.002490058327184731
0.0033080966815124202
0.0029906073646050278
0.002999819139793565
0.0027869332822606195
0.0026971491340277475
0.002675221196814344
0.002287305770670088
0.0031272288234567374
0.001543085236118967
0.0016876876240393423
0.001678838375773161
0.0016812419169420624
0.0015822420316200028
0.0015925329990979507
0.0015918423408165943
0.0013570745686906176
0.0016750276603430321
0.0015037881464362223
0.0029184359155838106
0.003009150161090882
0.0035495208231520825
0.0031209976029009812
0.003292890613560896
0.00356532482985372
0.0030456019938910027
0.003246502344928271
0.0032724610718667807
0.0032515160546278663
0.00022264302213683923
0.00023413489366303067
0.000207738203110454
0.0001419931738541504
0.0001932970086383162
0.0002418228341389879
0.00017276033426222399
0.00023675802859651366
0.00018259891085958447
0.00021736931476597454
0.00010838893793754564
0.00010197350788416698
8.707291723512487e-05
7.832763415839127e-05
8.637696328682317e-05
0.00010458567316494421
0.00011016628805275801
0.00010609564207098996
9.371213892091257e-05
0.00010877408679023956
0.0034681195457580524
0.0037679560300216504
0.003816575175123958
0.004025168455272705
0.0032103138819982364
0.003300489022662747
0.0032297806171708073
0.003590124371130983
0.0032859616733271263
0.0038606352540365477
0.00234092737791964
0.0020124250356057076
0.001958468109038941
0.0018364436345506602
0.001958163170339208
0.002428382796389553
0.0021928783692264633
0.0018985132107628142
0.0021347602927705572
0.0022925232055322903
0.0012485789614405786
0.0013934582946633037
0.0015468603911109506
0.0013394993850297317
0.0013459452808404508
0.001479442949239614
0.0012185224676429201
0.0009183706461464706
0.001318805193778129
0.0012127604033303448
0.0002178464374173382
0.00020593216743112908
0.00018374147532457537
0.00020320609536956955
0.00020432948938689969
0.00021207226754633627
0.0002503634828733455
0.0002046910921725981
0.00019427705331568625
0.00020229170656367983
0.004029759097149628
0.004194206450858844
0.004512632064649999
0.004860231223777451
0.00428996913613074
0.0038777412294878823
0.003556790563329522
0.0037363538367514914
0.00376006635883461
0.0041681009357948905
0.0019179752668900276
0.0022462273732523023
0.0019433018154168364
0.0021679264296089193
0.0024062342421339706
0.002311832638547242
0.0019471167230200696
0.0023128517266400423
0.0021573422389981668
0.00247069997140208
0.0031913966132542312
0.002709139635532347
0.003347490069526903
0.002763703695475524
0.0029252250842025664
0.00337400077907548
0.0028997524250509495
0.003113206229857104
0.002944846184920033
0.0032205549865490985
0.004350708663346521
0.0038431957067641916
0.0037858444412735785
0.0036448768012862518
0.0045791591818513415
0.0034612032949030733
0.004185255728560051
0.004191404848353372
0.003515652506435614
0.004263054019487178
0.0010817530724206363
0.0009558957104090458
0.001026921210369976
0.0012451177515515385
0.0010866730911419575
0.0010863704333448677
0.0009098325251150812
0.0010995533449515138
0.0010302507689064619
0.0009080972642165439
0.004284944954360133
0.003610417866448169
0.003497930405524174
0.0042378355078191736
0.004345543461508411
0.004293115900906083
0.003451421595884535
0.003995491387077386
0.0036023339084284268
0.004385756792906087
0.003389386080063353
0.002733700563244983
0.0032807859951313207
0.0028079369699450267
0.003034604701667846
0.0030064133897540874
0.00327157113595234
0.0027882351946095308
0.0030144212577978492
0.0032006932420497575
0.0017566908333258794
0.002215433001982792
0.0020926525837661313
0.0019952365651548856
0.0016838038012804385
0.0020696819735733737
0.00180912973282819
0.0018247857580212354
0.0023676688909046316
0.001994028344557212
0.0016447017019612176
0.0015758357254912285
0.00153414279908652
0.0015616146126855779
0.0019292353512491236
0.0019291399826027631
0.0017448413045566406
0.0015718613864054666
0.0016907019891850624
0.0018890400567501545
0.0007002666939740286
0.0007260788312713791
0.0006518331762334519
0.0005490528898119133
0.000557497552147188
0.0006565127080428272
0.00081314933141807
0.0007149782650953994
0.0006597854433109387
0.0006108230670409963
0.0004074622876363197
0.0003754777058911609
0.00041036711614624456
0.00042539427308642175
0.0003455620521088708
0.0005120685024746373
0.0004090799278524707
0.0003525407843972621
0.00041449487634916425
0.00024580601778537826
0.002581730496595064
0.0028740350082079526
0.002832172242407921
0.001955805584159967
0.002207394981371529
0.00317846686028603
0.0028246963594105
0.002352423805089973
0.0031979470123871703
0.002620507097434418
0.002360680827288111
0.002573247338949279
0.0024773637229327634
0.0024106038925980817
0.0026096781570712525
0.002389175200899934
0.002560198837447785
0.0025070517776240326
0.0024718263719937525
0.0022633629293809824
9.814114812607493e-05
9.502991563654993e-05
8.348048164314427e-05
0.00010877345453513804
0.00011037447286798348
0.00010455914515861972
0.00011638551382368329
9.525221745953657e-05
9.487539238148995e-05
0.00010733826124676377
0.0026872167713702473
0.0023265809571537087
0.0031128983129043706
0.003159861090443795
0.002809247559220759
0.0032507190330356987
0.0023030352385092503
0.002711087347459876
0.0026916502164746926
0.0026323724301378
0.000598287981285092
0.0006226470017261545
0.0007124453646581283
0.0006448330856612242
0.0006149554129270129
0.0007438896719329688
0.0006628414933264971
0.0007172201199974134
0.0007961512490884158
0.0007218829252575915
0.003069797225378767
0.0029189178782958757
0.0033463797595561988
0.0030300732801573347
0.003685812610949033
0.0030477357336734902
0.002932273698773152
0.00284300259193746
0.0032735272075797325
0.0038072080575351354
0.002676867290087395
0.002041323763791457
0.0026449674078067574
0.0022365837593767233
0.002675004815354208
0.0023468627531184135
0.0022242843904822954
0.0023164288184430687
0.002605909490003067
0.0025905941227469718
0.00042670450460589724
0.000458646669767758
0.0005007059896354804
0.00036214389101513027
0.0004686906415822441
0.00041338894102699997
0.0005847342326918143
0.0005194407043541097
0.0004198294111878394
0.00041444035270392105
0.00032845474826369536
0.00030222202161443875
0.00029750155954868905
0.000273819994314292
0.00030131356373140844
0.0002459866030008153
0.0002734875281876106
0.0002869280768938703
0.0002415120693333441
0.0002809579489839645
0.0021182414719622435
0.0016619795384527078
0.002180915933819656
0.0021887646527077444
0.0022617456753031943
0.00167911723767471
0.0017100672579484655
0.0021022161862209792
0.0020654187118524835
0.0021099275820370507
0.00131907309767526
0.0009059292083671061
0.0010968830010282364
0.0014759888671989725
0.001633056265253965
0.0012446377047465353
0.0012198414691826714
0.0011511225124746275
0.0014253179179848088
0.0011015553049825437
0.001449482128014861
0.0012268900649125224
0.0014691869879981984
0.0013756207492173905
0.0015536778988677028
0.0014776604433037435
0.0013277691478321336
0.0016727687159753405
0.0015787041748112378
0.0013178942330264165
0.0015302094130159227
0.0013548649673189091
0.0014233766595246936
0.0012979494700502913
0.0011130146400921987
0.0015188435420164434
0.0016037032023646298
0.0014149030469321527
0.0013461847673341338
0.0014502875318603238
0.002909664965740472
0.003280770605560157
0.003058870430361112
0.003538382375648417
0.003359970047770185
0.002947535922269199
0.00313421980798588
0.003818526330872071
0.002892627554313008
0.0029667345397522095
0.003955916261679375
0.003736276935105193
0.0037986783522876446
0.0030298889090908067
0.0038190286982875406
0.003895410452767739
0.0032425083761969814
0.0036533863710115333
0.003399325170081371
0.0030918890160719272
9.580632160030311e-05
8.836083250958326e-05
9.685144296125306e-05
0.00010041292673770025
9.435061053442926e-05
0.00011822598013929255
0.000114674276624229
0.0001005926087857057
0.0001109174193441028
0.00010847349130872026
0.0024645959792391403
0.002392780670343427
0.002550596129925486
0.0022302688597114523
0.0024653599705867306
0.002459119837608482
0.0025884280470648497
0.0022225843667492903
0.0021898219608627784
0.002145110685049457
0.0009713984962507885
0.0013611925978034853
0.0012178845770852887
0.0010076028975287393
0.001176908572264425
0.001124153875726095
0.0010150805887680536
0.001209039104246983
0.001130446466529546
0.0012199807757164191
0.0019787646995998347
0.00290900850947378
0.0022485193098590824
0.0022652454572790128
0.0026603428145796945
0.0021967394173064334
0.002561708936462885
0.002090677498151734
0.0020848114418105823
0.002358741870155106
0.0007749619459144439
0.0007084908425263354
0.0007639171044667272
0.0006063527669747514
0.0007478624574943175
0.0007774542656173129
0.0007204142646589636
0.0007327632474298292
0.0006713590489490719
0.000654379892534686
0.0004737651672123611
0.0005651009796570903
0.0004836096165917522
0.0005049901775782331
0.0005961351396805294
0.00048740624191099424
0.0005207193897259625
0.0004902005538278943
0.0005064418236789686
0.000507287170869065
0.000606039009414783
0.0006584824257163861
0.0005466288880585962
0.0006139616909801294
0.0006434960240750937
0.0005478257595456226
0.0005963795522152459
0.0005521291778560566
0.0006754136866992731
0.0005018429048962165
0.0039580300831502145
0.0039428543999865
0.0041789138887733624
0.004297376399341974
0.0036382713280668218
0.003339707528415686
0.0037113396281694836
0.003453770723820294
0.003631370599275271
0.0038017258799195133
0.0035087335601150078
0.0034398913611084986
0.003766730430914037
0.0031945230114607316
0.003138599039821492
0.003938063039316034
0.0041203844835861194
0.0032721931449119605
0.0032516233410477663
0.003906895372089965
0.00040787465314229336
0.0005874568679163103
0.0005147406715612698
0.00048199721499705126
0.0004129269458759719
0.0004032899023306286
0.0006096380022330961
0.000554701251780578
0.0005111727226401022
0.0005518496659839211
0.0016368661181879924
0.0013411888862513775
0.0014008886635686055
0.0017318939721954962
0.0011815026369132663
0.0015196737221762997
0.0013847700803922148
0.001526800981307036
0.001473216779670647
0.0013575304373991714
0.002795263063031689
0.003291264166764937
0.002793799630487035
0.003258047782377859
0.0032537053313036047
0.0032744515270459944
0.0029297003394150745
0.0027234314173013195
0.003113846922627096
0.003108378188269511
0.0015849690647360218
0.001366669546347698
0.0015902124598214974
0.0015100757629986424
0.0015954688097107453
0.001485617917185548
0.0016344294725504254
0.0013891706456206267
0.00133041102895692
0.0013745035662426077
0.0009025945779067341
0.0008766468653739746
0.0009374732133160164
0.0008904823459474578
0.0011583695591113807
0.0010095782980851687
0.0011137969654336308
0.0009074950195394492
0.0010481039134363633
0.0009670488545051015
0.0018554218344408375
0.0022080798993241667
0.0021205048832631836
0.002127757612950638
0.0026489267260437314
0.0022158427060735113
0.002115046613347543
0.0022367556057395948
0.0019025204258059948
0.0023123176996306264
0.002292518126825645
0.002471895881142154
0.0018234802197404588
0.0020117498388654734
0.002319537824676057
0.0023182273091207385
0.0022267784781501813
0.002316166308738203
0.0019994361013223948
0.002452624592815449
0.0032919951211801356
0.003252314035286204
0.0030269662695495466
0.0026831414913542195
0.002611171270308927
0.0028921864414329073
0.003047045391151579
0.0033552069870126044
0.0029835547173561036
0.0029250301976134186
0.0010963402861533897
0.0010758927397563104
0.0011717665981388417
0.0009861435704442017
0.0011394232087802664
0.0010601011698255056
0.001139807079574579
0.0010361260749120636
0.0011545600314517956
0.0011494967170489613
0.0026757521387629915
0.002754485872572966
0.0026147530651533715
0.002979568828056412
0.0032343938814771815
0.0030155220875175866
0.0027983989174850026
0.0030521872050817307
0.0033322638053949515
0.0028466213050893766
0.0003826273267782667
0.0003481073393293182
0.0003857557492194566
0.0002956231610974715
0.0004932181732638677
0.00044854467271214087
0.00043993173664534776
0.00039045444801037954
0.0004785114378264162
0.0004234655785647279
0.0012403821856839465
0.0012610121713454957
0.0012934125521159544
0.0013138747578463103
0.0013434918697421904
0.0011747627591493766
0.0011863471934268073
0.0011112727902216762
0.0010375520951977765
0.0011735465798149525
0.0019517098365608924
0.0017539624216642254
0.0016960291521901706
0.0019669513892954715
0.001509603755755661
0.0016396833901324696
0.0015816958484574973
0.0019055389297736956
0.0014472608829080827
0.0013894011410393362
0.0018918169600543495
0.0017024679135677007
0.0021590524690818687
0.0019587687285514003
0.0021027547088385487
0.001993307549417489
0.0022901972533741722
0.0019385790817557879
0.0018990223340694212
0.002243396932438844
0.000107833290468414
8.328410204984566e-05
0.00010173941740684164
8.169068374108919e-05
0.00011183973274298507
0.00010554047821757368
9.875975129685438e-05
9.225922893010881e-05
0.00010828113805941397
8.353157903556968e-05
0.0031735700307264944
0.003347796984734286
0.003819845338465972
0.003554213007373127
0.003027459070105519
0.003418552134704121
0.0037030162669326357
0.0031877500251929042
0.003690792863763508
0.003039987239034079
0.0036540434249119256
0.003287401057518783
0.003913224594318979
0.003633458724363574
0.0037952948101676407
0.0032969352597860394
0.004946930959720304
0.0036927222611588956
0.00313740324868837
0.004033081259813886
0.0016420342683206937
0.001589725526265928
0.0016390480716509158
0.0018351912211383723
0.001222447995164032
0.0011782724223059703
0.0018240509655023049
0.001590116193987936
0.0016007596520480982
0.0017194924090695007
0.003248536797067473
0.0032926559995090096
0.003037183379822026
0.003409101693239599
0.0038293849470879067
0.003906816564538519
0.003628960814472509
0.003213734716647095
0.0035584559368045856
0.0034083575344524904
0.004295831269824919
0.004377215948234714
0.004159866130107006
0.0032803294720069806
0.003554692174871513
0.003362556825568297
0.0037515876204485795
0.00399516449632838
0.003588224636919755
0.003513102029136724
0.0016198144488036167
0.0014298677887376102
0.001342618403540509
0.0015128137012325514
0.0014474918778657352
0.0015307773508057045
0.001278565631703356
0.001365950870841323
0.001446840759018306
0.0016267260037063792
0.0016551818446051347
0.0018085225194237927
0.0014956848463609784
0.0015756949798009401
0.0016699974260616615
0.0018346956758093283
0.0013906083368846484
0.0015922598258855075
0.0016451760214163753
0.0017096979829832263
0.003182111937591389
0.003008158162906603
0.003387175831619445
0.0025757780635334276
0.0023909655573880126
0.002966521859920305
0.003383639363884178
0.0029138180328732114
0.0030790585206620807
0.0028876008631703197
0.003989364092758086
0.003231728288420668
0.0031661847513972945
0.0038164830281297033
0.004072038604854639
0.0038832530967079556
0.003139046675353024
0.0036191996588499477
0.002998554953405089
0.004120348545501164
0.0020096103082459195
0.002070143466593995
0.002035603697536572
0.002310662975467613
0.002420439388256415
0.0020530860675491347
0.0025972934998819484
0.0021372975541196952
0.0023637821092599223
0.002068229279753799
0.0009304736813917447
0.0008780022147588045
0.0010024093253158436
0.0008890816241900254
0.0009213292320410234
0.000973097990580966
0.0008727474037094396
0.0010478376362529998
0.0008823519218814761
0.0009816019705638475
0.0020958967185134244
0.002292213056060789
0.0019606531749852716
0.0018147965873067775
0.0020340837190952425
0.00202377455550193
0.002077307759631956
0.002314621390157418
0.002313895789127305
0.0021100127826425893
0.0023145191681769877
0.002657209512684126
0.0024348352100122526
0.0027228559058459756
0.002620060523532019
0.002315422258451835
0.002571693621866456
0.0028659863832376647
0.002247235442969314
0.0021051777767337656
0.002553880115579879
0.0024565156868927044
0.0026631520818112
0.0028656828676812606
0.0025186870655963265
0.00247664376485029
0.0024193445835789355
0.0024499705330279947
0.0024922522130925652
0.002449379271139809
0.00020167320807277906
0.00023571750065757367
0.0001915096890615729
0.0002030717340093997
0.00017831287960736296
0.00020479705621375918
0.00021052384084983665
0.00020942131896897772
0.00018857661083479494
0.00017269288650521806
0.00029511049062944014
0.0003304996633431919
0.00028725341510310945
0.0002774724346354722
0.00031865060740266226
0.0003015922714377066
0.00025372928252413593
0.0003045495010708318
0.0002883959704675988
0.0003462865885468118
0.0004913460171807107
0.0006247305481834822
0.0005866361508848378
0.0007453750619131989
0.0005620902138244653
0.0005417958921757271
0.0005231801829309017
0.0005879357306713257
0.0006781826522555014
0.000513544607853396
0.002633724348777933
0.0022055800051596535
0.0025825600364037847
0.0020516089035357153
0.002372987154441931
0.002304548108929393
0.0022317077813170686
0.0023163675065979695
0.002511268885097094
0.0023042540947672222
0.001988951330842665
0.0021208473880246588
0.001782797127317671
0.001928295769905536
0.0018585294832976908
0.0016798408447010987
0.0017234999868871216
0.0017792121722362856
0.0015263187055593779
0.0019517572158931882
0.0041852918217916745
0.004053427658408635
0.004158153863719908
0.004231809700446171
0.0040952296595843
0.003698617291065506
0.004143398650593053
0.003562862895387421
0.003435240018121709
0.0037455881449674922
0.0011320898395152299
0.0008381348296107305
0.0009574973039168241
0.000995307852133724
0.0009452811366452105
0.0010903689464469106
0.0009723284423729378
0.0011329405090581917
0.000921524052661552
0.0008163477045787462
0.003111872430569166
0.0032202704088007197
0.0028103987882607795
0.0029529754363924092
0.0027925850303947776
0.0021115829146752616
0.0028624583027805337
0.0028043270561916044
0.002927863611028419
0.002748683307307181
0.0006140910391409381
0.0006407149109461471
0.000599727649691643
0.0005953522793414079
0.0005554595354656184
0.0006175983825941824
0.0006395954386139742
0.000525972960873951
0.0005175152976236446
0.0006804869008410311
0.0029608734429227785
0.0036333485475869435
0.004370432419914642
0.004285012211223355
0.0037072943362780157
0.0037762215086553793
0.0034042004535661773
0.003431096390064383
0.0043315086951840505
0.003928458949568688
0.00027218593303314736
0.00025668494761772054
0.00031411223736052123
0.0002634815362860646
0.0003276047541426604
0.0002674486038385123
0.0003471174794440445
0.00026053305058570264
0.0003105713559508143
0.00030331379622412915
0.0035526313074800554
0.004055116457345034
0.0034643039007345375
0.003225638204505448
0.003175960968611348
0.004022400161453906
0.003840062633456862
0.0034441722407353723
0.004487888354122732
0.003854225561462279
0.0023312603413084636
0.0029303703291425572
0.002898409669000764
0.0033875701800133917
0.0033013890277800418
0.0031500246958229656
0.0028314037490447717
0.0031072432362663207
0.0032666667346394106
0.003393037704754179
0.003290050313927567
0.003217084969514349
0.002957132402566595
0.0035450819667871185
0.0036801189445939487
0.003134789988594745
0.002840487660853917
0.0034174621726516855
0.0027086816828966456
0.0027044887092161425
0.0014140523111692998
0.0011978214240619697
0.0012657615311549035
0.0012216487168381384
0.0013089246071595713
0.0009310962220273528
0.0011907110828364678
0.0011044331940288023
0.0012439521096765317
0.0010668386709997888
0.0024005808300282044
0.002399276760529347
0.002606601569158156
0.002463330712613373
0.002809150664997306
0.0026876896359164064
0.002566227961977875
0.0023343886704294526
0.002563175786862159
0.001849648669696476
0.0003603887522539874
0.00044560389570816496
0.00037030902386693857
0.00033782680585337665
0.00038678418879004245
0.0003471786248332619
0.00033966414239959477
0.0003967972219944187
0.00045077932916005663
0.0004871319195671132
0.00044872201061201363
0.0004658785832026221
0.0004890875698891777
0.0004616665625183827
0.0004984751714849612
0.0005753448340601212
0.00045154242559525997
0.00044899527215074367
0.0004651349943155569
0.0004879358221956769
0.00028912750495171886
0.00029114381956262344
0.0002878817220799969
0.0003311947914607699
0.00029008317725691364
0.00030191814956646786
0.0002620083073246247
0.0003154102571699074
0.0002655847175264184
0.00030203587626660835
0.003990793371353091
0.004617112983575531
0.0039032735481566573
0.004386924289533457
0.004133063871548481
0.004457998633819376
0.0038143137224068997
0.0034166923850592603
0.004334948810745465
0.003891396165478265
0.0007748545688406573
0.0008821111633936144
0.0008307185223982082
0.0008727046331921264
0.0007271355551865463
0.0009410735977449077
0.0009293254404667464
0.000850248997037362
0.0008080853276266468
0.0009219111231284211
0.00010406149367315274
0.000104330744187277
9.891243352293397e-05
0.00010526380312127268
8.873589871514772e-05
0.00010463939670738845
8.80604824598353e-05
0.00010643932234743931
9.084902039015842e-05
0.0001073284407292821
0.0016472586566508426
0.0012231382116527575
0.0012726447434585275
0.0014064495356018274
0.001431052707670873
0.0011999630271024222
0.0011194922322284712
0.001488081269575906
0.0013294695421291864
0.0013476770259644565
0.0024944384872407094
0.001898260375089174
0.0027484400733377057
0.0021254054075554242
0.0024127247211150732
0.001954311260917701
0.0024967684042037507
0.002298886578529731
0.0021719994933696706
0.0022319695014103424
0.0012983677400322077
0.0011531117476140209
0.001207611738441638
0.0011066831911944735
0.0013366354593513823
0.0011400506570752
0.0013610057320034622
0.001496463538819924
0.001362012397521663
0.0011554287801990393
0.0012963148665436554
0.0017221205568513213
0.001329310306288026
0.001450211524672171
0.0016025979264639692
0.0014411556243583215
0.0013705663094877288
0.0015029965270516624
0.0017688234709541607
0.001516442405729243
0.00018860041167948377
0.0002220094643690015
0.00019607948924812673
0.00020392572727491386
0.00021998470216648598
0.00020390343839284656
0.00021976912517557176
0.00020042184591123166
0.00020715935529120322
0.00020072198789066137
0.002718877236457636
0.0029501452856587557
0.0029800949576495516
0.0032283079549887063
0.0026672175200092227
0.002822469378061455
0.0032949214811651382
0.002825922917109331
0.003018099835265424
0.002686553646321097
0.0009590874289181167
0.0010171864788450175
0.0008158433753632177
0.0010034903379558164
0.000818128347725653
0.0009814475704965997
0.0008316469407800431
0.0009315081292569978
0.0009311701791023481
0.0008598579720010964
0.001426340843159847
0.0014990408632703177
0.0016435504192339693
0.0012541916636119657
0.001364573389410408
0.0016119279133890601
0.0017029938463924066
0.0013890067497301303
0.0016175684021786673
0.0015604476425525894
0.003957883622034475
0.0038841468159879315
0.0029826666824762428
0.0035751182548820677
0.003534504017817582
0.0032347841694944797
0.0029743853983156925
0.003384534828902131
0.0037323644686517443
0.0034029207118970325
0.002989785932569376
0.002363248879853819
0.0024101764460540123
0.002652804621669301
0.0024877453657399223
0.002080283398465736
0.0023450910750281704
0.002754483110116095
0.0028120537733714412
0.0032455591510872623
0.00010994749961599126
0.00012797364540868911
0.00011281764161998189
9.286322059919082e-05
9.274451297709997e-05
8.963021612038195e-05
0.00010751957993720183
8.921836608950013e-05
0.0001020927322644603
9.335500869587729e-05
9.317778765143854e-05
9.899241565599747e-05
0.00010485136040283932
8.587996658766904e-05
7.814897489657666e-05
0.000104773161370807
0.00010186836596391245
9.924390089365346e-05
9.261194961199257e-05
8.666098986946182e-05
0.0005964212606716355
0.0007569762091526234
0.0007468721376308663
0.00059770612763183
0.0006437863832905511
0.000569253504852623
0.000702293436257031
0.0007882625612414185
0.0006667563906562103
0.0006869483879672147
0.0036354661235097376
0.0036466196855312613
0.0035418371895732316
0.00322162432795069
0.003298242859114181
0.0030808514328192734
0.003264740682183738
0.0035217648996662843
0.002848822165202754
0.0031200058806947874
0.0009991951388715783
0.001018291220070102
0.0009104683673256533
0.0009641538621112521
0.0010402774645864735
0.0010669292039846706
0.0011101626467131006
0.0007651084157989398
0.0009475240118878396
0.0008373786889318312
0.0012388798236032546
0.0011217936528217633
0.0012703700085809361
0.0011072740015116633
0.001157268611538659
0.0012033379836049413
0.0012240742630743073
0.0012577760070770505
0.0010722022587392381
0.0011076448414621524
0.004056098835561933
0.003735320863833951
0.0036695224978065357
0.003737616407581295
0.0034835865945685223
0.004133152470574524
0.003815731100437803
0.0038294634683615097
0.004220691743500742
0.004300622644266518
0.001079556295007112
0.0013031081046040633
0.001230989220286659
0.0015012615169572132
0.0011935578800802817
0.0012075797220871707
0.0012489257463476925
0.001267578719699403
0.001200388859466428
0.0010070723588680754
0.0009610370115206026
0.0010840334839897665
0.0010840939657182386
0.0010465679919297339
0.001127999059670989
0.0009311422071100594
0.0011593929858958688
0.0011121175879837092
0.0009329366445923686
0.0010637906548199077
0.0013713379340429069
0.001512810252614076
0.0013021159743628213
0.0011631182115026033
0.0014474073187977184
0.0013459243228122332
0.001221801845959682
0.0012664831330531073
0.0013240543841541654
0.0013173601026320095
0.00352842321144769
0.004101359852424453
0.0032564243299019334
0.003222402225950124
0.003359592692652917
0.003466769162480846
0.003131436004857159
0.004104911193193695
0.003262836000232842
0.0039192569615145115
0.002504115893758895
0.0024737325490256025
0.0025121225969345676
0.002698777774750768
0.0026014707857679323
0.00261968626013482
0.00278935849640831
0.002054978128019954
0.002668973145150927
0.0023107426661366053
0.004014824788372852
0.003964220353065125
0.004469533510765559
0.004241656403167657
0.004578295174400408
0.0038553809052811598
0.004212038670036518
0.0038138263478247948
0.0033415776077789943
0.003949269119128051
0.00365218021918493
0.003927026541473871
0.003989119685424149
0.003613319602094603
0.0038711322078470905
0.0037902594920028957
0.0038463028060988316
0.0034302336758369276
0.0038789930912847843
0.003474014574662171
0.001379801940030065
0.0013092286396084501
0.0013242433038342112
0.0013515508157073608
0.0015854655886548639
0.0014222143846785633
0.0014601766189488957
0.0015617876578950312
0.0012310785554632492
0.001518237017125855
0.0025545446556578255
0.00278913464600606
0.003094643194402646
0.0029232263464704323
0.0028639375680854055
0.002623400981430595
0.0033281913368424934
0.0026639733829605444
0.0026240411840332957
0.003034560638612566
0.0031619083380411304
0.0028264084614937676
0.00326162033389145
0.0031106962143503183
0.003072528015994507
0.0032595500812372708
0.0029368335397027398
0.0030528042998617506
0.0028311159056228744
0.0031726510845324456
0.0036155500017449826
0.0031295623242466155
0.0027586178664241704
0.0027523036851514813
0.0031579364450118894
0.0035794800435764006
0.003000446348333444
0.003084335522791204
0.0031003662736406546
0.003354705158702824
0.0009792886458999158
0.001138960633943247
0.0011666251072302955
0.0010168430915757883
0.000953648551338098
0.001155743153249318
0.0009348499731506526
0.001135182789561213
0.0009977524450877357
0.0011762381404382273
0.000992034272431274
0.0010315677099969611
0.0011273137872788892
0.0010560784941204195
0.000965699105986782
0.0009878682253827338
0.0010186828721913841
0.0010447108302865738
0.0010290558942215714
0.001058222507077775
0.0033788037964989346
0.003291189202397615
0.002761744370342114
0.003310350105605438
0.0033766295292467583
0.0035212889386136634
0.0032792227831068316
0.003724482325326086
0.002905154478779934
0.002584473711414563
0.0005283138694736709
0.000617749718016528
0.0006114104151408364
0.000678947479076036
0.0005931509951021528
0.0006512809479136308
0.0006377041412456265
0.000622016670816354
0.0006225815270541557
0.000514540450582779
0.002780154790013796
0.002999727527790512
0.002829098981658169
0.002779666227383874
0.0030369827276060654
0.0026989511967797555
0.0029346935906947166
0.002614765489896231
0.003209227457418422
0.0032827141652848443
0.0005118025742139072
0.0005015148438370241
0.0005435605570324122
0.0005393206319159434
0.0004986984136104031
0.0004954517803188302
0.0004213648677611466
0.0005076805409577717
0.000573905989029899
0.0005586468451232426
0.002375317724217719
0.002151723045197372
0.002311923099801098
0.002612623988181505
0.0026630733902406546
0.0020085404778060543
0.0027281296356753545
0.0023551641056604325
0.0019593878466119346
0.0026474841775491953
0.001743311302261758
0.002043641372685947
0.0018423617621237576
0.0020216144146823116
0.002041157729596429
0.0017566124752861896
0.00204728511048198
0.0024504299908981253
0.002164892970994226
0.0019265324458673312
0.0015410941895971423
0.001429818806552512
0.0015085944529117992
0.0014958614636781027
0.001681359122642247
0.0012680063691720047
0.0015201596522275236
0.0015825030334045281
0.0016366480002356766
0.0013928741776532486
0.0033506503472675152
0.003221810394815847
0.003188950516174118
0.003451271935126215
0.0035730761015885654
0.0022964491125626995
0.0034419352238555722
0.0026273252598991354
0.0035150454806382706
0.003099177175014179
0.0018002761111385645
0.0018245598935111857
0.001527622565392541
0.001845639687304323
0.0019732072340039384
0.0016702560424328233
0.0015054999212564062
0.0016211443141506926
0.0018813078758894563
0.0017070495899195845
0.0021814339320436835
0.002079551920073349
0.003068572648185885
0.002480829856556257
0.002261561184135592
0.0024299798849162493
0.002030592559768785
0.002176026595894938
0.0018865399119842572
0.0023378637254253725
0.00012486219842256177
0.00010706465407902386
0.00010120319969384054
0.00010176604071136286
0.0001050306992320272
0.000115035046703579
9.338885779636005e-05
8.416337870144694e-05
0.00010993034102013365
9.880683882696059e-05
0.0019980170140698906
0.0016266695176476865
0.0016320969044680562
0.0017956764437422337
0.0014703822720348236
0.0016710959399602924
0.0017903514928729893
0.0017990449883699931
0.0018246459795491108
0.0018117586979950141
0.003690168891638831
0.003541485083030353
0.0033405834596442804
0.004156981401738531
0.004156325810982342
0.0038053376532961366
0.004307583653693523
0.00435062215104103
0.0045603178429742776
0.003786793415637052
0.002446804740342559
0.002540857809347453
0.002909615257097395
0.002675991746040379
0.0032358551160384364
0.0025039429967580683
0.0025599089329594385
0.002634849501406328
0.0029590437348937727
0.003077197879021649
0.0004344563719512396
0.00040550128014825367
0.0004294422784105861
0.0004332350533293708
0.00039644958603094117
0.00042290199024577226
0.0003804623644963154
0.0003738837651204884
0.00035731313275666823
0.0004253370822373223
0.00439839052965201
0.004182399043809883
0.0038936904503207833
0.0038160316728266344
0.00392523770199478
0.004134815608657685
0.004369117508635333
0.0037524791071444066
0.003252765335930986
0.003998154867044022
0.0025953585083523583
0.0025793974008576363
0.0025813370945594613
0.0032702450127335475
0.0027228610762731953
0.002359534119739287
0.0027825329759953014
0.00313170104070407
0.002509578180321657
0.0031650318638521686
0.003286625858190229
0.0035537499343940696
0.0033902342211572104
0.0031593231673396347
0.003430983135871302
0.0033700895025464677
0.004115024279842127
0.0034046361565290284
0.0031876016440078514
0.0033200897406682438
0.0033816669651097492
0.003206238486173862
0.003406763333639067
0.003667001392115495
0.0031168334937722924
0.003286903504536494
0.003384857257655166
0.003982592836763454
0.003652108646249742
0.003526303753173208
0.0007881192377823192
0.0008830138273366254
0.0008049397651256775
0.0007006582365824137
0.0008369375703064445
0.0007097131477601763
0.000740018900282655
0.0008091003845355038
0.000731523979120941
0.000854948939029529
0.003816414577405695
0.003964933604949321
0.0041681588885261285
0.004284612353557274
0.004001490898510094
0.0041485559056765485
0.004605236218383456
0.0038345048982199614
0.004143380458880998
0.003625483649407361
0.0015624195502571372
0.0018564389468200024
0.0015290176416402125
0.0018562384263861734
0.0019646451079196217
0.001735507703682375
0.0017358755090964477
0.0013813583653476123
0.0016643098644794061
0.0017851273495247655
0.00250861918309581
0.002648436008710091
0.0025949281577124154
0.0025898040488490427
0.002748034288845549
0.002108048364338188
0.0023844453032037835
0.0023639787562422356
0.0025768622359753747
0.002426948220190263
0.0004081955946039918
0.0003399870018198195
0.0004593303151720134
0.0003672690385909208
0.00041521121537901033
0.0003016860954860148
0.0003756439156639805
0.0003701787642956292
0.00043074377770079095
0.0004321424711629152
9.514984078098221e-05
0.00010881560801327397
9.465211471705134e-05
9.79520496891778e-05
9.70617604363877e-05
0.00011618869228802405
7.625440485019963e-05
0.00011493962668287857
9.313366805280947e-05
0.00011174554832457849
0.003704547752288236
0.003790897859771907
0.0038047236655139737
0.004142436897672998
0.0038522155864522244
0.0036918711129094346
0.00367417674305711
0.003608292719272557
0.0039161150185204
0.004435110885516453
0.0020145130911818454
0.0017872017173003747
0.0016924830950180176
0.0020105459161942406
0.002046259089633168
0.0018680092959706045
0.0017484694972129248
0.0016191500859009259
0.0018996331465815765
0.0018963111856917922
0.0002614782027591686
0.0003227959321710747
0.0002648316293720743
0.00031585269550526843
0.0003300265416582693
0.00031299089461251685
0.0002514011437401626
0.00027233518538950183
0.0002382002962322412
0.00030201502909160737
0.002614478652048492
0.002786867887896452
0.0027890341831181623
0.002337941587310288
0.002155837415851706
0.0024043914536428877
0.002297988972314414
0.0022333007391270973
0.002419287900114253
0.0030972565106588976
0.0012654336677378562
0.0011168602200580771
0.0013636904157444203
0.0013448846813745793
0.0011957915859624622
0.0015508026755351066
0.0013341659150412151
0.0012031331386485975
0.001245295777307875
0.0014686771199898315
0.002086158581315654
0.0017636462741752496
0.0018876416646679613
0.001625874141454575
0.0018398685875200215
0.0020270967344785994
0.0017937920219778926
0.0019987408268464257
0.0019001527410312232
0.0018798086571070668
0.0017004111860948617
0.0016018908623992784
0.0017005082532967578
0.001852400438559421
0.0019872356842437853
0.0018089321941877317
0.0014825022289574482
0.0015016692791137267
0.0016347955013251406
0.0017694131834559749
0.0035666709587749766
0.003845419151305892
0.004155859223223271
0.0033372848665534018
0.0033642316389796956
0.0038523290429606782
0.003786207116664045
0.0029446681508709487
0.0037959444063248417
0.0035773852239952978
0.00038820437493747615
0.0003950997644234207
0.0004020738743505265
0.0003816844840254419
0.0004076107026712758
0.00039992872389002005
0.0003607344821103208
0.0004685275624916797
0.0004048221234282781
0.00039956841665412195
0.004107551161797242
0.0033728018821418907
0.004122236752034488
0.0032224310234997026
0.0033672887797514227
0.003736469599683285
0.0037722440411253996
0.0036084839678658925
0.0032937898555681867
0.003873347985059286
0.00047888556730629045
0.0004640943627888967
0.0005347710282743557
0.00047654277006533354
0.0004915363500715665
0.00047346427707142347
0.000439961587106794
0.000523303234427349
0.00047473098900872965
0.0004999974000044034
0.002247120527907964
0.002538645665334534
0.0022295180485199903
0.002426154191950871
0.0023706021072989604
0.0025496029288297195
0.0019952349888779242
0.001853949087806386
0.0019961410576575613
0.001830645281644255
0.0034123852012569286
0.0035684046100477886
0.003976050948759832
0.003429195955487526
0.0033300603504596584
0.004522745665660444
0.003792381491494722
0.004035951919723495
0.0037658364021025442
0.003009626425812823
0.0031431254532329816
0.004273298656220677
0.003800956379482569
0.004227862588308253
0.003061501841927599
0.004676954268164154
0.003669826871729665
0.004612382340544225
0.004285292722845605
0.003598763929641232
0.0015278021282562953
0.0019575987231531386
0.001440652978340239
0.0015730728000278719
0.0017897289898788202
0.0016149956316968504
0.0016126360645881905
0.0016702539550231227
0.001794512051095198
0.0016454246000811095
0.000987207261776354
0.001131312014729456
0.0010725266793788928
0.0009745031324929598
0.0010619434235772326
0.001048058268625394
0.0012250285175646365
0.0011642439129523534
0.0011973305431083876
0.00114659702996756
0.0002966802772881722
0.0002818607547964152
0.00026814451990754854
0.0002994823518570268
0.0003033077363412861
0.0002857827214366033
0.00026970263391219674
0.0003449541202108522
0.0003184704398266396
0.00033807117722517156
0.001019052181438786
0.0011487043294239037
0.0009425128947526565
0.0011577813667177257
0.0010335000204201351
0.0008505917672135064
0.0010992261013630725
0.0009659310217994125
0.0009502335844466219
0.0012021821945274545
0.0028509431382281875
0.0037070663142678203
0.004161818203774124
0.003072770337875524
0.003769241883915022
0.003302597132352543
0.003866448032170133
0.0043318276488091695
0.003935250758740584
0.004106665222581969
0.0023991158509220232
0.0019722753895299767
0.0024076000960539558
0.002153577681966139
0.0023358688151349817
0.002453579720300551
0.0021054979735143876
0.0016750868185301578
0.002371380502222964
0.0024645986986845574
0.0014280778759551563
0.001586200503367057
0.0015529705343162914
0.001133312511904014
0.0015849373694800184
0.0014304046980100134
0.0015854956056694
0.0014458207173440158
0.0013838743827569774
0.00161007053421997
0.002044435622359946
0.0014808714884556142
0.001981335468175774
0.0016884485165697652
0.0017028484253351916
0.0015905277657451973
0.0015736665682839913
0.0017873849315026284
0.0014950114867851483
0.001944494940734607
0.0006813112770578304
0.0006455788569744944
0.0006969929613081732
0.0007020109396016749
0.0004947819118632389
0.0006023156169006728
0.0005600145644501748
0.0005716882257536776
0.0006402074792534575
0.000609903812915959
0.0013379515981972788
0.0013139302470959481
0.0011464473815740582
0.0012231275998046398
0.0010103951612597652
0.001264237348542696
0.001074982332004223
0.0011845817913998097
0.0010166744606968094
0.001128168073523748
0.0002742167635026888
0.000325600182095636
0.00029351884820713923
0.00033398676834503027
0.000369856568650276
0.00023598242854555728
0.00029616739370031764
0.0002253656283074307
0.00028861131837184726
0.0003573322129790899
0.001951702240583127
0.0018206418325786443
0.002047955809785403
0.001878176936652781
0.0016919433525917193
0.0019113788106627399
0.0015662465017914906
0.001842863721858879
0.0018365885050087764
0.0018671940629238343
0.0038878241335892085
0.003969211322674182
0.004635156689245783
0.004658670303998984
0.004627176747158731
0.003965794469807455
0.004063542056984769
0.0042232602141258286
0.0046227787387540745
0.003675959810629189
0.0024515657931484655
0.002518448932071326
0.0025106300396429684
0.0022816087608477074
0.002664400422098894
0.0020674024129663606
0.0025647215427110005
0.0024568647682421912
0.00242314563780072
0.0025121501051297277
0.003703870032838675
0.0037759500423606113
0.00322696787730095
0.004327340873625798
0.0037569856797240626
0.0043724257837813515
0.0032172682204019707
0.0033466569567162227
0.003833002772082706
0.0036941569816449026
0.00203468862822033
0.0022359745159754286
0.0017616278056559916
0.002121637160896582
0.0017755339371956455
0.0021426287753472184
0.00184804017940055
0.0018987031766611894
0.001939034744272303
0.0019091112602143336
0.0016488328361325562
0.001780206991644804
0.0019929553780955057
0.002065130634324658
0.0016456864245657842
0.0017028080726772688
0.0017875164850530369
0.0017771351005343476
0.0017619271432817729
0.0018116657350241215
0.0012164622173495411
0.0012289282284089016
0.0013077303414404876
0.0011744716730313714
0.0015042552599697362
0.0012594725499740754
0.0012276045352156966
0.0010860134029387636
0.0014003045907567725
0.0011496743528000126
0.0017936559586190374
0.0019358037656753845
0.0019810723916311806
0.001807111651222846
0.0017531957425807765
0.002073205633057075
0.0016166145508432345
0.0016915408583767495
0.0013891838766763587
0.001755005149499742
0.0021189999569418776
0.0026054522559766165
0.0022346607407114664
0.0024715605979955006
0.0020914152031764662
0.0024625791356286193
0.0023215795379737296
0.0024719154359172575
0.0020199042012518332
0.0023110582226994487
0.0020379627927416323
0.0023522027085636507
0.00192831023127944
0.001816336022023699
0.002059787153960834
0.001709014615978346
0.001809380644673
0.002453931513113176
0.0021849823842368093
0.0021162100243828186
0.0010293070144276502
0.0014140679075457312
0.0014313710590706898
0.0012828032179406789
0.0013715080058071664
0.0012459933205790055
0.001254719986885457
0.001322584088073048
0.0013313375850256526
0.0015301594500750388
0.00024357132085495278
0.0001886488818462851
0.00020149191326831737
0.000177863064390057
0.0002223695409061239
0.0002081655823407768
0.00019683681244982525
0.00018754489317120994
0.0001797341169836497
0.00020080388566665614
0.004780993147094481
0.003720498003050544
0.0033187701368325726
0.003688471857134247
0.0031745275840390137
0.003890698560549149
0.003826279411921044
0.00408290594883048
0.00361517058749315
0.003346590266377395
0.0018448820810508903
0.0019956266535451767
0.002026686827990504
0.0021322059126639157
0.0019171925989494836
0.0022061154214458485
0.002092450746794026
0.002043605890889267
0.0021078203604958596
0.0025069411977677405
0.003796129627429446
0.004304202116935478
0.003828684199644872
0.004106990883463191
0.0035668825645003553
0.004202013502590576
0.003310466794383573
0.004215663794625766
0.0043280969074541015
0.00415038782133408
0.0033880894818248625
0.0032726132248251877
0.0045097445693425536
0.004204955762563754
0.003790669467143934
0.003512666493121185
0.003958540581943834
0.0036863452993428996
0.003997939057400534
0.0043021924485719485
0.0024936679142950275
0.0026833549595657014
0.0032113242561289937
0.00265033585241684
0.002963649360887942
0.0028935339362730853
0.002570374513001713
0.003453398582607365
0.0027515442240687317
0.002863102043350664
0.0012348117886533752
0.0013408023277667338
0.0015054729028030356
0.0011799802022078845
0.0011559918021859033
0.0014566664706114189
0.0014585765592971184
0.0013125542374527227
0.0012566714534568
0.0011783362915610352
0.0038745482589673183
0.0037305677330486888
0.0037021925761662453
0.0034816704515287615
0.0037245166541821006
0.003779075829822017
0.00483789611054048
0.0038951663440572044
0.0034791247598277824
0.004116575266867146
0.00030159665327195287
0.00030681000031933264
0.00025889459355811674
0.00031601589256994396
0.00030817586913610656
0.00026516893986621603
0.0002761300302525679
0.00027860689615080757
0.00028859273655977374
0.00029817479772163013
0.001822400321022323
0.0018527413206950497
0.001899506030188609
0.0018210409115134918
0.0020281933901752933
0.001883417088566578
0.001989201094325896
0.0021144068616828445
0.0020081142009351722
0.002054199370619956
0.0026435053479087305
0.002829119859332897
0.0024374525843072975
0.002872177337630836
0.0026133314625606005
0.0028610286697904586
0.0026463878977042755
0.0028708349429389522
0.0027071024369455473
0.002511944612304091
0.002180815886227379
0.0021880948904644416
0.0023568515407794907
0.0025942616031118795
0.0024564779269392796
0.0023972489589615628
0.0024724504856048677
0.00241906421791753
0.0026436924838208887
0.002288296080427201
0.0017553547139907534
0.00207725945569679
0.0019774969543335796
0.001979326566362658
0.0018514713934298871
0.0015219977964908249
0.0022431209507161706
0.0018441207492049718
0.002144925196309022
0.0020958319337840464
0.001969819028945931
0.0021588537447782045
0.0017669564588445878
0.0022973289189242847
0.0021180498254966596
0.0023102646722401284
0.0023137564189147997
0.002122839039422918
0.001960139864901092
0.0019227097360346138
0.004203598050186248
0.00448986150886515
0.0044435025481111305
0.0040241722221146135
0.004622614543397223
0.0036055055985895626
0.0030336643788796925
0.0033271473141452445
0.004503493417808507
0.0034740244086630236
0.002436679114824241
0.0019106613236136883
0.0024103120686809498
0.0022559825503507777
0.0022383885642723966
0.0017897966987842713
0.0021811976293208686
0.0018808047496986404
0.0017108035497875396
0.0023442624465847954
0.00041787465775826056
0.00044569554992201116
0.0004408903391340666
0.0004400766005670874
0.0004503354583409527
0.00039943676094069677
0.0003958867580411736
0.00034093132875294825
0.0004212576167678018
0.00035776388825611486
0.003484271527808341
0.002731679533004919
0.003129179340712892
0.003074350418271752
0.0027585720167356696
0.002909437414533963
0.003211792958172035
0.003518716008273996
0.003043926937645856
0.002951123884579369
0.0036475257390927215
0.0036699515777165294
0.003671114975847934
0.0037364502064454186
0.003859281092647372
0.0033864004543321586
0.0038462194166111814
0.004360349940418926
0.00398714225795574
0.0036609206623536357
0.002177037969207164
0.002602166462180342
0.0017932864843524443
0.0016966966615686633
0.0023051389895994384
0.0020699197904770106
0.002116828908304361
0.0020083079001034974
0.0014838620891277341
0.0020022228027256066
0.0006369052819088535
0.0007998019091964028
0.0007254766158162593
0.0006684007775320732
0.0006477421193914463
0.000818001120676125
0.0006922219857548455
0.0005724703295325184
0.000787389661206464
0.000639652288920977
0.003500451978715268
0.0029061456583244476
0.003125056906323542
0.003150536872502771
0.0026177797459777646
0.0024436161749293145
0.0028023136580706347
0.0028275955123956446
0.0029740902670416874
0.0033106519052051976
0.00047563241063704344
0.0004571573923414445
0.0004940297253339277
0.0005935618736488313
0.0004265778557878262
0.0005597213779262927
0.0004424880633796596
0.0005675260178901151
0.00046669882919490055
0.0004898203508077872
0.003939107414195348
0.0034631620778255473
0.0031626529695634163
0.003589734917270388
0.003312437736769745
0.003978726179734522
0.003746202524049885
0.0036549224902462703
0.0037854964992855827
0.0035175242403428014
0.00019750256212520314
0.0001923854020733299
0.0001904413089291229
0.00024322481765549626
0.00018876201758848731
0.00018478481658165007
0.00020666288178014479
0.00017663127398316502
0.00020456183583093473
0.00022576940121472443
0.002734362618032443
0.0031920463131275708
0.0028994121619765204
0.002999571830572651
0.00398138459020907
0.003657192637991742
0.0034553238854877245
0.0028634849121697416
0.00352681553164727
0.0033131296941234976
0.0037934899067585464
0.0030137805350345715
0.003198869594959744
0.0030259092058669028
0.003230137005630068
0.003382614619096314
0.00361786195614599
0.0032919107922533184
0.003424713309677573
0.0038955706162796346
0.0014223596048234686
0.001495994762544184
0.0014502498470856018
0.0015307621835661752
0.0014899843467096894
0.001417461032490822
0.0013269778740290076
0.001089331777310013
0.0014073484916687703
0.0014804777157083687
0.00255610794636856
0.002361802297083313
0.0021633991537759988
0.0022387918633834775
0.0022681124701851674
0.0021418091242336075
0.0020846896024493407
0.002212856804478098
0.0026627753860031475
0.002099692776648661
0.0009954227203569951
0.001115670703196569
0.001035292925276191
0.0009440002022907195
0.0009318701668631786
0.0010414291460788285
0.0009431456661650608
0.0010184994238882454
0.000982857590094638
0.0008756012166876265
0.0004445480032559802
0.0005066812584666044
0.0004761146033203464
0.00042232643841266305
0.0005377859815733404
0.0005181096578956005
0.0005138373386992057
0.0006026904855792277
0.0005709082253241117
0.0005052781448033831
0.002413976750452442
0.0021602205655097354
0.001950391164080798
0.0022678321611988707
0.002660765011609227
0.0027703481399475507
0.002467069214297228
0.002561675831067674
0.002461972215301204
0.0021917097681007055
0.00030110367834523816
0.0002617439293756995
0.0003200387185031518
0.0002835842180777733
0.00029659901332282514
0.0003230435791161872
0.00031484693352567996
0.0002862053354143838
0.00029624549203731377
0.0002947829440587432
0.0039192180559156665
0.003213945857501436
0.004211816114799791
0.0038615636398676247
0.002939270787475483
0.0038545715833550286
0.0031885522632726345
0.0038014127742801874
0.00358056331310115
0.003721920736346359
0.0021098676507275956
0.0020988519367532953
0.0018815866682732006
0.0017129778321402986
0.0021612148774481617
0.001848886207811139
0.0018298653601150857
0.001928788308946354
0.0020568288407279253
0.0017148020291410846
0.0029778380482051348
0.0029868057039227
0.003199014433776195
0.003108724915180547
0.003146389933535286
0.0036021678550769557
0.0036077299693586663
0.0039254564333335365
0.0037548298344442744
0.0033168673411006788
0.0030312125781602256
0.0027570513177094147
0.003141110871741071
0.0030877463205163645
0.0029344672348129396
0.0026253926375419774
0.003472463659923497
0.0029769027339097277
0.003307172038369547
0.002891010625210983
0.0003613463123309478
0.0003981042615982589
0.00035970985228506554
0.0004666737081466866
0.00043870707003479127
0.00040512758101313227
0.0004236967098298882
0.00038308486211664116
0.00040797362045477654
0.0004269465794249396
0.0029270326279662645
0.0029372421660021682
0.003001134689174726
0.003036937041526467
0.003075118102139075
0.003160334604373273
0.002447749789285179
0.00235523255592289
0.002981286343123235
0.00279006966522855
0.0021233789461173585
0.0019566302664874267
0.0019434978644665764
0.0016378186760041165
0.002067409311945416
0.0017548216345016252
0.0018374262150637852
0.002066543407768451
0.002210959633818289
0.0017272351210903772
0.002225822087038383
0.002647106884375958
0.002614565600118077
0.002667153199789164
0.0026848757540137726
0.0022831807846366075
0.0024561779158523826
0.0022889443123671606
0.0028200702832928823
0.0025091350423440306
0.0032364826827609825
0.0029035842364061692
0.0027380821424100033
0.003825354203210362
0.0031533059132317033
0.0031837876967056545
0.003388061063625102
0.002815828258976074
0.002862669846091649
0.004056403368470445
0.002652809965540856
0.0028566709777714896
0.0026274455756736723
0.002603902994439364
0.002481666079073025
0.00248874578047934
0.0025061870915029662
0.002534028394134099
0.002500260814722321
0.003122179574592584
0.0018556179542840194
0.002042544518976199
0.002005180349690901
0.0024073366798893045
0.0022295059547263033
0.0024452972922963845
0.0020483674341348723
0.0023772114079228085
0.001982956481970866
0.0022071276247833758
0.0016923973622232139
0.0020923631204057226
0.0018194577793341582
0.0016226682735063812
0.0017971548098503112
0.0017904805898512535
0.0021532125913779846
0.0017629505702372096
0.0016876648397501587
0.0019278578474837375
0.0035116989748896097
0.004311289195583596
0.003724684202327065
0.004056596542857939
0.004278762202170719
0.003941428586062114
0.0038177204050965246
0.003214271736700537
0.0037471414708375016
0.004089309822162334
0.0004280217566707874
0.00040556137392903886
0.000444414414622317
0.00047068770789170187
0.0003992635901983039
0.00041574870573021414
0.0004012334250012965
0.00037179588903367156
0.00040376369879636584
0.00047751335708259585
0.0017718076220920073
0.0014110648240999789
0.0014787539708807323
0.0012480397548248177
0.0016025977350456278
0.001779440375289201
0.0018441366015929377
0.0014308901630917233
0.0016789085716704003
0.0015232996653251323
0.0004237337721112292
0.00034335018822520276
0.00034412703611088984
0.0003670102349745413
0.0004234892117384161
0.00040140405756846183
0.0003523486789542464
0.00041856871682922333
0.0003922944494840654
0.00038066164585469066
0.0031574617080014087
0.0036889324045725393
0.00332937986601857
0.0035653592684386213
0.0033371660791876
0.0034473124447698786
0.003914243113833213
0.003622103617316044
0.003390418213011491
0.003388617229805913
0.0012105528618879453
0.001289295047468507
0.0014684508663977698
0.00152218740505714
0.0013499247372174698
0.0012884332276513883
0.0012562005846309988
0.0012701163511205005
0.0009963694951446343
0.001242831170545846
0.0037184663538570696
0.004322695375791155
0.0038958440230348695
0.0034300478263928607
0.0038661519987821824
0.0037754542609661668
0.004536095628904978
0.004123638868158189
0.003384703139389399
0.003709136130976315
0.003204157883592672
0.002893215632790056
0.0029102244203307323
0.003103471195125621
0.0032925270929520883
0.002816170999498324
0.003164923497901156
0.0032128466270213174
0.00323361192118565
0.0026932989482937866
0.00020299848772185734
0.0002125162433364245
0.00021314700256304668
0.00018837166975499238
0.00019722121524903125
0.00022575984120624932
0.00017878614832986015
0.00022055888564976155
0.00016703472626366587
0.0001941711717451528
0.002285512464261977
0.002976029080228449
0.0027557178502314443
0.0028370853018686135
0.0027216698266571394
0.002741565006530396
0.002451948865671169
0.003036123150898658
0.0023665476365477382
0.0024191774969258236
0.0034379376213353385
0.0030574917958529017
0.0027596298170048717
0.003389263929388362
0.0030645258286943274
0.003228843965775269
0.0035744980862065226
0.0027900220948477326
0.003824675765950132
0.0031107707881940566
0.0032161868068495787
0.0037320929824397973
0.003260386997282061
0.003153352343779226
0.00352476855064801
0.003363492592884797
0.003513142314224651
0.0033893929957687064
0.00418219456390459
0.0038087046332509183
0.0031951246218414452
0.0030257866974698943
0.0033321367129690934
0.0028704727958113203
0.0034417974731383617
0.003121830772949155
0.00305563726132159
0.00293295087487669
0.003145468921551761
0.0033091260052596355
0.0007435650790981552
0.0007554215165129426
0.0006821400624730301
0.0006649698733390035
0.0007703031547960895
0.000743165425787039
0.0006126154122385609
0.0007506200461694693
0.0006346304057174673
0.0007613279956485575
0.001063475624001771
0.0009912838360923123
0.0010502864780792668
0.0008478235731681731
0.0010778636118717795
0.0011591533056045538
0.0009104811269528704
0.001153215513641853
0.0009921954197156697
0.0010779294926482805
0.0036234035050752827
0.003928102464386336
0.0034188383094900486
0.003751099896379836
0.0033469107855497414
0.004193532903498002
0.003414243022640008
0.0037496059477557637
0.004086992633064479
0.002888704616580004
0.0032844900505993864
0.0038300002115507588
0.003669212933477971
0.0035308883751006314
0.0035392802647997855
0.003878665525732555
0.0030508079544532395
0.0037836221260387163
0.0037709451867661667
0.004010941424685918
0.0013130802610854975
0.0017145565693148634
0.0017403411120493618
0.0016218814802676025
0.0015301872655685243
0.0014179475826211767
0.0017709790256467911
0.0016572312912213436
0.0016374246824165317
0.001707501765607689
0.002024599940287374
0.00263944793038044
0.0026266620443158224
0.002695520112571626
0.0027946124995089725
0.0026116675879920667
0.0024795278165429513
0.0030716747087980566
0.0025843011226421445
0.0019220420567661605
0.0030294078096023205
0.00306080929049972
0.0033262253595026737
0.002369890826341302
0.0031286510946225837
0.0025334093175352537
0.0029880517733050374
0.002747936434013637
0.002424885728563759
0.0026319516120297285
0.00020564260424983698
0.0001629686378094184
0.00019273061171147578
0.00018277833056472124
0.00019463742767495117
0.00020966911153959446
0.00017026585854588598
0.00018469575734801763
0.0002147380248422371
0.00020288375102985983
0.0033592726330802223
0.0037593540470791486
0.003383840415149744
0.0033422777123146277
0.0032184729358216264
0.0026551204625825434
0.003183503379476177
0.0030078529781302696
0.0034096094450408376
0.003249303266704697
0.000743940865847127
0.0007562391357889671
0.0009119507841262994
0.0007101522398014864
0.000917082687399963
0.0008106425561732401
0.0007630602987355522
0.0008069640678791872
0.0008791916444076104
0.0007147442032509904
0.0011949015945692493
0.001473154112178975
0.0015215550511416909
0.0014418631544123412
0.001385148010523123
0.00143911837871525
0.0014679358281485045
0.0012181589301207994
0.0011682638646427958
0.001286344388905102
0.00041968086202040636
0.0003870558134102797
0.000378306527769807
0.000388339990682692
0.0004295067668079177
0.0004176903653435835
0.00032989545190079155
0.0004948749893594074
0.0003730510557270749
0.0004287334558102534
0.0022320132854364277
0.001962127292472605
0.001985248841735185
0.002189096152409588
0.0024622622787894887
0.002105753353267856
0.0023141253139546533
0.0023690088505618303
0.0022855144378398536
0.0027486364757969
0.002840101694698771
0.0023243737869172833
0.003048130295438896
0.0031658194337500353
0.002705568358081483
0.00249508344622198
0.002268298554828811
0.0025335072573747356
0.002749615950896473
0.0028584528859322746
0.001951425089295982
0.001526532010869178
0.0012716066973674483
0.0015606652060489153
0.0017211743679866583
0.0014897090328081454
0.0016266811229221584
0.001350649566556044
0.001558788060552928
0.0013712189488516533
0.00021797716415442918
0.0001866515232378415
0.00017632503998903502
0.00019694250207471747
0.0001940453650768541
0.00021482591623531194
0.0001853589127331858
0.0002057124808700824
0.00017072476391390585
0.00019208512574297453
0.0003946652762235274
0.0003632631517520004
0.0004016021643410877
0.00042781177241899124
0.0003618285342764959
0.00044571899418707674
0.0003733342045624579
0.0004113324918467382
0.0004208078529808604
0.0003798464939538899
0.0030903169766313353
0.0026555326855143145
0.0026562710286986814
0.002681731111814362
0.0025048292231850387
0.0021816401138313995
0.0026346527845345275
0.0033344276915186696
0.002649152674518638
0.0030953485371798053
0.0025191497315173394
0.0022264874583997046
0.0026873841748109232
0.002482429817691528
0.002823081415138172
0.002170785539538197
0.0020606846736074347
0.002309426403959865
0.0022345664466882427
0.00223707156697703
0.0033139441356120256
0.0035713134685894645
0.0038556100240954346
0.003936407223162916
0.003551289225620406
0.003043189918178584
0.0034248003788696123
0.0034347233782647106
0.0034286570794395755
0.0028752302317297776
0.00034806318703276814
0.0003675481040034244
0.00042721945866955904
0.000357276086824892
0.0003364049031163742
0.000477132178228026
0.00040598265098640843
0.00035147523891289524
0.00038639518244214656
0.0003598768442318666
0.0030504982935516583
0.0033351240458629637
0.0030870806505408515
0.0031693364074242935
0.0033023639185593982
0.0028677453603605115
0.003021097290691468
0.0032037888616160215
0.0032100980253419375
0.0028928787689305874
0.004285208354973868
0.003320142883796487
0.0040254963553752144
0.003782752976402289
0.004231771092001349
0.003939496554441652
0.0033603090763093353
0.004113332863973536
0.003973301185100319
0.003413884371162833
0.001572597112242892
0.0014510325718847356
0.0015851554300794098
0.0015749926701584486
0.0015093835512525948
0.0013041425440278873
0.0015106148704605825
0.0014203331859008095
0.001669977525778795
0.0012640702180976822
0.00035471756339082493
0.00042695110581778564
0.00037628766863355016
0.0003970400707888148
0.00039185160472144704
0.0003470513348853838
0.0003755048784125679
0.0003915309413148911
0.0003444386116879963
0.00041028782924496036
0.0031747233457781136
0.002784592691035287
0.00266948159344956
0.0033916494295101606
0.0036710058550498445
0.003182911212118933
0.0035778143595768756
0.003203669348733058
0.0036290056001268512
0.003035820531181109
0.002011368134428117
0.0023121633098035104
0.00231391383856106
0.002367345553068793
0.002267225490370937
0.0029000308556867893
0.002152516203481488
0.0025374711435641292
0.002163006846391275
0.002853904459474627
0.0037057888678714763
0.003383049584083433
0.00371419652665828
0.0038204692914744183
0.004091169558083435
0.003437345839622911
0.0036675677973632102
0.0036409996920333423
0.004725114208457047
0.0034791981618546228
0.0017554704566464412
0.0017087014282561983
0.0018908215317664384
0.001895532594596987
0.001971730963198974
0.0020617259385939343
0.002311203652973317
0.0016510766690989445
0.0020926193351662654
0.0021338070142365227
0.0009630453859936141
0.0009126692970273915
0.0008418005563204586
0.000925536167514183
0.0007610190869337376
0.0006425915867312344
0.0008056572322179126
0.0006928579520400504
0.0007629094770827379
0.0008613465300880926
0.0034614688020652602
0.004039827942061802
0.0034383082272872838
0.0035411348540974994
0.003284027898089906
0.0037378812868391286
0.0036725900813707577
0.0038407860355277874
0.003434792628968604
0.003508790533576312
0.001457637015445221
0.0012825380979006322
0.0014134222696831882
0.0015261080029911052
0.0016788326417643317
0.0018632379337559044
0.0013301934584370027
0.0016797796793993386
0.0014866191509683086
0.0017702010536875005
0.0035263079265681102
0.003931110642396825
0.0034454944915172946
0.004169538231201538
0.0032262640825820366
0.0041395797774277645
0.00292863751749032
0.0036909346479621374
0.003950875864589532
0.0035903647894786925
0.0036909012459214316
0.003062395690588545
0.004105436397449588
0.0038036345274386047
0.004421978405022771
0.003850820173770692
0.003523363481623869
0.0038881012294318174
0.0038550761837793245
0.0033293242889999557
0.002182509330632471
0.002483094259226569
0.001991632103937853
0.00243558006075876
0.00251027030776377
0.0022681201345126347
0.002392156062038381
0.002440449966876561
0.0028245379092956507
0.0026562826081702354
0.0037850299703194455
0.0036091780856702315
0.003328612303502771
0.003522343548853185
0.0034898121309824637
0.004148992343909356
0.0034058962367293504
0.0029888019471515713
0.003450728153822055
0.0035676537207246384
0.003699467636817931
0.003300658018183222
0.0033227598962904774
0.003247264498292055
0.0038004414902557486
0.0033379517199330377
0.003633295263868829
0.0032333282739033433
0.002992636203073967
0.00334193288967336
0.001629369362981447
0.0014480870784185575
0.0017710578506923303
0.0016015992094053325
0.0015429855631084234
0.0016443720114510266
0.0015868106418224905
0.001541021061962721
0.0014709293126380864
0.0017706983989071786
0.0032669797463837726
0.0024118863308349417
0.0031037503113202788
0.0027437267331435282
0.002929544029202332
0.003308221929238019
0.0032841637817049413
0.003229329542769191
0.0028954557412827864
0.003224520049510225
0.0033202300851451895
0.00301709581630713
0.0028686472633559935
0.0037954074735960935
0.0032725956075008735
0.0032842077785763973
0.0036315265567288314
0.0026940150022460637
0.002643596195845991
0.0024768909622521103
0.0015510832103543552
0.0015424277253136684
0.0012931123389802383
0.0014017090215011363
0.001206199462842584
0.0014573094925695825
0.0012928759691071558
0.0013465772716232955
0.001282906952352273
0.0014616245132788564
0.002397962723763467
0.002736909099665476
0.0027997151416994555
0.002619175466434402
0.002096774415773399
0.002565507788856543
0.0018649445215264187
0.002773452513583083
0.0026235331754706458
0.0027855232890115884
0.0027791966685574974
0.0028949247698337116
0.0029568288842710747
0.0035012425765189596
0.0028128031716133277
0.003153744833753693
0.0032357714452815327
0.003123420485128215
0.003517829388909587
0.0031796202776729473
0.0012382900867011389
0.00149849071817008
0.0013390493215151096
0.001479563746719858
0.0012032418127759193
0.0012881093569495064
0.0013261638339511228
0.001353329097760922
0.0016194349717916963
0.0013355727432811369
0.003497226212718756
0.0039051494219036788
0.0032130070820195027
0.0036022549230844184
0.0030292418214334436
0.002633359404904384
0.0030032130630549335
0.002813091422417054
0.0031229860412287287
0.0029822051916990016
0.0010384841934681288
0.0009097179372188626
0.0011187319782577894
0.0009794723127426336
0.0009835304035325202
0.0011551323982598484
0.0010343131247416493
0.0009593401061335656
0.0009924199593348468
0.0008993169333561842
0.0020048613300929392
0.002147315974042957
0.0023631615745922574
0.0023674789937037006
0.002399048627917
0.002657310688786703
0.0024681333238043787
0.0025528281135197175
0.0019194952636352313
0.0021133552316337854
0.0030050167066514324
0.003217279016121151
0.003269684830954487
0.0023921380876279694
0.0027512935235537253
0.002456552694631268
0.0032631182170388597
0.002525717437061925
0.0027066278399344927
0.0027862722901626745
0.0020558088984113224
0.0017189187182168448
0.0016459054925493772
0.0023001760852694427
0.0021348755401890793
0.002320184191247551
0.001726696458432048
0.0017673139853822567
0.002158576245733924
0.001666752523745294
0.0018757563460221048
0.0019672239408728607
0.0020539057420872653
0.002037044336073197
0.002065729307358341
0.002015364027258726
0.0022022118633493962
0.0020788249377642677
0.0023084885525059477
0.0018961357480395203
0.0014924707662928279
0.0015885102042183924
0.0018473111778658942
0.0015569159838110715
0.001641893229793201
0.0015134538773629981
0.0013228846681709928
0.001688697512916333
0.001435218444064326
0.0014953748025439292
0.002000979016203154
0.0022573913417364005
0.0025738122191931714
0.0019029525571540007
0.0018612537884637862
0.00262877833186812
0.0019719714695525937
0.002384679388752886
0.002481391055608245
0.0023378008078142605
0.0011416100424901667
0.0010906939368795368
0.0012057240325493875
0.0013015784764006297
0.0012860344751842157
0.0011493633766750855
0.001257215271833922
0.0009164506841783425
0.0013180683308511643
0.001083593121083119
0.0004917735348318208
0.0004567164444261821
0.0004918631543531042
0.000542204894568648
0.0005146007787930399
0.0005154614084964405
0.0006108795647029769
0.0005013183612656786
0.0004897819256423893
0.0005447828046532489
0.0029222248386474923
0.0031670051031414456
0.0030992716945633
0.002733581406288512
0.003193153750324487
0.0032600790866337665
0.003293835472629945
0.0026151163124506307
0.0029192337470450337
0.003007197474499623
0.004131554287560488
0.003729770335410221
0.0035589687889923858
0.003997250840611215
0.004149193874406075
0.0038758780293021056
0.0032638219843837716
0.004301882812239288
0.0037198856455880427
0.0031727828876993948
0.0010976770831941161
0.0011552772569256799
0.001214552826521084
0.0011891631994607162
0.0010088920316833109
0.0010904065036151096
0.0010915030534621576
0.0009661076061928311
0.0010346810134522402
0.0011628030644886052
0.002616776561195254
0.002625536090668089
0.002219394231739967
0.0024054110627592926
0.0022924561069795624
0.0026446071444149255
0.002652591392613283
0.0028969183543612097
0.0025678870402305607
0.0023418146523929272
0.004148416420709904
0.0035810472686882383
0.003429362003649451
0.003020628183450075
0.003264989633352913
0.003186824061804539
0.003783376746288348
0.0030266384029433912
0.0035348398288605463
0.00379242691844605
8.633834570275848e-05
0.00010658555281874676
0.00012559521799909785
9.182433618411231e-05
8.953473250613607e-05
9.112409060022374e-05
0.00011788112291952144
0.00010626138311699096
0.00010851658635413638
0.00010755280184550745
8.421749872209607e-05
0.0001163252559838359
0.00010818851351894242
0.00010572135573155832
8.459736572242527e-05
9.408279596609223e-05
9.320238616585513e-05
0.00010476558059279626
0.00010090469436506472
8.945220368219594e-05
0.0019700214147439473
0.001758219492384704
0.0018214638311160921
0.0017778309813207954
0.0017541356292249733
0.0021663882432777994
0.0018913603110957626
0.0015944604631556224
0.0021476111260555677
0.0019330648533824734
0.0021596967620536485
0.0020984493662538823
0.002282594991849068
0.001977158378244567
0.0020969450214919083
0.001658106023621102
0.002056528337558537
0.001897520927449756
0.0017549229584201181
0.002203251898865403
0.002454228881052527
0.002206647209514066
0.0030503374208753716
0.002621446941691333
0.0026736817028274722
0.0023938370338887054
0.002792449267489094
0.002429371435808409
0.00238215456814021
0.0022145046675562914
0.0011639904185870614
0.001116037733590688
0.00088509503075072
0.0010206886119533934
0.0011214157492770392
0.00108127202950626
0.0010358008589165914
0.0009850857469656741
0.0011636096254628307
0.0011547228440194788
0.002065298504519644
0.002127320567972712
0.002034671070343527
0.0022199373913174072
0.0019590116934452904
0.0023814851665939054
0.0022612897368696734
0.002527271694242085
0.0021401516223780513
0.0018594152079421918
0.0030241219750346765
0.0027381634993042317
0.0036606801755429863
0.0034510613887858885
0.0035988941041562054
0.002419645873204367
0.0028723365438710403
0.0028581383260234254
0.0033487315548483268
0.0034788609361474936
0.0018619810689463523
0.0016304483548437384
0.0015565742472133713
0.0017728576721348333
0.0016329951699441275
0.0018496845208178189
0.001827825065159737
0.0018039105827154433
0.0019361310382819158
0.0019351042661616053
0.00273992055481992
0.002371036522318664
0.0024711105506200234
0.0026781118712842916
0.0029304805376667363
0.0024778004982740436
0.002511106550397678
0.002648081268247142
0.0023139922595753364
0.0026205012890650123
0.0003253010687467015
0.0003285154768570288
0.0002742508239874703
0.00030096753428521684
0.0003096849170976488
0.0003228656864673902
0.00029348282433538697
0.0002757746535028801
0.00025914237167820803
0.000313524103327902
0.0018369683395664997
0.0014384928948929171
0.0018312595299612203
0.0013759690113426223
0.00194596394518929
0.002060237533535717
0.0015657615994848608
0.0017135124803683037
0.0018913035535146703
0.0016594123471895086
0.0026217292193793013
0.0020709383048675193
0.002427012082059096
0.002143341473744477
0.002742661642801453
0.002864530587356525
0.002292478216842223
0.0023116878510072063
0.0020160368380378216
0.0025372045657058315
0.002186325223479582
0.0022296329446860855
0.0022542820797816355
0.002340167607782837
0.0022306456787849196
0.0016846081519332002
0.0020779876629789997
0.0022080427390145044
0.0018611371014383032
0.0018054354280107804
0.0029884226265852404
0.003384662943667441
0.003402250180494007
0.002839892095190164
0.0032518438865925606
0.002722223906043161
0.0029072950077655628
0.0028352910635625218
0.0032104625339426105
0.0029464427835331364
0.0030745410192131867
0.003459022378159251
0.003446380506612401
0.0037379558329982696
0.0034762475818776064
0.003413380334080963
0.0033940482976722946
0.003417640183199574
0.0037423194846226363
0.004003277512262637
0.003219222704147048
0.0030686598774217933
0.0027771879741488384
0.0030038647124492903
0.002746313607618215
0.003000771091289844
0.002622596306637583
0.0026201867532324127
0.002784669514985932
0.002974830121063537
0.0010363311211231338
0.0010763708682963243
0.0008806070530097548
0.001032591174141862
0.0008427175864837372
0.0008517602946182116
0.0008777099207462565
0.0009136552556371342
0.0007619387032961317
0.0009464782506135186
0.003919483521446989
0.0029968824517713167
0.003720679479645579
0.0030881317154664635
0.003973935695800474
0.0035871676943069098
0.003824288978605959
0.002881037029006302
0.0041811181698113
0.0029730604692039175
0.0009029096840479434
0.00117211195149129
0.00109826240381865
0.0010553789926359622
0.0009426274009419629
0.001066192973479786
0.0012297311287400286
0.0010834721001430094
0.0008887435250596556
0.0009225243204435137
0.004161727227266445
0.004004122337313754
0.004167787803484232
0.00369358043052164
0.004864980324354057
0.003383066963751993
0.003671900428268903
0.004051795070252391
0.003979239250722255
0.003499484635004143
9.460807864211063e-05
9.695110246388785e-05
0.00010594713374351089
0.00011595561155955575
0.0001061459794238974
9.800120346317762e-05
9.501859908542639e-05
0.0001042151445068269
0.00010980427527310942
9.88322554606382e-05
0.00019535421200089062
0.00019649091332514372
0.00020164470310733313
0.0002087425382053492
0.00019468204747208342
0.00021375438783042392
0.0001961604813494127
0.0001672576735318531
0.00021419510814524125
0.00020850582352925046
0.0033587962662528594
0.0036050432020789877
0.0031827924226432904
0.0026266634830113688
0.0029294865944911584
0.002829663701400706
0.0032012715304804724
0.003850279427029889
0.002755468576411049
0.003787018410831262
0.0006368611539860041
0.0005862633251329882
0.0006547856165984071
0.0005422667784071205
0.0005953827013049121
0.0006421270142280357
0.0005921904440953114
0.0006483416594873291
0.000587057604836541
0.0005653917504281697
0.0027034752647996656
0.002388541481703879
0.0025580736112476876
0.002539965363168765
0.0022340130851376113
0.002276010205559727
0.0030379267768221485
0.00244664712295286
0.0023072938548262217
0.0023770880191906927
0.0014396127732617574
0.0016201680939812693
0.0014733693535151512
0.0012444035275376443
0.0015400711522279985
0.0015954612613205573
0.0017930874882357381
0.0014673977752640757
0.0012785544041029257
0.0016798079898925286
0.0021852483776672923
0.002340685978415973
0.002145993460611733
0.0027330063831445465
0.0019792608283109832
0.002516918496697814
0.002226450863527476
0.0019282848596756728
0.0019330483732053435
0.0026728288046690882
0.0012739543087737692
0.0011219004095873062
0.0012399033513489277
0.0014350287826597828
0.001261318627216001
0.0014528865239419409
0.0010886691070511308
0.0012565978468388184
0.0013500791016202425
0.0010579610014428665
0.004063914848608212
0.0041619713528228165
0.003939316507404916
0.0034400773989520343
0.004320394439795995
0.0035373382790074796
0.0032571393290340167
0.004211787452159338
0.003680786000472947
0.004264973593305287
0.0020125025131881805
0.001660405348887419
0.0016815414686749072
0.0018307325797608412
0.002312986912140142
0.0017364467881258862
0.0022169419464701835
0.0019965337717895346
0.0019506514173890613
0.002163509802944601
0.0010621797570581392
0.0011260994606439529
0.0011231797223223935
0.0011277735246954341
0.0011703357577398782
0.001411274049761138
0.0009952892736500862
0.0011863050884799078
0.0010213221516847195
0.0012581238456986844
0.002844931744536521
0.0025952857413935795
0.0027762730376776974
0.0027226512065682876
0.0030210474982558556
0.0033055652525937115
0.003622233784887449
0.00353515464669758
0.0030461728003042397
0.002461030974737853
0.0024834361585385546
0.002665059486737479
0.0027642701988801113
0.003008027655834294
0.003025690126619503
0.0031458208344098382
0.0035143021336967372
0.0028384328867213067
0.003193339035630006
0.0030316680993313673
0.0005040065022960102
0.0006758653955129816
0.0005974801804991662
0.0006589336668577923
0.0006855224045265606
0.0006099603166073305
0.0006044357193174621
0.000569552707909623
0.0005572313418707862
0.00045990549175821074
0.0032702894052442336
0.003111029128724829
0.003201928219741459
0.0036296396623027704
0.0024691366947917058
0.0036449813620120365
0.0029809158803319772
0.002611661116060358
0.002659175341562062
0.0031073115742187773
0.004104339234500137
0.004127350224926871
0.003774001761713343
0.00417523980830475
0.00334918632220386
0.0037033210121969065
0.003756248948440717
0.003918682057895882
0.0033303469269099495
0.0038115823530333105
0.0033105765837521273
0.003907302847991828
0.003364461027152885
0.002959562231744475
0.0035727971559861376
0.004445293170672138
0.003421896088755951
0.003280537894081614
0.002980948524182292
0.003776822520959204
0.004150107608710735
0.003860975643279423
0.003962627929288845
0.0042228690700726575
0.004104974501865689
0.0034767761844033147
0.003797291797871731
0.004825231502476025
0.0036904595948092957
0.004001977762490785
0.001079650244458606
0.0009160945058173978
0.001095272312576735
0.0012018203739313752
0.0011842025233239869
0.0012334488228834834
0.0010665196204973605
0.0010460096060606332
0.0012604689841262415
0.0010950207871713439
0.0026078057220916876
0.0029123827144738133
0.0024263471600208778
0.002653696957497482
0.0026456260547648137
0.0022786790017395213
0.002477420797460162
0.00266814534164601
0.0024110501127447455
0.00218672621554747
0.0016480719147679115
0.0012350323833708187
0.0018187886024263306
0.0014727930594762826
0.0016188598156424607
0.0015274844005929422
0.0015640658045689498
0.001553398265112511
0.0017075890257349745
0.0017403907266188151
0.0016003704500515922
0.0016543953018718915
0.001968623950022847
0.001953866482468732
0.0019003439023708563
0.002023657597141113
0.0016007916021228696
0.0018210541804652273
0.0018964564447885757
0.0018497787718577173
0.002636072314653016
0.004269059266459945
0.002288784257397247
0.003051581007109708
0.0028161407658742104
0.00303632132414408
0.0035442095788595284
0.0032538557192935236
0.0027768802719255093
0.003635045729690079
0.003764785796336591
0.003644758266408394
0.0038362974023637823
0.0038141425492859405
0.003581579604457045
0.0035508574261025492
0.003767323585708003
0.002661697329219505
0.0035194909723466343
0.0031349829865082446
0.0012293767326357178
0.0013186112448805134
0.001190901968452769
0.0013880769547045392
0.001184718646160634
0.0015726964209876611
0.0014655328451498564
0.0011397891831717525
0.001379761506980992
0.001112974349262459
0.00010410929931316315
0.0001101073399367487
0.0001002421190824794
0.0001051404930657223
9.838387176970274e-05
8.853536571124646e-05
8.327028950809955e-05
8.990645026404499e-05
0.00011660875875311334
9.272144617568137e-05
0.0025878880670949234
0.0024651953690074304
0.0025040061109987606
0.0017763389896870514
0.002610448252104729
0.0025484946893169535
0.0025395591140684425
0.002645667675052038
0.002727494830494317
0.0026509659877301745
0.001511411057145756
0.0014889984133667799
0.001223832088094962
0.0016003360002469333
0.0015770336743899593
0.001280584096210091
0.0016992432835198077
0.0015686660161777083
0.0015900235619003761
0.0015780542655599273
7.871716712966757e-05
0.00011146875138082268
0.00010189336811607508
9.282723530210237e-05
0.00010849383277904735
9.640380670330009e-05
0.00010142239852565697
9.870621514888001e-05
0.00010693859115417522
8.859898969487966e-05
0.0039017365024787997
0.004563016143582133
0.003533691163821433
0.004184424701889358
0.004204434709431873
0.0039058288376001104
0.0036007376567281733
0.003840084873662595
0.0031725788298707183
0.00389432891378808
0.0023165161035171864
0.0029324752909188666
0.0025844609191701326
0.0022917891147808903
0.0031161935765327054
0.0026182866632070436
0.0026161743325704674
0.0031356923031585315
0.0025927200664872968
0.0027720979430986372
0.00025835328045707023
0.0002606787720738925
0.000314231214499819
0.00029138130989152857
0.0002926110617288358
0.00029852411287497
0.0002929213786730728
0.00029969988628145687
0.00028146565342970716
0.0002825546531891969
0.0004134990883909572
0.000350775538818079
0.0003498909981305587
0.00037529730742570194
0.00036760219381944993
0.0004495612966328057
0.0004282528344548767
0.00035764187784771906
0.0004019803710203707
0.0004546828169808723
0.0033940195953757477
0.00354586452186156
0.0032249380353742535
0.0033585580656539703
0.0029914996660486376
0.0032515443018288877
0.003089514290044172
0.0031481276054164337
0.0037933649909177337
0.0032610782909713925
0.003205614114099203
0.00333604728897865
0.0033899135128918575
0.003087899790139083
0.003446326172367623
0.0030251989427123377
0.0030007902714233483
0.0032872694517984153
0.003281820452677118
0.002634636946445706
0.0011832372094284181
0.0011013079401917586
0.0014280823326166196
0.0011167431217723475
0.001198932144446277
0.0012157335832861864
0.0011277196810135525
0.0012779912797461189
0.001043268884469521
0.0012804594696217081
0.0005680067217422418
0.0006044299025150949
0.0005551694551750084
0.0007385632859456826
0.0006540272947036714
0.0005955821747336204
0.0006397623341919152
0.0006679711313312298
0.0005959109169682076
0.0004475852565691285
0.0015179468651091597
0.0015134610837121416
0.0015881725305982703
0.0013366592856070758
0.001474482771225281
0.0014212354880664836
0.0014359005656471087
0.0015122078537663957
0.0009812100161329914
0.00161314912140936
0.00030347257019692407
0.000341807604050963
0.0002489960297817021
0.00029930891764004666
0.00027125268913786205
0.0002917529241688612
0.0003151785737074884
0.00030910335548820926
0.0002666563520861872
0.0002537937433216346
0.0016748873855082582
0.0017554223470226773
0.0017736582492136647
0.001790481337252422
0.0018403779694217577
0.0017922429480016402
0.0017519107390303627
0.0020487271396329057
0.0019991223436653365
0.0018899713393604749
0.0034547005714236057
0.00397441089403297
0.003606035038567004
0.0037172249664829795
0.00247347348030931
0.0030426853462168398
0.0036803328215749154
0.003629524466363602
0.004242621189092735
0.0034962262098769906
0.0035374458976018346
0.003609253662477938
0.003991943102958886
0.00388377703027393
0.003064282743824417
0.00337668433763846
0.0033995834282159847
0.004839908139054632
0.004300366147309797
0.003602827904174917
9.461506762992614e-05
0.00011764412942661244
9.874881958097342e-05
0.00010412029887435236
9.780491285760919e-05
9.53894748943429e-05
0.0001069405034337379
0.00010784290338682246
0.00010628142349227363
0.00010919788099480646
0.00254020062268894
0.002893607072489573
0.0023994410904136097
0.003294932180095422
0.003019259477763301
0.00268435604962819
0.0025503587460391935
0.0023893527128589216
0.002127042114513698
0.002193673744827166
0.0012865193693208155
0.0009991987168620244
0.0011657667045193595
0.001250735272940724
0.0012178030360217105
0.0011380579464327653
0.0012226578879916212
0.0011105771309784427
0.0011748846701439251
0.0009475952198279585
0.0002741562249625966
0.0003253639565948244
0.00027887544283907405
0.00031702203585617033
0.0003069668670633473
0.00029851237999871947
0.0002939644802399083
0.0002889379199407952
0.0002875843508819719
0.00031063926478058833
0.0006917318374448008
0.0008481300367373427
0.0006791363127816247
0.000543125802769596
0.0006921072308803223
0.0007490678294803572
0.0007624653099533498
0.0006843519077221168
0.0007350869503941777
0.0005273836947867689
0.0025162799037476867
0.0029284408976097977
0.002570210972075208
0.0026716259399552937
0.0030469620811706863
0.0027596578856508066
0.0024480078709475947
0.0019658989578193757
0.002914675896971175
0.0031472881403260843
0.002430388591708571
0.0026640407031110567
0.002378669854366437
0.0028237484485558718
0.002543827375765138
0.002020357732827145
0.002953584647011795
0.0025935894219209486
0.002506258342169619
0.002684474502889738
0.001664142629898601
0.0015650976713953108
0.0015434426064218833
0.0015143303071113968
0.0013515291885536872
0.0016161467125404923
0.0015034650288899458
0.001713208395254856
0.0015404963409950923
0.0016010478369037845
0.0032049395223067156
0.0030277227329158387
0.003020123361783424
0.003264419092587664
0.003072099591229746
0.0026041782365128843
0.002916250502840256
0.003379218574551535
0.0033544318828239274
0.003442616542349524
0.002521341711044475
0.002369442306007401
0.0025029003196259092
0.002256768649122743
0.00264071436239608
0.0022183286919780433
0.002467070024138056
0.002302137202199555
0.002431783254954128
0.002235773103852703
0.003592999218654937
0.0034115127990497303
0.0033857320641664888
0.0031156201502271093
0.003385430539849826
0.003979687919290646
0.003678371279963889
0.003610635967064445
0.0030445623792613443
0.003352016278544448
0.002632916092770247
0.0029542942617486454
0.0022345837796666993
0.002784548569646814
0.0026554427127426098
0.0024764507128989003
0.0025568768185324333
0.002439773903775184
0.0029849580969822428
0.0029519492935863715
0.00041721483091925425
0.00036980278179691596
0.00033977493449879225
0.0003952413026062239
0.00042715715802234575
0.0004060993356708873
0.00034823024227645074
0.00040840395593969334
0.0004498095264816908
0.00042746968430054205
0.0011624413636482397
0.0009457733231337507
0.0011036653644072054
0.0011119579105127884
0.0010556593468971612
0.0008992043825773697
0.0011062709760900876
0.0009768383350108635
0.0011261287819585143
0.0007839125910847209
0.0024383963165637733
0.0026103360304083807
0.0024756038643881082
0.0023146670564619977
0.002561634121512591
0.002895552790395623
0.002457341249901504
0.0024170454678908966
0.00288552368343953
0.0024402543988821324
0.0015115592235379243
0.0016735373129118155
0.001795907913299939
0.001783925896383557
0.0013370983333706782
0.0014880639702208969
0.0015266820951257867
0.001766005162172083
0.0015331860545188493
0.0017542124528608521
0.0017491315469259877
0.0021183304064167283
0.0024553416036608407
0.0018640147693828031
0.0018932472250256563
0.002228424631991595
0.0020105854839792534
0.0021550776097597497
0.0019111707440242487
0.0020202615182427284
0.0013935993840313323
0.001260934857026509
0.0011521692006480426
0.001213318638760447
0.0010723352762550711
0.0011029171626851203
0.001411805904161175
0.0012627456610886255
0.001192107941097086
0.0012058238088650183
0.0011069713205760525
0.0012867765776305238
0.0011946182145594856
0.0014429279174385172
0.0010973741402429968
0.0009904856731658672
0.0011976874647306828
0.0011472596111184027
0.0013382374430953188
0.0012945772651889954
0.0023418593419676503
0.0023480631805762064
0.0022109953869214206
0.0024629743740817982
0.0020868167693519654
0.0019315348964893883
0.0023692523099792377
0.002228100892028194
0.002070836711846901
0.0020142229029671277
0.001492620543941133
0.0017094045806575657
0.001299372784425922
0.0015828557688641527
0.0016303054402012102
0.0014156692895149427
0.0016582010162148324
0.001733007057473448
0.0015012851969661634
0.0016584029186130888
0.003971644956535584
0.003911185763620508
0.003419175764368302
0.0034709290321631205
0.0036301240153644196
0.004173480790310163
0.003924832390562127
0.00424049652853706
0.0034218775281274227
0.004522221944686538
0.00011037285766407423
9.003596009572799e-05
0.00010005877242314553
7.630284861310176e-05
9.161904518481705e-05
0.00010389728558224039
0.00010231820451001995
0.00010195311029428261
0.00011357606513104406
0.0001064167637193553
0.0005511195928828716
0.0005432353524917249
0.0003707085223038393
0.0005439220160382446
0.0005089113709295247
0.0005068980072223773
0.00044991813015096986
0.0005337319165991678
0.0004963421938805313
0.0005348721632538164
0.00044010426272700896
0.0005313503446111303
0.0005835481920914666
0.0004621408837148428
0.0005273444705431846
0.0005479863617853414
0.0005972779137132101
0.0004989988599448631
0.00037506155663323006
0.0005503443873152388
0.001537815179935044
0.002146543041606319
0.0018233594753969753
0.001915446737799813
0.0019617450074581573
0.0018527739276935555
0.0019236871927520143
0.001634310929319991
0.0017668669561908324
0.0017227936737213634
0.001346458588352996
0.0013423419098623208
0.001756001176592328
0.001468381514559672
0.001482225219729853
0.0014406103727265876
0.001646761383838789
0.001607095963230929
0.0015314361905219129
0.0013002939372766232
0.003693675654653272
0.004210776051921248
0.0035506406391572435
0.003928995548769561
0.003367132454815982
0.003219475662327238
0.004242597407516517
0.003909833130408301
0.0034071456624988365
0.004041556882036228
9.481358619180612e-05
0.00010269718013497689
0.00010080730353831987
0.00010387478293633526
9.871220003765159e-05
8.932160584268767e-05
7.87533480989366e-05
9.060349799442503e-05
9.79174271808401e-05
0.00010739806582890989
0.0008631853076389219
0.0006614042699754681
0.0006824957602121228
0.0006834610034028727
0.0006028223004124135
0.0007382928047892033
0.0006217847542715104
0.0007503874784758235
0.0006605834947266622
0.0008406732310145469
0.000771430780523927
0.000828526934531418
0.0007968469501430286
0.0006971761587327226
0.0007800610871452411
0.0007962627324727498
0.0008471918823591545
0.000800270529942425
0.0008591532472792359
0.0008312830636823069
0.0036062085479618114
0.0036967390424489945
0.003842554240009925
0.0037591605083047946
0.004000778120427477
0.003835327738474707
0.0036724344832900317
0.004125135821422393
0.004016904935058607
0.004999469362576231
0.004110984786528789
0.004161219226720438
0.0044328769536082155
0.0045258554913861024
0.00420049901077433
0.0036364973260098856
0.003973400029066635
0.0035445659069816226
0.004031829230726778
0.004378162812578829
0.0007594529325912547
0.0006160783749642577
0.0005869700119684492
0.0004887579756782654
0.0005673200157224012
0.0005359870854859064
0.0005507106749165004
0.0005244611863057502
0.0006190755097015805
0.0005947757372128935
0.0002953189923414559
0.00037628103869429046
0.00023764513637177805
0.0002679630948680576
0.0003364398851578178
0.0003215659222656691
0.00030183706674091125
0.0003382144438299292
0.0003612976698556419
0.0002961824810698259
0.0026478160084692746
0.00249751477300028
0.0027604351408985067
0.001906786119065992
0.0026437353204318893
0.0025223713547505855
0.0025774440517415597
0.0023616129549592075
0.00289546205067751
0.002773567772682465
0.0032001502030047347
0.0033139767567466755
0.003500772958942347
0.0032276410789344413
0.0037764992959992516
0.0040115589478379055
0.003263817031699638
0.0032824021935404834
0.0028239294797534143
0.003770396221827047
0.001099243442789958
0.0011824238793277041
0.0011141786681466749
0.001085818333693708
0.0011884787646417154
0.0012115043225634108
0.0010709804525238622
0.001197995898394024
0.001013697671970652
0.0011936370228086111
0.0012213995274035286
0.0012400663198736425
0.0011935178629896733
0.0011807269701551509
0.0011590555874549699
0.001160186211277669
0.001253036386625464
0.001256028533784313
0.001302492573119049
0.0014297517532618717
9.402219381093418e-05
0.00010779677759639508
9.767708288081055e-05
0.00010659895906574637
9.859362542785023e-05
0.00010321280203914278
8.986079955351182e-05
0.00010204856154337768
9.321386029198881e-05
0.00011945984414303647
0.0046101600228268804
0.0035880804047783007
0.003481560495393152
0.003963362203704229
0.0037637218036636584
0.0036601087891969934
0.003465767357521355
0.003973950048627634
0.003995139176739927
0.004153410168054446
0.0012172470465370202
0.0009864646962098394
0.0011181336884123444
0.0011680852145654393
0.001123035788629884
0.0011407328093195697
0.0010180568695014921
0.0010973703668788852
0.0010899363171814355
0.001141940347628112
0.0009589229384828342
0.000969468617531256
0.001165967699643924
0.0008208233188787678
0.0011014367853113816
0.0009254046645891783
0.0011597967464732333
0.0008174287190841128
0.0008301173744973412
0.001036798723931513
0.0006115496587531052
0.0007690182809812676
0.0007007315021456245
0.000682678847035946
0.0007996174352205634
0.0007001155810414178
0.000629457884092795
0.0007980837435553266
0.0008228564947202702
0.0007838656911098012
0.0015262665748418142
0.0017334625818659266
0.0015264332916659939
0.0015253601296134425
0.0014819972313364722
0.001603919336814622
0.0016041772412196805
0.0014635355263398105
0.0015657855443779525
0.001564683966033994
0.002403305678281789
0.0026573826962996753
0.0027679369772099474
0.0029091498682729936
0.0021536258504626146
0.0026421429507812308
0.002625572626767744
0.002323810861161202
0.0026284878248155836
0.002217145552451151
0.0037514230287828726
0.0033197457595996404
0.003207939012758538
0.0031484797961484415
0.003671693779870422
0.0036796029070276445
0.0030597512422279732
0.0037459389748501215
0.003802789214279285
0.0038623373137183043
0.00046815368668216557
0.0004809681589041649
0.0005057718452551419
0.0005188694331509861
0.0005219247207934155
0.00047511944601863574
0.00045513981753411356
0.0005152553738741706
0.0005423292404320395
0.00048436060119693753
0.0022592565268872893
0.002580154148252555
0.0025649703985834655
0.002514727147276445
0.0026281872713382042
0.002736475824714718
0.0021659074662885676
0.0026134894421630415
0.002305382245631366
0.0025331203507315196
0.00031750180364644137
0.00028737789808732365
0.0002370827603606715
0.0003424950563173546
0.00029249922354406666
0.00027631045988473293
0.00030288310815701497
0.000288368900013609
0.00035398643012382673
0.00027428489120749416
0.003188587609043795
0.0031435886482377275
0.003207435649078805
0.003419301242088642
0.0036823846276316874
0.003405920292330186
0.004159476604876043
0.002884698518364864
0.0034643461827802723
0.0034913981895238213
0.0030586060115389163
0.0029494710546079093
0.0030437916999014737
0.002704870065432567
0.0029864387613172416
0.002903806730132962
0.0029443204153897107
0.003765678649311454
0.002881761709679431
0.0029716546030334376
0.004218106752760703
0.004218672606507174
0.0037552843595232525
0.003804683388597428
0.004088017670725953
0.003738480063028811
0.0043354938960184705
0.0047037075687205885
0.004303176881909859
0.003980820731484344
0.004025077139416344
0.003601835456854035
0.004491117362679161
0.0037843547894934938
0.004737052070875598
0.0033451070325044787
0.003632121220369097
0.00423543467755169
0.003769002585013849
0.003970498724710472
0.0037927367258722166
0.0038601704149407506
0.004466140481535685
0.0032899362588216384
0.0031297618328846545
0.004579649661820207
0.003843383373945999
0.0042055271407000425
0.0035541647623734502
0.004092861014954519
0.00029292903171752546
0.0003093529362531716
0.00026488080766756575
0.000299243989572077
0.00030553465763043626
0.00029602756081198065
0.0002970594120909382
0.00033417559614262813
0.0003393327824032788
0.0002694568707936881
0.0034232210286431197
0.0035070589371068712
0.004131878073554627
0.003839939628515522
0.0031834815452644787
0.003789452938251064
0.0037026182229364544
0.004198305879428968
0.0034108910604325683
0.0036903304557981773
0.0002328513672510265
0.00015898020857354106
0.00017969239752004576
0.00022810422915970583
0.00021036660160571378
0.00019320131605271557
0.00019099455128521205
0.00021728162939822667
0.00022503124578807538
0.00022421621820332394
0.003754348647076864
0.003965395049908709
0.003751437147198865
0.004328428950749292
0.0034721901060212335
0.004378100740644065
0.0037839358113020433
0.003938322925107046
0.00396854940447493
0.004638484878687524
0.000785876074200019
0.0007936959695286047
0.0009110725245004609
0.0009514929068829357
0.0008914910704480423
0.0010099796441736487
0.0009197727599270473
0.0009259490924611515
0.0009520963636374898
0.0009141151662501379
0.00038867843243263196
0.0004922695695703844
0.0003893715594286416
0.00039076034440729693
0.0004462454784766077
0.00036838469226636644
0.00047136346223466795
0.0004621153739261058
0.00039726477430440145
0.0003903352235591801
0.002643470752339952
0.0024801030019514555
0.0024829707237122504
0.0027802148550678104
0.002664637112315763
0.0028303202576528447
0.002761584116708163
0.0030309583576557863
0.002553818337673342
0.002882840958272897
0.0014221067663884475
0.0013351658066103058
0.0012542427367477234
0.0012473793030399706
0.0014152644343777096
0.0014792960292789306
0.0013896991648181126
0.0013591715330841083
0.001382110570430532
0.0015671493841941343
0.0027314302221386993
0.002764832795476824
0.002621327609371904
0.003345604392397049
0.003001099595474336
0.003163944863916079
0.002127351518376379
0.002966277242389076
0.002832525071085698
0.0030827804094583676
0.003616941340456492
0.0028865465069077686
0.003562185984166261
0.003556053051110708
0.004218650425767642
0.003827775157995185
0.0034843514888310344
0.0035559263804652358
0.003934815489011062
0.003757986936807207
0.0026635449021139754
0.002859477543505739
0.0027234111306885258
0.0024826424839882247
0.0026850428983773793
0.002468272192112484
0.0027415050261479206
0.0025056420704961005
0.002840237635710135
0.002750086042580191
0.004007502162025762
0.0034812631819400204
0.004265641331854772
0.0027907225743774547
0.003913935369382719
0.003041994287630189
0.0032269034133179005
0.0031424561343146597
0.003526531821594843
0.0035214157819062376
0.001722566605977005
0.0017508220007806281
0.0018141790829951023
0.0014520090591814603
0.0023307290116376883
0.001910520423239029
0.0020609036556399076
0.0021053321382033595
0.001927821071369377
0.0017595855930055302
0.002193099958385595
0.002338227034866826
0.0023098450369416173
0.00213010767871111
0.0022114336579972097
0.0021445080638484815
0.0023648468832602226
0.002629313513185961
0.002479692602744348
0.002616104883889417
0.00018934275522313412
0.0001966648253699362
0.00019752803683996487
0.00020022225598546718
0.0001893027275920366
0.00019933712087664095
0.00020381292482326524
0.00021970997967926345
0.00019333107940121543
0.00022755561687870068
0.0027513143164440306
0.0028124984211525183
0.0028260822850841713
0.002847119825541649
0.0017600340521030935
0.0022142374001924317
0.0025405334859896823
0.002770637974907637
0.0027298555687806036
0.0029792450316596317
9.93249832581729e-05
0.00012148257881271313
9.38355158687416e-05
0.0001033743784125543
8.871029907000757e-05
9.729654889860468e-05
0.00011730161878254028
9.511147250045545e-05
9.125201793682589e-05
8.173724879732799e-05
0.0010608896945871983
0.0009323090018645147
0.0010126507000338552
0.0009237282262223765
0.000985948914193156
0.0010382902877481336
0.0011177721905393585
0.0008405554165776066
0.0009202896103555877
0.0010541010254989723
0.0004717401576744385
0.00047306577234351206
0.0005022622185262142
0.0005896319416050437
0.0005013677428139774
0.0005353681613749894
0.00046431430907347657
0.00045777017675126274
0.0005209271157875376
0.0005664241527640533
0.002083462348032402
0.0020200855674562053
0.002075357858770819
0.0017451169087921025
0.0018426554192571463
0.001703535851093269
0.0019489948701554073
0.0018891531083982784
0.0017119423771764092
0.001701759318160406
0.003555279059829135
0.0041799248158180344
0.0037883542523117304
0.004029563715432024
0.003385081034595311
0.00407993445781123
0.0038827939672696214
0.003947604502942922
0.0044464993960249164
0.004137099602638667
0.0003558870982964039
0.0002476267800152762
0.0003114837670292437
0.00031227265958023174
0.0003024347699512216
0.0003204524570890193
0.0003518964191437098
0.0003197262307151127
0.0002954036082322121
0.0002755951020162895
0.0018628801781017472
0.0019778154799953125
0.0018354574711106845
0.0020520109270671504
0.0019388742251081107
0.0019340473605851357
0.0019135492950668157
0.0018905485734561386
0.002267237683430645
0.001574841774408315
0.002081378405167807
0.0021921194341428954
0.002110108090270882
0.0021034490721303823
0.0016563711097955553
0.0020782068485534974
0.002274981731381365
0.002369973121067466
0.0018779672901013224
0.002133105657252934
0.00030056867368329743
0.0003225495104680497
0.00029527316562567645
0.0002868670236781013
0.0002971251581536492
0.00027989269394065056
0.0002832144980205708
0.0002836287268732273
0.0003163842993359233
0.0003849582405716375
0.002664795199047712
0.0026759251574469635
0.0028090875698072726
0.00300561936346346
0.0030817370741986093
0.0029439085209942927
0.00292365695663135
0.0029551316531392165
0.003389215786273491
0.0031987103982724636
0.0018007837350283253
0.0017447247969068886
0.0019444805707951984
0.001627038722914389
0.0018685199683589526
0.001662773570242223
0.001961038099816547
0.0017514986301308394
0.0015605882669022131
0.0021392243890057012
0.0018787354743640863
0.0024904571143637873
0.0023149301751715624
0.0019688785179410163
0.002150380780231842
0.0021138041686793907
0.002159979930801907
0.0025684219867824565
0.0024006807614863766
0.0023039220240014353
0.003027769704575716
0.0031879679663076605
0.003695016510661224
0.0034910288932744867
0.0026841018187721763
0.00356272664706808
0.003052640053431797
0.0032736753996729156
0.0030063184983032507
0.003699237662176549
0.0021550397683193986
0.0017965463362486294
0.0018758533025185434
0.001780938130985413
0.0020970777748036107
0.0017698358454334951
0.002226694054754701
0.0022945694756850814
0.002054668690797775
0.001745803622960269
0.0007137029417342863
0.000916125766178768
0.0009333522953476683
0.0009002780193245428
0.0008727793358062951
0.0009043086893524733
0.0008917708620153098
0.0006559102815553639
0.0008365207828647987
0.0010125709965184196
0.001058078147562378
0.0009186581119860051
0.0008424421619070791
0.0008602799864187258
0.0009055603846150073
0.001084370994499255
0.000802282473952475
0.0008408304876100512
0.000791195077306937
0.0009055461912639025
0.0012940283520647142
0.0012374346686259224
0.0013984756765564202
0.0009689899981391986
0.0010654803940335258
0.0010505502497712002
0.0012017202644691535
0.0015470387013648331
0.0011168802060582844
0.0012641301911910218
0.0019241644195191823
0.0017671486067678977
0.0022282363560259624
0.002449285591810282
0.0019761471341064366
0.0021466686014082236
0.001808458697491981
0.0019388913507822024
0.001940254646543059
0.0022616882431631567
0.0020920582979735832
0.0019516862004477565
0.0020327537895634185
0.002612166653666918
0.0021907001989009897
0.0024803005844884025
0.002469563601676153
0.0023145430362248786
0.002523203568463153
0.0020366362567680826
0.0016156644264394358
0.0018427338791445894
0.001496327242424177
0.0012722023084745819
0.0016042603513874234
0.0017372380117971794
0.0014458968135606042
0.001771296407287331
0.0017432025135647319
0.0013747906184910332
0.0035467150191808923
0.003731956591393226
0.0040087301747906805
0.004608997108279502
0.00426305662242099
0.00347677820135102
0.003950356339920603
0.004228939054322829
0.004266648725790746
0.0038388117015487207
0.002274054418851933
0.0019399441181067582
0.001699926326170136
0.002351039707942655
0.0019798502474046367
0.00224930941959932
0.0018713266616871443
0.0019629563816463066
0.002277511501532166
0.0021872638247145857
0.0011542103248330512
0.001206093963343496
0.001214079135110393
0.0011971445383360427
0.0012249272261799532
0.001196235694839043
0.001127147339266151
0.001601178439662317
0.0010401877476165862
0.001204636444176148
0.002845921008670635
0.002963410519147795
0.0031038410491283732
0.003196953033161439
0.0034514731984705478
0.0033763315774118906
0.003553010145358179
0.0029160895205728628
0.002884717461117523
0.0025171049662117227
0.000648071861758502
0.0006718758983004102
0.000587846835213235
0.0006265908948361099
0.0007165899785017845
0.0007581226243356852
0.0008445604226393501
0.000702480679006643
0.0006778970570987856
0.0007654588521115083
0.002347959993468862
0.0027784940668948853
0.002833806783794946
0.0028718264602762655
0.0022338964196074135
0.002837609302791493
0.0024572263407239316
0.002232290298760595
0.0023626975218307466
0.002845206435815304
0.0019283520204356123
0.002092473993624028
0.002114349669930027
0.002404869114289731
0.002100203283411759
0.0020834007968276685
0.002057852526124695
0.002094838187309669
0.00226103046553429
0.001735362761298968
0.001743549884957989
0.0018304274407728476
0.001928583482386497
0.0019386540164872447
0.0019519118774038251
0.001572115997496825
0.0018918607085445017
0.0016749819643098534
0.0016428932745422488
0.001827371969143596
0.0003308817689294872
0.00044654009816409907
0.0004392455052568616
0.000389961565686302
0.00036679903836973654
0.0004343111964215893
0.0004226950613621657
0.00034143422338399587
0.00038049411351591053
0.00043036029709997116
0.0011104996067575182
0.0012017898751967525
0.0008356896694384497
0.0011221651468127653
0.0014218804819870659
0.0011508110669407863
0.0009045795301787778
0.0012584945836556715
0.0010404888060683885
0.0011559909097604746
0.003620614712735094
0.0024390311579079423
0.0034311635579523363
0.002982778100226102
0.002791348546754227
0.0031892186816646776
0.002673157250564239
0.0031753422770285132
0.0030852175230465595
0.0035498572629226732
0.001777185996142477
0.0019475756749125592
0.0017167319566883399
0.001692899080370494
0.0017722906752595878
0.001956244646795158
0.002105377518982957
0.0018660507300227664
0.0019140189163756305
0.001831724468463892
0.0018895360247069195
0.002075441487789537
0.002171847088306931
0.0020890047146075136
0.002196320572799531
0.0020071969654239883
0.00217773570091326
0.0022845581242331215
0.0023248648908463622
0.0021254619845849773
0.0017376419445921535
0.00144841508886591
0.0014681797373395052
0.0018658693810035703
0.001869927958594105
0.0016382445128665687
0.0014026198072631868
0.0017128500087331222
0.0016969044049973845
0.0019239200691488633
0.0017805138599976352
0.0019850601963192337
0.002247071363984936
0.001712801227009599
0.0021895807985894624
0.0021242051096021924
0.001784997154473666
0.0017718620131386533
0.0018629208014494941
0.0019605223904507374
0.0007345000583412497
0.0007213160934465235
0.0007158650886647778
0.0008509045221817212
0.0006473837476627846
0.0006821715023376809
0.000713764845572479
0.0007521448660280538
0.0006490458746547293
0.0007305281252801778
0.00257507130486221
0.002735753010343399
0.0030718078335749345
0.0024248740974944587
0.0024183874289659276
0.0029475430673452413
0.002698605532998742
0.0028745865496654275
0.0027317571526425
0.0025817251559384136
0.0032213478242275194
0.0038949892064275263
0.003299726184907695
0.0028840733122656743
0.002799901653096002
0.0023997986585743646
0.003630832655116307
0.0032995050703554627
0.0026443639149559372
0.003129221793744066
0.0018150868737923415
0.002340996255221014
0.0024877402942091796
0.0020852037270723575
0.002414221295191564
0.0024981697652796567
0.0024920772869168792
0.0024414049331017967
0.002665482080466018
0.002271683393781474
0.0014512109324252395
0.0014311263000068727
0.0014252482506874214
0.0014048384866750673
0.001152972207580485
0.0012367426336439163
0.0011825603437699604
0.0012887854970313542
0.0015143026535985018
0.0012839574609340362
0.004581002886998298
0.0038748626104842033
0.004307223777646335
0.003554793959262037
0.0035133109974622547
0.004316748943763191
0.004146497099715692
0.004338118680957054
0.004062568932733059
0.0038764561653605737
0.002382711039181795
0.0027959768406203337
0.002820738947992237
0.0030976234900646302
0.00302422258458858
0.0028926185975338007
0.0024792947257779945
0.0027377795497882306
0.0022540626153423277
0.0027170188099544757
0.0005846571235728178
0.0005843871123282395
0.00071649682587122
0.0005525737837413613
0.0005462449717434175
0.0005462165799909405
0.0006318237823740112
0.0006293143727109711
0.0005279195122016865
0.0006456318073359234
0.0025424545505943613
0.003287523207218137
0.0023915252991900567
0.003366828631525574
0.0031695486859166593
0.0028216159492679732
0.0031063588850159017
0.0028437737407318773
0.003160101913133234
0.0027492350847420845
0.0006352939743313321
0.0006675116440402963
0.0005618090713789777
0.0007476600539878883
0.0007361637796492668
0.0006192507488770539
0.0007391243994309515
0.0007243952670392014
0.0006827542739853527
0.0007720853131600191
0.0007156390039917701
0.0007910319122383892
0.0007744106449308509
0.0008645708807653016
0.0007935446840597048
0.0007040975822160618
0.0007636034205488889
0.0007798791825482229
0.0008928381470054092
0.000856811160602448
0.0031896138492355734
0.0030916810764434984
0.0025834604346868387
0.0029302995865454133
0.0032826503069617744
0.0032193950965056757
0.0035471939570702916
0.002853408533511917
0.0027592578466654133
0.003245636747743118
0.0005802780820185296
0.000793619118170234
0.0007101022320010448
0.0007723783035533145
0.0008199368662641837
0.0007535812952035306
0.0006863181770419045
0.0007011922350972083
0.0004596373146649227
0.0007204490184850744
0.0032176678309892228
0.0028998765359433045
0.003053531198325349
0.0026667998188641346
0.002670792727612078
0.0024878078587414927
0.0028499188473281355
0.0023827061856569872
0.0033149305050796476
0.003433449368451836
0.004033340809625596
0.00333133670246574
0.004210791646024968
0.003065213901090964
0.0037297065085985467
0.004114019816231893
0.0037920752822667094
0.0039060756212024217
0.004347773407328247
0.0038344068617807954
0.0007500372251903071
0.0005975345102634933
0.0005604993661148457
0.0006113076973533221
0.0006537482663925473
0.0007661690645141452
0.0007469630225856138
0.0006695300066703694
0.0007426698638517689
0.0008564603279545993
0.0003328593443449643
0.0003702888129090879
0.0002708594576551892
0.00026028290791010194
0.0003347106584917689
0.00030769589425268116
0.00029450830031203817
0.00030819677184714344
0.0003129386548960873
0.0003040784842650583
0.0023673539352856497
0.002293118633895632
0.0023258686698696893
0.0014973665947949106
0.002075266721626301
0.00230691537444462
0.0020496474772896535
0.0022599352382304946
0.0019874208589611745
0.0022929210938770627
0.00010106430091202508
9.556045564068366e-05
9.66896930531766e-05
8.772145321247641e-05
0.00011564632899436831
8.932771072734505e-05
9.915462556807684e-05
0.0001034118728158333
9.989222577733476e-05
0.00010895705711728603
0.0016706781044581458
0.0018695670343672197
0.0016570925633006906
0.0017178519655387128
0.001792208678613173
0.0019505952162409113
0.002034614378361202
0.0017845000680246483
0.0017488860682423999
0.0016889256601175873
0.00041854901703975664
0.0005277249663051204
0.0005400119761258954
0.000574087651467917
0.0004828944251985982
0.0005369631848976896
0.00047131148568354907
0.0004980165959976277
0.000578445027383501
0.0004256164489610495
0.0013298919582893655
0.0012393840169914573
0.001328985441354851
0.0013990444990253429
0.0016077521475458935
0.0013323314622813176
0.0013775546127751223
0.001275360969431128
0.0012543547468633776
0.001319060811551286
0.0027024938878217504
0.0028148419377885215
0.0025032890712681725
0.002587962948777811
0.002713126847005878
0.0030997959894647625
0.0032516096293179124
0.00281633139557245
0.002751021440309005
0.003173594469424497
0.00030280985567598706
0.0002936887913470946
0.0003418414062183974
0.0002559318813578895
0.0003012452210342364
0.0002630876436509391
0.00029528605285290024
0.00032292187528597347
0.00036068257787320266
0.00030585302682114613
0.0013918391881682021
0.0012029963467453252
0.0011342735615691608
0.0012853252346817872
0.0014876367680478778
0.0012980337680838755
0.0012931062188389433
0.0013044447351629924
0.0010579132953667434
0.0013808101754195095
8.651540466069126e-05
0.00010840497028359665
0.00010157401029565667
0.00010586832523640013
0.00010065356504239205
0.00011563510882609282
0.00011364297884136511
9.663389696824761e-05
0.00010392308106547786
8.594851835429244e-05
0.0015452342223065264
0.0017533956241912083
0.0015432211188322127
0.0016259568306991618
0.0015880498721533842
0.001373971514147744
0.0016429400532181756
0.0015183701522778824
0.001588277343689594
0.0017006918194798037
0.00045628231696812104
0.0005414261493765105
0.00048519327517507844
0.0004586221597913144
0.0005140189713928578
0.00040094152417595674
0.0004592401396724337
0.0005097250276692748
0.00044222242495149867
0.0005243917798615355
0.0035538048248209145
0.0033199909532832476
0.003094629514299598
0.0029774640034470295
0.0037706168125040303
0.004005424394561474
0.0031357056921080093
0.004179700270653567
0.0033143300789906633
0.003517482133123963
0.0005401960991462176
0.0006455212290206153
0.0006027699659291583
0.00060452787646919
0.0006200607962660132
0.0005413429715494157
0.0005618945388991584
0.0006926011488897156
0.0005622399841802319
0.0005016168993083116
0.0009585243259982596
0.0010087126138537796
0.000936954879286248
0.0009173966817726269
0.0011858957743346066
0.0010170590620802967
0.0009976729914060514
0.0008211260485707958
0.0009500313895769904
0.0010207856037797696
0.0002565511764941015
0.00021827647039385505
0.00018575394384270528
0.0002246641548808625
0.00022543516466545677
0.00016092713286672107
0.00021217834897011557
0.0002096366123307618
0.00021670991896575296
0.00019984635832073641
0.0008625890315330498
0.0008981505793737773
0.0009523760934155992
0.0009149002079926699
0.0008370585329778668
0.0007745575188475233
0.0008230564212428836
0.0009213802494625853
0.0008546147767761456
0.0009716079849421943
0.0046057001228736235
0.00419143573405927
0.0037792679780080884
0.004393040888026333
0.003510115781649452
0.0037910108114517006
0.004241895581314446
0.00370091900527023
0.0035870671171095614
0.003908130579078677
0.0014008322155963735
0.0015645167498584793
0.001629048453285101
0.001515489841643597
0.0017004439306907123
0.0013139422622654188
0.0017071239082199206
0.00174067169580386
0.001486637348790602
0.00153115343599778
0.0011538195584997859
0.0011195071241698303
0.0012105695495044063
0.0010755566570743124
0.0011757286900095983
0.0010444782077489857
0.001038334255722258
0.0009508166388638968
0.0012155421710327834
0.0010740271160261544
0.0043182138889182025
0.003896649238450033
0.0035548055919373462
0.004168648599306696
0.004224189926965198
0.00298912763049347
0.004100167839073039
0.0038722582375937333
0.004229822800051198
0.004119135273409982
0.00337105492793133
0.0044549416990855685
0.0038801770803926633
0.0038730777966196374
0.004305323879949805
0.004134367490168811
0.0038247309713366614
0.003829938043593776
0.00436402114955663
0.0039742196095953
0.0025568414384016347
0.002500859783409866
0.0029437890619000264
0.0029317498333321715
0.002708053180310172
0.0029524950715394713
0.0024438997585082617
0.0030737887937412147
0.0032365790503265956
0.002760337286260475
0.002270172728154171
0.0021293283633666282
0.0023154220415670204
0.002210264652218706
0.0026153934309111294
0.0025998282117025654
0.0028750168179433747
0.002351549803359806
0.001991820419115972
0.002470931154263235
0.003147696159340769
0.004220267129469365
0.0040698526008908385
0.0036737402698128105
0.0036505896326951954
0.00332054557504142
0.0036693796155231446
0.003431571667969031
0.004078716843861455
0.003535551225215736
9.318434423119867e-05
0.00010828322636830238
8.676809434853266e-05
8.816531117167277e-05
0.00011158461794182688
9.49703309436904e-05
0.00010924530697707438
0.00012161502803201697
0.00010293803358250284
9.273085198075656e-05
0.0010110443823197605
0.0012688800302664558
0.0012101010332066034
0.001020048084003749
0.001218989519665325
0.001096338164099464
0.0011384993958281312
0.0014209675742182435
0.0012723083073662772
0.0012586381582135762
0.0006417734685348155
0.0006718919526464634
0.0005838065263832421
0.0006182406989623146
0.0005878733222348299
0.0005753913476515415
0.0006981666497047507
0.0006155362206737123
0.0005494104778484547
0.0005039610867164495
0.00222196204659751
0.0017555844157410019
0.0018946342968140337
0.002252075142447939
0.002178347630480731
0.001959923493826215
0.002119022063634137
0.0017315096808237411
0.0020947912158063224
0.0018796686191882947
0.0006358749553834904
0.0007106405004013548
0.0008138819977701558
0.0006046581489403705
0.0006702826453631751
0.0007422099739103633
0.0008034571921398631
0.0008283739212905583
0.0007421151533126177
0.0005479383465961836
0.0030689954964475312
0.0033229218408982342
0.003199527192777198
0.0033505793809235533
0.0033658621629576806
0.0035815334807624104
0.0035054243816823693
0.003968387418901402
0.0031475268120532357
0.003660099990050166
0.0035567302491331023
0.003680219671920017
0.004004944437163273
0.0035982287224865907
0.003791236804729545
0.0033710837546148753
0.0041414928417726335
0.003493578005299909
0.003666928969115766
0.004077933707855905
0.0005051091848728923
0.0005723765162146226
0.00040761051496010254
0.0005590928441611816
0.00044951309152173666
0.0004429301094848818
0.0005653562789983829
0.00038762353012421723
0.00043911856707845934
0.0004937392055251919
0.0021106226954059532
0.0022259593359222917
0.0020494050850775407
0.0019971871209148043
0.002390069625428856
0.002408297838613346
0.0025991285693300944
0.0023671577653879253
0.002107303810980735
0.0019178654090373616
0.0026656649467179105
0.00280739057533835
0.003006118713061759
0.0027992850201884367
0.0021879554148821153
0.002828366342176724
0.002718143184098217
0.0028454967566732235
0.002472086167202603
0.002957591765430026
0.00035425354705840597
0.00025005732693531203
0.0002733440638750478
0.0002490743146266483
0.00032716557782383
0.0002856717602538774
0.00027186831654010026
0.00029041523904686816
0.0003120194752409563
0.00033165112270641163
0.0009593255447837731
0.0009847812189572765
0.0007330632005235632
0.0010117096551337697
0.000977180721196194
0.0009149140437051839
0.0008990714468286756
0.0008623605472130968
0.0009406519091648605
0.000859632864922875
0.0032199878365196037
0.0032590345649401264
0.0031399398318239942
0.0032741868764319592
0.0035571385406217796
0.0030890603432276844
0.003385686656642495
0.0035117403092940875
0.0038275917237626765
0.0035330804835162883
0.003066130548254771
0.0035869860216864477
0.0032317603678411466
0.003418135559520933
0.003991454860553344
0.0038876185802078724
0.004044928139345603
0.0038106301616564237
0.0037460254090759437
0.0041090682703928075
0.00020599804571936012
0.0001906455016617731
0.0001611710743991524
0.00022037516891717927
0.00018633879934236203
0.00021405062018126442
0.0002063512020106831
0.0002262190405670095
0.00017880399140247168
0.00021112097658639937
0.0027983915515058222
0.002393691573957769
0.002835088556451638
0.002737160450855418
0.0027238401669024575
0.002453267291457308
0.0026833515830692214
0.0024063078528626116
0.0024021276163075905
0.0024231013361216305
0.003863020516805674
0.0031826469534516994
0.004169475477596
0.003652226917202313
0.0037487704629168357
0.003630411995522269
0.0033257356615757918
0.0035631090403662655
0.003433535822628726
0.0032541770135987727
0.002508000305579478
0.00240131373611986
0.0025637275719437346
0.0022632393395381175
0.002383871002856734
0.002191609552525033
0.0021988350402798278
0.002261532691284481
0.0021708203096601096
0.0022736820136235692
0.0017009509217974922
0.0014938435097060204
0.0016652684297035214
0.0016016865263402357
0.0018387607505508518
0.002049566831194703
0.0017244308253259626
0.0017189691123498981
0.0015758241910943137
0.0019909251235872166
0.003482513762525622
0.0026690983864600957
0.002899984903576842
0.0031024690498327387
0.00369417941222354
0.002758414766625219
0.003010405645983245
0.003230472452255082
0.0034347526333487794
0.0037864272711848473
0.0029980485151468437
0.002977864015067756
0.003553531230854701
0.002916787468234998
0.00254063035521124
0.0030513190674461197
0.0030056351481566705
0.002979598435479369
0.0031265942408461936
0.0033006148299233504
0.0022895646818829503
0.0032345330717027236
0.0031085802316253323
0.002797069307813567
0.00292569939601928
0.003197729413122282
0.0026346715676707822
0.002437931755034392
0.002835879555922798
0.00297378769597955
0.0018982402321584568
0.002045302923946799
0.0015548281948263292
0.00180366486301722
0.0020721141327903697
0.0017666411543548163
0.0014431499687531488
0.001714835648007296
0.0016545882602273714
0.001688412754186882
0.004175839631523072
0.0031974936869892433
0.003705257788064057
0.0035648704161120766
0.003460828088134961
0.003259982081581578
0.004353867011170176
0.004071440821252406
0.004111201058357291
0.003990127951543275
0.0008402367046229378
0.000657280040895996
0.0007044163276813091
0.0006317351121431558
0.0007080895440727892
0.0005713873648620009
0.0005817656799689922
0.0007255304048460515
0.0007278803259969033
0.0006463380585415068
0.004123326043722165
0.0035476851724142544
0.004422767574213152
0.004375857598322897
0.0040186108200702874
0.004208038306670799
0.0038309276695032346
0.0037740153431084825
0.0035437418458860327
0.004036855181691457
0.001189365896463049
0.0011095204856764556
0.0009647974945488615
0.0011128726522778927
0.0010090335913300707
0.0010927667956629377
0.0009691244338026556
0.0008676373646457019
0.00104012232481415
0.0010956855318179927
0.004030607471305163
0.00431466561577498
0.0038244939314506024
0.004188335618526096
0.003847923635842566
0.003948112455875371
0.003582685274163301
0.0035175353474974995
0.004455924862514623
0.004250236192605266
0.0014449671437990182
0.0015734765862875143
0.0012206351535489742
0.001369299346370601
0.0013441198956174218
0.0015112694556261993
0.0013608079231665815
0.0014273984680192881
0.001200053429097561
0.0012080513213950659
0.0013917849629221661
0.0014332431481733465
0.0013754406337279943
0.001616024543807135
0.0015180551210959197
0.0015779922370990494
0.0012403945527945624
0.0014152895998556388
0.0011926147780746217
0.0013422799993288161
0.0036494437155181665
0.003039023243601538
0.0033946714582593998
0.003095087778466622
0.0029140658684374357
0.0032435115481031234
0.0033747979663754585
0.002691399681979365
0.002729680113783215
0.0031804349415887534
0.0015407901939657905
0.0015276952482021198
0.0014014321976013164
0.0013774951319627385
0.0013695168502549093
0.0013258802288333863
0.0014477818675340585
0.001929494296233323
0.0012413761118101412
0.001394595402289206
0.0006947141404331053
0.000965812576619387
0.0008534132809696147
0.0009695405605467723
0.001049873434364267
0.0009432801575501485
0.0009933047239542934
0.0008647883076434858
0.0008672994277924888
0.0008608985830049538
0.0007806222005987151
0.000792304869092898
0.0007832242772719083
0.0007073260136389257
0.0007221207680659287
0.0006043922775850794
0.0006845373740242956
0.0006609838440922593
0.0006711803135977813
0.000624860080663841
0.0019173358715736293
0.0018959833247459389
0.0019612120016036095
0.0016385318953178428
0.0023778137482723476
0.002069922599172255
0.0016217833924202824
0.0019414778581864195
0.00214389157353653
0.001957652426702396
0.002669673068786486
0.002356901690390791
0.002401821526045695
0.0022111884932646134
0.002146088903545811
0.0025564806981574
0.002023547259534599
0.002282151403193859
0.0023653934401717336
0.002994330914901749
0.002388010147915687
0.0027401990395483425
0.002256625856846688
0.002057417861450643
0.002430657436685467
0.0023323331426658702
0.00233353772308348
0.002440988301315572
0.0022578115132692944
0.0021746852070968813
0.00036894181477980565
0.00033710486654137497
0.0003619791219097576
0.00035014619172577124
0.00044214666392711313
0.00038545113688156796
0.0004210320151918875
0.0004170951235211224
0.0004406967075383373
0.00038756765730116766
0.0031415952911072937
0.003166326261454603
0.003291876048039268
0.0030805515741865693
0.003243880778624509
0.003157534061437994
0.0028701736974120714
0.0030190789790599058
0.0026483219828202145
0.002580188204217326
0.0027634342553541497
0.003607362346479586
0.002779909982801722
0.0028991914579386815
0.003145508055683018
0.0032568352106517704
0.003211443313226452
0.003179909835332944
0.0028100683969241092
0.0029444050252941433
0.0013460669283790327
0.001500338874784152
0.0014301133900262758
0.0015457081226292924
0.001312804758873704
0.0015677152890530791
0.0014031376136748313
0.001419087850639561
0.0012961124536989427
0.0012011237444329713
0.003490219375358482
0.003833505432139728
0.0033914371491333326
0.003531683245221489
0.003490105760654767
0.0036455372053597296
0.003462456771015635
0.004100816407076713
0.003647742130920034
0.0035989271593783183
0.0015462390623841105
0.0016170118637959868
0.0014533983555570227
0.0014588634495183968
0.0015160937379334336
0.0017435204335203985
0.0016035909012208824
0.0015498558191950874
0.0015839722679435032
0.0015166799518958117
0.00315940982327387
0.0029092247356506335
0.003812434376258797
0.0030802541346533437
0.0032192024652965964
0.0038934164339993536
0.0023373805786177284
0.003327184186597674
0.003397729828485814
0.003480874834108396
0.001901430441231668
0.0022704834325836896
0.0026611501380378027
0.0020395374872529343
0.0016624515292578833
0.002228265613819517
0.0022807193169032455
0.0018987734355569667
0.0022509314860041235
0.0018399265495243592
9.006426187465287e-05
8.738925947752471e-05
7.790254502475773e-05
9.705479810187606e-05
0.00010916046690567576
8.849065485314945e-05
9.829665743380992e-05
8.436057993756347e-05
0.00010352410437788014
0.00010456938424352326
0.00206092268315149
0.0020434117830264854
0.0025003573268964877
0.0023170499840086283
0.002191899000535008
0.0019191463795314857
0.002250239472944286
0.00224747377388929
0.0020490374215298506
0.0025502938691599145
0.0008695715809920585
0.0008436815922781718
0.0007326423773290185
0.0008720349526955085
0.0008746206427173142
0.0008273146915244288
0.0008082004820769017
0.0008998790787026556
0.0007586593949690709
0.0008045417896939203
0.002151558055138021
0.0024064980185457374
0.0024778020682742537
0.0022529016869421775
0.002428352092611915
0.0021917867218139474
0.0020860728278923445
0.002339976466484656
0.002245164880322188
0.0020640921846528243
0.0025152588300254865
0.0018710352619842924
0.0026830528224849734
0.0024303744186287067
0.002578981215219123
0.0024744025735584448
0.0025001939873583135
0.0025959609273354025
0.002236280797150262
0.0025244541213628067
0.002912350146867049
0.003098694006622124
0.003499753271207157
0.003199695801652041
0.0035754246185167758
0.0036327846292567275
0.0028100364949596108
0.002649869253415142
0.0033768102967695218
0.0029466881984554476
0.00225613019484994
0.002000554887572934
0.002000532843790752
0.0019910396811358253
0.0020808425459393955
0.0024534347607266375
0.0022812982493680706
0.002392850412092215
0.0018436302074026426
0.0022030160940898487
0.0005408104273642758
0.0006003489823608163
0.0005950056683197442
0.0005719810725239618
0.000578067539845
0.0005136104910392072
0.0006025714808816869
0.0005731676161863172
0.0006735452507910461
0.0005854673464768059
0.002432666256803364
0.0021404641810224556
0.001996974009266174
0.0025852988091211553
0.0022668873323016523
0.0025255677704104336
0.0019474732301812817
0.001930641584581738
0.002347664576702478
0.0021538226276362855
0.0045927986614332375
0.003179848937188128
0.0035858570939521503
0.003862821232499013
0.003942502850900823
0.0039090821161798656
0.003446618662740454
0.004369674642275744
0.003246170386006971
0.003546493956811083
0.0023382474408705574
0.0023015800268980854
0.002397507152049055
0.0023097501229041306
0.0025555223961859995
0.0024495872270499422
0.0024705280365446554
0.0018955684437353387
0.002508876259959645
0.002473168500006742
0.003037695557854618
0.002459375289816394
0.0030642976420229813
0.0028848408380883674
0.002609320635458177
0.0027489207933880056
0.0029587091281788693
0.0025502605875747375
0.002805679184657606
0.002479060252427983
0.0015794408912130308
0.002071448953205809
0.0018655499004212013
0.0020135113871430376
0.001830397314143749
0.001707491644203749
0.002053702948723078
0.0014910678925640485
0.0021550317121503517
0.002154574148918424
0.003694480425952428
0.004233278097970977
0.004014287886341387
0.003666701482485859
0.0037315415525389735
0.0036541705721504967
0.004178014933444301
0.004221252827490531
0.004440343898619964
0.004046726014976693
0.002832654845866007
0.0027917801596066506
0.0030922250424593833
0.003482461190012582
0.003074051595466492
0.0026134205209224826
0.0025182718311138027
0.002908267304041551
0.002596016076092457
0.002887916104487691
0.0012194589427076638
0.0017447061709163977
0.0016312647014560069
0.001617656969888799
0.0013961342682131503
0.0015497783885848797
0.0016467251200915566
0.0018935955574304543
0.001530352910597534
0.0015294955993083738
0.002683331331891279
0.0023191788364175683
0.00237919923616535
0.0023914574698367824
0.002450251155893127
0.001961526342857759
0.0025538050491764365
0.002276595486979431
0.002025191931351519
0.0026066569756149423
0.0036108254232690077
0.0033403561854382863
0.002737099070319188
0.003430811504390575
0.003220155004696237
0.0031288268182583616
0.003283738874343743
0.0034074352682234737
0.0031663706765842135
0.0035691395855854523
0.0002295001560604117
0.00031213223333192535
0.0002806592055408167
0.0002807727256244827
0.00025394378878289915
0.00030048505379210073
0.0003275927874540444
0.00036024066540710155
0.00031119127789894723
0.0002774250731726949
0.0006826268835298714
0.0008821372981892094
0.0008772973780036457
0.0010175045836321457
0.0008403583942847582
0.0009316571681007615
0.0008744510103649777
0.0008220191046329409
0.000970573082619048
0.0009895092322143662
0.003475278307748713
0.0032071105326116718
0.002895359790263175
0.003982137070069421
0.004403762651482247
0.0037329321580651565
0.0035500742782153755
0.003221676111168542
0.0037597534765942305
0.0035388558760769146
0.0037325830594635225
0.0033807624636371285
0.003381363898213014
0.0025492257214199702
0.004253172730404313
0.0035267406307380807
0.003158186145949062
0.004203503602878304
0.0026806871247874522
0.004084976784719372
0.0018832063086760228
0.0014183195943592753
0.0017013094715723365
0.001954871559246163
0.0019412956052889951
0.0019240077936656522
0.0021811480484057078
0.0020898746389076727
0.001775010711790925
0.002129277599956729
0.0033499235844665553
0.0026586531680461685
0.0027218936988016333
0.0027296724020974593
0.0022772489205681733
0.0026643756221902417
0.002667200892103953
0.002546251736143503
0.002712236642166034
0.002724874658754213
0.0031605215894626726
0.0031066679456067297
0.00305552664791427
0.003356249620980533
0.003014549471104238
0.0030620250894328347
0.0031823478183528532
0.003898017494607454
0.003432419900478943
0.0030152387728776078
0.0017251251818679362
0.0016210193597774039
0.0014462488276304976
0.001618737838907121
0.0012644137699942847
0.0016111938657930648
0.0015764504607031194
0.0018180929872429969
0.0014217440422556213
0.0017798541894099296
0.0029009080519024895
0.0026276658326493084
0.003112455771035638
0.0029202080809573754
0.003216126642257734
0.00309332453474044
0.002809390149269692
0.00322451159973114
0.0033576080409863786
0.002928872401546258
0.0030386763263538195
0.003176038449594262
0.0035118961304738123
0.003439549719810091
0.003558607585926236
0.003228741122577316
0.0038212914362993336
0.0028426297800424765
0.0029815326539196145
0.0033055302890813176
0.0013070674578182992
0.0016160471882165608
0.0015111123538494578
0.0014900762316379331
0.0013899990060219124
0.001338793475675825
0.0015913149676705454
0.0013547469048176583
0.001265771372062253
0.0013366377473142186
0.00411948194253714
0.0037654802141051
0.003207383498537932
0.0034065750619584577
0.0028497957778776716
0.0035833142878827144
0.0029462487025230127
0.0037987781845074025
0.004064148952025019
0.0035579943830083955
0.0023560556427235486
0.0030611198655437883
0.002687446365935215
0.0028002085057275976
0.0028268009289836487
0.002635652525762728
0.002827537591123621
0.002651190823162201
0.0029411072386355485
0.0024907688596819376
0.002364145480591058
0.0024956023984729703
0.0025743575237880127
0.002618855322157715
0.0024126637072087844
0.0026125694130264515
0.0028985047440190947
0.0025686315395214462
0.0022786002405902864
0.002623511776303287
0.002844394552119067
0.002331951516428467
0.002435746236471159
0.0029049836504091413
0.002701988135197271
0.002928107186102519
0.0026967560528678917
0.0026179537751783383
0.0031674999391380506
0.002935330208551844
0.003501920480913135
0.0034486968009121164
0.003036833195339082
0.003615478742249503
0.0032155628718273173
0.0039496882770155475
0.0035105058645436404
0.003735094500431625
0.003644535756982079
0.003042522614278189
0.002438540233321265
0.003442932370752529
0.0027260519897087413
0.0025847488058748673
0.0029385348392379864
0.0026878787370910673
0.0023524097854339373
0.0031773708678142134
0.0027106611607393967
0.002609428310277246
0.0021327504454596927
0.0023155577663822404
0.0026062924294996655
0.0023783595164953617
0.0021076157283176585
0.0024287495237904824
0.0025658149773449216
0.0022540863383418235
0.002279741320104165
0.0021186484510119256
0.003012844884751196
0.0022695922915493927
0.0026139027234350926
0.0027453906068731927
0.00309067013329644
0.002537101685078122
0.0021729515429278106
0.0024989213522610275
0.0023607739782737823
0.002864462455305239
0.0013294320557292838
0.0012456028298544772
0.0009106805591515886
0.001061510344441321
0.0011172387098689583
0.0011177333218245098
0.0009989582400529654
0.0011420891494646594
0.0010088325871107373
0.0012137345984432376
0.0035354682762610604
0.0034212549644026596
0.0035602933438965
0.003771826279342209
0.0037078961480706686
0.004029816121892417
0.00397794630053729
0.0032478999044978528
0.003295507832289642
0.0035404194583012797
0.0001992581542667451
0.00025019137503964103
0.00017606232089609387
0.00021966762130351598
0.00019889402870449185
0.00019464270579034338
0.00019542427466806916
0.00021504709530379337
0.0001689742481341208
0.00020729476831506073
0.0036707493206518185
0.0037366165077734703
0.0036332006049015772
0.004340991887093282
0.004499005961156407
0.003625295110948533
0.0037485861183802955
0.003924388867151428
0.004001422899428416
0.0033663617134000296
0.000471263421864074
0.00039435475252044046
0.0004229295500811025
0.0005282662915690159
0.0005210998915518239
0.000434004845987947
0.0005119060911337858
0.0004550851844691371
0.0004833341132521502
0.0005399354613164498
0.0014949553193385828
0.0018015482015523894
0.0015380044692599262
0.0014375724182237187
0.0014316858081067487
0.0015517585780530892
0.0013614060912533453
0.0016916189120267286
0.001436502437338593
0.0016299789115594855
0.0025951617271414333
0.0029979376031817693
0.0028994208962072466
0.002433648771421881
0.0030453883076830483
0.002572731066518174
0.0029639162544194356
0.0023636945757621033
0.002643351138408658
0.0025290491564409524
0.00229678233578445
0.002440315792669184
0.00281920441397517
0.0023018583734779863
0.002179993631320957
0.0021982488185819096
0.002564413279895147
0.002693768732167817
0.002356429631445067
0.002555542956986513
0.003153009462084035
0.0027936515153551226
0.0036285491465861365
0.003185170382828651
0.0027490767707022213
0.0028271933482254615
0.0030605659226824646
0.0034621990637610806
0.0035481900370905326
0.0033386500842291673
0.00266155065227503
0.0028167764721658173
0.002645314390702965
0.0027117516976360033
0.0030241592531721198
0.0029809557683723913
0.0029809362479865957
0.0027326541690030535
0.0036848392652432706
0.0029967635074498325
0.0015871551013439396
0.0023899430377606317
0.002245952916008218
0.002534084251376266
0.0023780542475104437
0.00261297330958052
0.0021897077271621937
0.002649748068747745
0.0028667632489302176
0.003029319562145822
0.0034353808456799
0.004108034934380551
0.003099061629538294
0.0037914754501008046
0.00395065515788899
0.0034441187766162513
0.004253906590699281
0.004024517493441501
0.003779482338944969
0.004002933628194112
0.002226193927790562
0.002247336805892165
0.0024765109498851873
0.002044009123253212
0.0021785284612919793
0.002243342562907043
0.002297883584624497
0.002139207570003757
0.002365115855160551
0.00196866157628468
0.000514518334468681
0.0004955674608113516
0.0005000713695321344
0.0005837078173242151
0.0004702626883838779
0.00047871721393208643
0.000539530910201123
0.0004780469692224144
0.0005437864103041831
0.0004756041819272391
0.003210047264420746
0.0030149609954286307
0.003215750298201899
0.004064569054687185
0.003777842629449746
0.0031949280689464016
0.003672744680648228
0.0032562366424168983
0.003448804959836457
0.0029169141266037727
0.0017283661181476475
0.0018709447088660878
0.0018929732800648078
0.0019038628767113618
0.0020358352207036153
0.001910128398767633
0.002127969740453019
0.0018637407804577557
0.0019281414949472095
0.0018389466526951411
0.0022080507638778187
0.001991827478340847
0.001864819772895763
0.002164198137421965
0.0023291595944067616
0.00177064349778366
0.001596687252878245
0.002151670368125669
0.0017182038692356773
0.0017282443330247955
0.0006806630029810586
0.0006226544369128019
0.0006142272510357386
0.000665994672387147
0.0005298640335504046
0.0006546816903455703
0.000606703467178614
0.0005673631203513445
0.0005582972863516011
0.0005227714886118642
0.004394558812402886
0.004282043043691486
0.0038474575523544685
0.004058713955710652
0.0043343366799952895
0.0036110069541270434
0.0037835409049193506
0.0040222256037323505
0.004394698922531026
0.002920101664381648
0.002372998017845354
0.003242353893560883
0.0026733852207116455
0.003383070411114217
0.002864423455971327
0.002894012911093486
0.002652209468029776
0.0031177461820631244
0.0035172454714954378
0.003063499180595462
0.003138925532387348
0.0030007634940732294
0.002905254847837455
0.003165907485442835
0.0034244141361984095
0.002948454215055886
0.003174983829694804
0.0032335216510516957
0.0033945234596353072
0.00333767792497069
0.0032328526427711545
0.002997282639704121
0.002922550819478928
0.0033149348010417124
0.0032993190072161697
0.0031975281947250306
0.0026936063389608298
0.0032032810200615294
0.0025054136643344097
0.0031585558866629054
0.002895140026583339
0.0029079802265353045
0.0029376631713383555
0.0026959107963706683
0.0024942773496002286
0.003701460539533144
0.0030465931720855847
0.00321974049640162
0.0029831577358125005
0.0031207159540860177
0.0029645863702272767
0.0033752715671830163
0.0029299002301223544
0.0030264620078182727
0.002902152514394645
0.002697806507180162
0.003352102962025002
0.002755416442579951
0.002548199649583356
0.002450953858113087
0.003321767341458463
0.003623660856629602
0.003431462350675746
0.0028037031994511043
0.0034024227276515826
0.002591324213363549
0.0038304265632194126
0.0037268495868956215
0.0036326596095849193
0.0034146542257106993
0.00035217920687558377
0.0004067482927424147
0.0004544359474973204
0.0003846680867597976
0.00045095573684820204
0.00024353657355236853
0.00043382259486200676
0.00033327082681718144
0.0003371561057111686
0.00039341203343474303
0.00239597313484812
0.0025131805608178477
0.0024318658007590225
0.0024416477399431626
0.002129148577957653
0.0026138269747357327
0.0021368801912600714
0.002018062608047342
0.0024048948587665465
0.002452604500565385
0.0006355498963074187
0.0006189460102153497
0.0006187301564257586
0.000615390722428599
0.0006277906685467637
0.0006216077471359847
0.0006469385228291391
0.0006983803687644102
0.0005320743503574551
0.0005933476486427768
0.0030943393855467063
0.002401060217269992
0.0032832544971172052
0.0029656783809065314
0.002877824992561621
0.0033696141221731942
0.0029685953034184515
0.0027177458204811766
0.0027040228975810845
0.0034907410511541828
0.0022574310196518165
0.002601480587280783
0.001544807566562076
0.0026397781837761832
0.0022106754533132407
0.0024620122629805965
0.002135806275034048
0.002332052142323726
0.002256884808091521
0.0022369139299945966
0.00029990329919249496
0.00032296142778043816
0.0003143310166645295
0.0003129531335301302
0.00033369678516473886
0.00029770638216549734
0.00024692744130737896
0.0003149700339819019
0.00031739079327176416
0.0003230373351413135
0.0006804339374044141
0.0005606497546190948
0.0005904580646898435
0.000695227725655472
0.00067221198612881
0.0006610334185538734
0.0006221331583249218
0.0005666928294061856
0.0006152421325283576
0.0006128846930436187
0.0029389773356238496
0.0032146572701441823
0.003326811111833701
0.003172853031957417
0.0032930763458445737
0.003264979273278196
0.0037121936714394664
0.0029854737256936447
0.002915436426786881
0.00354138218499228
0.00041653226793812574
0.000418043524700033
0.0003153060752079662
0.0004063485536132384
0.00041298764415559727
0.0004140926900093965
0.0004639623621490732
0.0004515952218847919
0.000331587772971695
0.0003921784497430043
0.0008037288993517932
0.0006961776456131916
0.0008640352235985024
0.0007205236734456443
0.0009151628783136706
0.0007622800981545065
0.0007584840865228754
0.0008618835594987671
0.000996748466424429
0.0008420989034188877
0.003119503730024318
0.0038373356096736873
0.003871783473117148
0.0035376613862455
0.0040672010705632275
0.004313087820946489
0.0038653487688759787
0.0036485198598144313
0.0036933025051108944
0.0033707814205949037
0.0008421071574943078
0.0009191738106741965
0.0008383772978646964
0.0008807237170297072
0.000859520276871722
0.0007993592334076354
0.0008756960024946524
0.0008201147933139365
0.0006525159429493034
0.000667033135479597
0.003626520065886015
0.0039128217676998945
0.0033722528624982344
0.003495139863426973
0.00340086638607522
0.003156465429703029
0.0036888566361131824
0.003192874420825095
0.0031166605178981296
0.002781842453973931
0.0009371914016097179
0.001001385825708174
0.0008448019386820582
0.0009683924120737999
0.0010670982170474515
0.0009065223005121052
0.0010638212695954399
0.001019428359776811
0.0011025741300808454
0.00102933769156367
0.0008348792497923806
0.0008067702390381766
0.0007502488702411139
0.0009120043413209627
0.0007565153064482959
0.000828863334324261
0.0007893603652781939
0.0008558680402204446
0.0007740974906678196
0.0008352876161020748
0.0011067347048805802
0.0013745910253867189
0.0012135393615404716
0.0012841832138960534
0.0012086096504392147
0.0011713831852545407
0.0012449490849830555
0.0011528188536987951
0.0013244848688031123
0.0011628438785427093
0.0037250036858225903
0.00409237776356435
0.004215205324943584
0.004172055618712504
0.00286290408681634
0.0035470931042506097
0.00402231740142496
0.004488797838224157
0.003602402054284008
0.004037817002240279
0.0004223366654407236
0.0003582222890133692
0.000369093673408857
0.00039654407163259024
0.0003431221591710363
0.0003988260101407329
0.00035060212394647113
0.0003610654485834012
0.0003544674835596522
0.00041309986025684633
0.0008133995011115275
0.0007248982386250241
0.000685489632677899
0.0007315739984531488
0.0004999873814318884
0.0007783366574976867
0.0006371649397164869
0.0007728630357223234
0.0006555839019826218
0.0005973142397834846
0.0030341287621881504
0.002687372033622053
0.0032580479125919716
0.002788499954765815
0.003152586499692274
0.003105416682982521
0.0030296854822265485
0.0025088120349927158
0.0027966390337299243
0.0027388248136012657
0.003260691159483496
0.0033524632413740076
0.0026124294736388776
0.00343070754246182
0.0025668216695842773
0.00251423471729406
0.003220974277468204
0.0029843571008868128
0.0034312392797041726
0.0026774327452316936
0.002991944895755689
0.002287149136276717
0.002624040524271893
0.00281510526416421
0.003002164911744675
0.002617621024610743
0.0026899178172228636
0.0027427930827024862
0.0028334460212435116
0.002680231220014241
0.0013546966824784534
0.00207524218144417
0.001319592207021594
0.002392926824844172
0.002521352877630415
0.0020923278510833285
0.002277475697361026
0.0021033208397983234
0.00219332721112392
0.0020750696485876464
0.0030640436429096828
0.0035774089867178244
0.003345224009082965
0.0036647194391457873
0.0028605672939995353
0.003155448300247617
0.003300165865316531
0.004531410674975913
0.004246814910252402
0.003272095529129151
0.0033478029333124737
0.004257103192153821
0.004311401971202765
0.0036174459149446387
0.0039008754336242297
0.004174609137542813
0.004125489933412208
0.0038485126253989055
0.0034487407293218334
0.0036091075278298613
0.003135056682265312
0.003345656236809107
0.00368858641678653
0.0030611364127986233
0.002993915462620004
0.0034767760500723967
0.0030572114865992607
0.003630244848836898
0.0026958582353866292
0.003218709740193025
0.0010071372118550066
0.0009354661184498956
0.0009908895004107625
0.0010390340783770912
0.0008506082265095161
0.0009769644240696345
0.0010127916805313985
0.0007759191961003923
0.0009554014715138986
0.0008969990674049035
0.001282727253170947
0.0013434612952793502
0.0012825638193293977
0.0012646738384004719
0.0011906465727713012
0.0011499137480609344
0.0010472810461434484
0.0010496098940782183
0.0010861078644146857
0.001443421362705357
0.0005856767457182625
0.0007017304100077759
0.0005869583902534508
0.0005739552134101677
0.0006885663246075036
0.000571760252203056
0.0006399420540920737
0.0005459617139174437
0.0006266893158792582
0.0005235238397310744
0.0022216740372772506
0.0028787645725144237
0.002461299794284794
0.0020963282474587685
0.0023701084952640877
0.002673994582967441
0.0025804903852443195
0.002295401579694254
0.0023767131139249657
0.002387676233993629
0.0010197482615198392
0.0008859459683489452
0.001117987788146178
0.0011031110553231202
0.0010012871973542866
0.0010489630013307538
0.0010686582032793462
0.001058957134988915
0.0010318472715057385
0.0009444444324891825
0.0004165008081958584
0.0004368820278284047
0.0005433635591123732
0.0005162333579542234
0.0005266624949714045
0.0004102873702738311
0.00043356969753406455
0.0005253642106927984
0.0005059782348312529
0.0005026695789015004
0.0030315520877468687
0.0037164913040063797
0.0030269851142596246
0.0032430702708416
0.0034851710238140736
0.0031097280196080257
0.0032307412948836918
0.0039883105654587156
0.0035923678728913156
0.003462550997936909
0.0031483991430650694
0.0031632349373457614
0.0025380853308884896
0.0032461121454855297
0.002751379011928493
0.003100170911150209
0.0031204520298487902
0.002817215850435113
0.003746308502867447
0.0030703212232565456
0.003591642109674303
0.0028901284160784777
0.0034844873780773954
0.0033079512604350506
0.0034921175674282757
0.003088096108669342
0.0030383522005650093
0.0027063718265481116
0.0036536241215749535
0.003399655836660097
0.0027175638183221116
0.002781717097580887
0.0030926281995554503
0.0021395878221019847
0.0028353824356124034
0.0029446237394175345
0.0027638260115751957
0.002576718013312611
0.0029006505479283336
0.002914597018572773
0.0026063495068346433
0.0029268187924910627
0.002822033784352599
0.0029678133884364567
0.002813595745128217
0.002887143287091548
0.002962210825640395
0.0029705277542989073
0.0027643101552358865
0.0020442497450652215
0.0007323962804905137
0.0008084806443080647
0.0007768372560947456
0.0007421432195782385
0.0007035482140980236
0.0007929483406725139
0.0008107128129542765
0.0008306125237867881
0.0008886163206614983
0.0008128796886745401
0.001913365481735808
0.0016552556403880607
0.0022786552100062312
0.0020669421053898054
0.0018047308377947427
0.0021180329594913745
0.001851406138906425
0.0018941320490303438
0.0016073371011675508
0.0017686051208365555
0.001762478887507019
0.0014617495082328803
0.001561628439186041
0.0018358976218628867
0.0018670295019233556
0.0014828656077121823
0.0015952685275218027
0.001616498913269379
0.0018266646191628922
0.0014063010905350356
0.0006798899465040903
0.0006905957222109669
0.0006353346622931273
0.0007602937843810689
0.0005502237531485858
0.0006359195572149532
0.0006954756098870191
0.0007389487585814143
0.0007084315435041988
0.0007365438492064217
0.0027127271114549007
0.002868186506185844
0.0025605735963458286
0.002678573792291083
0.0028063313094787265
0.002697174567473971
0.0023577367344933026
0.0025652568495108767
0.00222442109172608
0.0028536002180985587
0.0032409691034733473
0.003233296027419353
0.0030898215379686297
0.003272991571250849
0.0025253147198328295
0.0032483874387807254
0.003037356895738115
0.002933380041202285
0.002395804931812549
0.002501697335304669
0.0007300290209932023
0.0008013911635859147
0.0007777253092872811
0.0008401223397365331
0.0007283744899216999
0.0007811479743199763
0.000772641917753972
0.0008187510380021341
0.0008314827253970209
0.0008152169051880225
0.0037293222978235802
0.004289884239793555
0.003929608237258331
0.003332484751039054
0.003695267914700229
0.004351346456797138
0.003914470109847445
0.0039073319605661665
0.0038344752943393597
0.00418351283143045
0.0032487145890957372
0.0033197999607788545
0.003311297673031764
0.003481850536812657
0.0036287063699208624
0.0030064627024204696
0.003511222842241502
0.0034224015999800303
0.00335491269230555
0.002795411354114212
0.00029138599113678074
0.00028047700638014886
0.0003272203956259022
0.00030347653489012894
0.0002896485390264246
0.00035464278899964574
0.0002958841092414963
0.0003085103885045747
0.00028690534841012996
0.00023249774015012592
0.002264311650289225
0.0027435030421966533
0.0025361796971661195
0.0028631508788781873
0.0027833765527688747
0.002512473383493474
0.00270084286204435
0.002671464199606997
0.0029883061255812355
0.0028387220399404894
0.0006111466760394064
0.0005783311857110238
0.0005810815365851542
0.0006234447116431956
0.000629544728524177
0.0006605836032673442
0.0005662446196758611
0.000587842293317083
0.0005414774770352996
0.0005747428810879476
0.0009120260745787934
0.0009868246783320703
0.0012004198891580815
0.0010097579352698791
0.001052970814012503
0.0012020752813948633
0.0010015808387459262
0.0012471445611192062
0.0011753402040050804
0.0010376681715136807
0.003358498027551017
0.002499276232618956
0.003343860715668476
0.003495021931226852
0.0026578665365947986
0.0036693143662769666
0.0023819931524801203
0.003223843780485995
0.0026912288296250895
0.002846101529064932
0.003752616828024092
0.003862220120523154
0.002657326159908618
0.003331808196163864
0.0030892069239647074
0.0035110154442044694
0.003293417740966923
0.0038422587115453048
0.0033651177770837337
0.0034684670564436443
0.0021467110254621805
0.0026812336716736905
0.0023032165739819864
0.0020103334233952585
0.0021208596586568883
0.0024120299736151434
0.0023008958442776017
0.002435059031442482
0.0020525634535472595
0.0021962582016276503
0.0035395332556818256
0.003437795829579839
0.003219678577054491
0.0033616768113655664
0.003481318510218643
0.003646841471530538
0.0033155462642143725
0.0033925814846308285
0.0035434730724660055
0.0034073462005450523
0.001379611038270686
0.0013699838755078157
0.0017333866298468621
0.0016129679465837468
0.001457372576472578
0.00138610890024266
0.0014423702321596844
0.0012528727636348473
0.001654998406851569
0.001838824779726269
0.0006632684640114001
0.0006425470032681411
0.0004963879674913981
0.0006909713161862149
0.000570495249288063
0.0006928669883247902
0.000659140527587679
0.0005329027338710433
0.0005899225495336376
0.0006449067430059932
0.00030360192604681597
0.00029014676116627364
0.00030521898056732206
0.00027804069827638627
0.0002974772239100929
0.0002679919787307489
0.0003054936008261658
0.00032352793011594747
0.0003337140558896997
0.0002698696302366936
0.0003948490295003295
0.00038091972790427
0.00031743759896794886
0.00042020265863020967
0.0004410525793585896
0.00043117821921438476
0.00036755387129471456
0.0003981308112414041
0.0004549404637286409
0.00042683490326645893
0.0018253873667507358
0.0018510228440499884
0.0020297333551451474
0.0018467080213049084
0.0018531478297315847
0.0019956724605900158
0.0018418449541702975
0.0020144543566297476
0.0017687548367090798
0.001651344304276529
0.001553102367903806
0.0017000114278649416
0.0016144691057355341
0.0013749388759449336
0.0012807442845715383
0.001731309001527462
0.0014420270469091656
0.0015064498007388277
0.0014896104832954797
0.001588022287796259
0.00271203265231902
0.0027051307557135057
0.0021771247752396645
0.0024097329661786834
0.0023018219257638626
0.0020933063846685813
0.0025038998816374345
0.00257392289884363
0.0020964736582488206
0.0020209609470393376
0.002491829917485782
0.0031704401772101134
0.0023085400913388774
0.0022132495296620504
0.002596359427206406
0.002943001192937875
0.002727863216934192
0.0023013202810588935
0.0025630864454581096
0.0023120024925835877
0.0029396573460666376
0.0035085202680746456
0.0027993251601050755
0.002501453592834568
0.0032353308454586083
0.003320115761888101
0.0027951761977435085
0.0027441173158438076
0.0028407371983913223
0.0030745998682078614
0.002629178643587858
0.001727739164198291
0.0023684080698123983
0.002028257469293946
0.002397779334938845
0.002131990745799915
0.002318483631642523
0.0016752826530515826
0.002137786485856343
0.0022519541434958303
0.0018511390759082377
0.002130237567132634
0.0021050856735229297
0.001791103255330959
0.0018092930751372534
0.0019883099548479413
0.0019869286112188227
0.0017204357025126773
0.002305800075607248
0.0020426854914002758
0.00038552150949289394
0.0004980675330907036
0.0005700326320052244
0.0004922722735138273
0.0005990079220841017
0.0005477047798989329
0.000520135048319776
0.00045870617143383894
0.00042469784344947295
0.0003912886967450249
0.0006095800046333771
0.0006305445664790317
0.0006245399823363838
0.000588747840752944
0.0005524140502586597
0.000617878723906128
0.000590625238423102
0.0005983513781668705
0.0005792335580859744
0.000622467617301608
0.000977361311891189
0.0009801770539776807
0.0009549998892692603
0.0007261468362938753
0.0008221781213159198
0.0009536367836441163
0.0009590341824795312
0.0008478707296978436
0.000883540700276184
0.0010358138661890075
0.001237855274422028
0.001013902173285941
0.001057131049383172
0.0010545919437359892
0.0010369644896116256
0.0010055243534148298
0.001137668728785811
0.0013098468762105099
0.001174234761569805
0.0008776332260761534
0.002331619221843637
0.0028970707769486086
0.002604212068837033
0.0024214061960507864
0.00228855850039587
0.00197832315749077
0.002312599367230539
0.0019338714117550077
0.0026841429768279476
0.0022582701367030045
0.002954961851797706
0.00316357143828482
0.0029381745742129367
0.0033370441988740877
0.003283380526719157
0.0031353196390589096
0.0026334759878185268
0.002679301661830593
0.0027055186055888374
0.002904465400527736
0.0034172291571295836
0.003173319967086716
0.0026181144743718816
0.0028664458431984486
0.0031291099209116912
0.003524541018755889
0.002401025640977913
0.0030359350017984616
0.0031372993699187424
0.0031366460785732966
0.004712567988493815
0.003910925446487034
0.004141258097314408
0.0034940276248196507
0.004385382566044521
0.00410804515675414
0.003873290655061109
0.004691921320147803
0.003470209381981612
0.003995377234109124
0.0036113438421219233
0.0034711766675331723
0.003684636740912276
0.0039772038321837615
0.0032516619007589617
0.00341657259866768
0.00354191937468277
0.004117610985752018
0.004200766730227445
0.0038473305883687105
0.0010482907741226144
0.0010495129481602951
0.0010419638861430438
0.0013077795486802974
0.0010061299539314448
0.0010583111508185232
0.0011074394234816948
0.0012011671775238241
0.0013200592618118126
0.0011773153212549397
0.0020385947113198953
0.0022958537858470632
0.0023646023240861446
0.0020697821450855443
0.002234952100948434
0.002007013527248651
0.0018343026471417674
0.0020502010061888946
0.002195824475586975
0.002134534453647511
0.0035836163654972414
0.0032871560579408403
0.004098569543837233
0.0033086922148308764
0.004331666816347137
0.0032209086242493937
0.004262395399447153
0.004213661715528043
0.0034154056223309383
0.003793048056392352
0.0010395977628993847
0.0011355615467283488
0.001125178253384395
0.0010642835957652514
0.0011012351451205552
0.0010565127218661562
0.0011019692557310277
0.0012125996798702718
0.0010695665371974964
0.000892514200103733
0.0006476245946859928
0.0007725934173844242
0.0007023188011084441
0.0009000414027178888
0.0007365497950510995
0.0008023156140267145
0.0008158867297639751
0.0006775505737416671
0.0007870981735326357
0.0007280658791812516
0.000823653690112993
0.0010394229397278475
0.0010621124059727394
0.0009831147742470924
0.0008793991887096913
0.0007891932898509034
0.0010019968368099764
0.000879026955206204
0.0009150444501967201
0.000870742019387089
0.004375666229515498
0.004049909683954523
0.003602920239943921
0.004408979487121973
0.0034998125665075853
0.0025228844285281734
0.003740190571005535
0.004205100449154453
0.003974010230234381
0.003689172458076987
0.00331340941018986
0.003550756335259829
0.003030508419679625
0.0030108512359978013
0.0034635857132392337
0.0034369727354129024
0.0029898274387326947
0.0028841989014260637
0.00310172937452993
0.0036151690293985904
0.001687639575003848
0.0017881406210907976
0.0017920071201165128
0.0019126583917520067
0.0016844187512138399
0.001673179382132725
0.0016795458842762728
0.0017172352232337474
0.0017142146699212328
0.0018227788841454142
0.002952743874163123
0.0030777678659996846
0.0032949575844213957
0.003236667009128441
0.0033334098744574633
0.003440808564974087
0.0033752199904610015
0.0035659221086887546
0.0038899166437507938
0.003621669546562501
0.0031597680509308267
0.0030786433456630982
0.00350532360330809
0.0036586785187816538
0.003457288432729735
0.0037010704952175778
0.0035142072869595686
0.003363801768475079
0.0028757618551676738
0.003164450756512425
0.00020007180533244213
0.0002290655432942491
0.00020492438700531903
0.00017845358973848184
0.00019096600364915058
0.0002108945364966582
0.00018424866993533976
0.00021428989032348263
0.00023371804043523968
0.00021071228006466335
0.0006371586102073078
0.0007416042746079115
0.0006849847577750781
0.0007176632655739255
0.0006417170385767969
0.0006975238539017703
0.0007732630885040343
0.0008169229583521718
0.0007107377851309929
0.000663917349582996
0.0028433989252976736
0.002396541463271169
0.0030078203161565857
0.0025782009668883967
0.002773480057795531
0.002323653134372942
0.002576131098964496
0.0020632943073508464
0.002885844577997184
0.0030071391631021913
0.00030483486260450457
0.0003109297477210944
0.0002951941052862881
0.0003240951965469175
0.0002844422840746945
0.00030237558576240203
0.0002978811834396507
0.00025281744140686306
0.0003837394000895073
0.000309736050985286
0.0011624909815513788
0.0014348876186249658
0.0009154585915631575
0.0011741438972628989
0.0014098230049740517
0.0011974046844633152
0.0013374783742930456
0.0014918365973165238
0.0010625152785674091
0.0009609473809839065
0.0007855536341631732
0.0007190108160248006
0.0007235782005178322
0.0007309774762965205
0.0006041219097007032
0.0005910027199938292
0.0007079905286588651
0.0006949546620244108
0.0006726547356020633
0.0006915471449092254
0.0026941239778987477
0.0024506263380236018
0.0024370984837770314
0.002596093431359881
0.0024697643828123094
0.002160610503980715
0.0025513708599999925
0.0023143125486895567
0.002075910039532174
0.0022147942139664318
0.003937213319973607
0.003185374942489709
0.003213460781465789
0.003347942623099099
0.0032767282535219886
0.0034115769059531935
0.002926414048152142
0.003774810710088883
0.0031254300129324388
0.003087562633846391
0.002489414426896427
0.0024402407369929708
0.0030606715822739383
0.0023528146817863465
0.0021193844379345595
0.002431650452812721
0.0027199403333155276
0.0028519147444098433
0.0021117277440634696
0.00203649636925153
0.0008116840148886655
0.0008528484552778888
0.0009818488921075818
0.0008675229043284909
0.0007697720176095225
0.0007955859606655773
0.0007246592512258598
0.0008315493197274883
0.0009175938904355023
0.0006993371029427011
0.0035006517030799103
0.004161964496542116
0.003964656355572483
0.003681844384504665
0.0028968869264818452
0.0031252256082400552
0.0035032978390358146
0.0035605617330638013
0.003858456306911888
0.00355412930837371
0.0003087277760580639
0.0003427223454018828
0.00028530538172734057
0.0003274670501460959
0.00031664290371384465
0.00027081912389973487
0.0002904117320640966
0.0003331817916140179
0.0003448159597685427
0.0002956290051151061
0.0033048961998538096
0.0033587454733987093
0.0038894404811277024
0.0045456868636171485
0.003615849603191419
0.004645760485347232
0.003428754986298468
0.0032505552519976454
0.00379833434204625
0.004176026880632076
0.0031389167085542854
0.003325628288857112
0.002874906463738732
0.003334295598240591
0.0034223004520433915
0.003286155482515165
0.0029263444672041924
0.0028448778222222477
0.003061871310236923
0.0035520717970699764
0.0031299671086546027
0.003392329972738651
0.003673448872024584
0.00348531329693818
0.00397257082162585
0.003347647491782262
0.004093585698101887
0.003984961160044679
0.0035811584187442104
0.003862697125228437
0.00370020917370898
0.003470683015385579
0.0031714228995596374
0.002988035795509002
0.0029908698336604356
0.003150339814855289
0.003053461307667094
0.0032495124954197234
0.0025649620816705476
0.002961268637737833
0.0014242107666358808
0.001584954546313299
0.0013713280244861384
0.0013189997681145335
0.0013255546872969867
0.001332888072518327
0.00136434287201456
0.0012818034670426558
0.0013499554027842262
0.001365384075834598
0.002963542519404724
0.0023935039703571184
0.0026338457829707244
0.0022562242511359144
0.0027126528567501915
0.0026293663139001903
0.0020963580467561025
0.0024493568860277587
0.002433866994786309
0.002195308925636114
0.00010519302505923962
0.00010376983837687646
8.760053778287947e-05
0.00011499296866593345
9.337164641557084e-05
0.00010423406516996081
0.00010391503573512296
0.00011588232233378918
0.00011287897079946234
0.00010440809457852042
0.0025125636328958457
0.002445877970578252
0.0026009388269491412
0.0025008920279792116
0.002518914325184249
0.0020321657168626273
0.002326830014867147
0.002604452598562232
0.0022267893285990376
0.00259979876313532
0.0009994343161595963
0.0008733873086132413
0.000753581686837712
0.0010728762714942957
0.0009376891029197375
0.0010759119244782658
0.0010223433515099912
0.0009504671083726383
0.0010540060695630623
0.0009530157716494365
0.0018595803238504233
0.0019331333158590343
0.0017664798474582746
0.0024089690683927172
0.001773070451224405
0.0021868833333796907
0.001992561002905556
0.0019878332524737915
0.0017969323392324074
0.0016780672860779596
0.0021243512796104104
0.001929252671773615
0.0020387762372007893
0.0016157316141314547
0.0024048060155092295
0.002274941960691324
0.001906331969252095
0.001962747976612745
0.0015741298827943698
0.002362746779224572
0.0016269177898725988
0.0012381251002841268
0.001340128749253129
0.0014712728813101373
0.00139660334646107
0.0015237263855194458
0.001546253628729196
0.0014034057491448672
0.0014514617303945116
0.0015616962184163718
0.0013626806818254908
0.0013585289282862338
0.0014328390750631271
0.0015609649315286758
0.0015016369590753467
0.0014489249849954226
0.001398967584853855
0.001558792364356846
0.0015912658452025105
0.001063800384617372
0.002437156124593993
0.0018932215445970225
0.001957034681143407
0.002112728801241374
0.002095914263103354
0.0023329627443204994
0.0019102660602119494
0.0022670577682581284
0.0020995011175197888
0.002369870932448861
0.0034514264098356633
0.003542372156020619
0.00415508005054683
0.0031749749050277464
0.003395642060669405
0.0033710596539799544
0.003722717498411257
0.0038284964478123725
0.004334909550005454
0.0037174319600386573
0.0032346726888437404
0.00342756719515235
0.0030144747994466452
0.003465783083323399
0.003320161787882504
0.0032291038742173787
0.003714127068203834
0.0029575873779089878
0.003177692996264213
0.003948013064417859
0.002065516431125266
0.002411298313081912
0.002528881587169759
0.002565298395849599
0.0021857272384746243
0.0023746280457236767
0.0023210424794516253
0.0019216072508947718
0.002082619681673896
0.0023087937583353094
0.0021730198798331937
0.002330107286007456
0.002307288040836543
0.00215771566435055
0.0018337515145156092
0.0022451369168658346
0.0031280843705614506
0.002918289744425335
0.0028109950526053022
0.002843166899386881
0.001987826187416252
0.0023279556946938056
0.002210878248799708
0.0020044852343259066
0.0019993437733838216
0.0020363913222282877
0.0020706085472505
0.0019244844641660495
0.0018727573817228914
0.002119375675771618
0.003520253704977781
0.004046180606287076
0.003526109536721583
0.003922222954789268
0.003521491193979573
0.0035349383814040724
0.003958917035174362
0.004320235081701667
0.0035931602503556713
0.0036175726862729073
0.002824672618231625
0.0030324139607151913
0.0030501800258506758
0.0026015503494069628
0.002955100094003959
0.003192181030679412
0.003245112767724311
0.003336313635938811
0.003139260621159686
0.0028099825841973146
0.002260791071582127
0.0025207866769393116
0.002377884622679194
0.0025151928823296107
0.0022487013891124264
0.0019935233519057095
0.0025268962249262394
0.0022801394651298075
0.002467053040432228
0.0026293428755216623
0.003227551443197433
0.0031188320483962802
0.0035683373869566898
0.002878951345766898
0.003614526516791745
0.0034987123752025324
0.0032014913588945173
0.003697801833338371
0.003010338851647952
0.003707386631172589
0.0020530265228544155
0.002161854955887376
0.0020950757733866274
0.0019355954990052252
0.0020846792170731536
0.002028285439949814
0.001762503763368472
0.002100029891270903
0.002177948920356621
0.0021367618219798453
0.0008849438948624254
0.001055676739374956
0.0009542729583837278
0.0010584612872393889
0.0007863765100916969
0.0010003295106281306
0.0008104854913022123
0.0008771089710697719
0.000884581789119882
0.001085764106309612
0.0017731075326888222
0.0021721364987157196
0.0017130280499857143
0.0018809384817031376
0.001994997778101855
0.0021466265029771
0.00196608828730609
0.001545008600665048
0.0020412043801704477
0.001873962627558024
0.0035245843381286513
0.004054309635726956
0.0040818229102613564
0.0038427640346776104
0.003870203068127677
0.0038774114769645463
0.003998102639854542
0.003528255711649343
0.004111096456078206
0.004070602496886487
0.002560550385004365
0.003560756872504906
0.003509400172944903
0.002710020638415061
0.002844037614522491
0.002518964713289699
0.0033787939864046808
0.003397651179146357
0.0033785855851744717
0.0035895213304024368
0.0024026083433212318
0.0026738125894366547
0.002963207997142711
0.002804541800574587
0.002785964115566287
0.0026153218077032176
0.0027367346926724587
0.00279638487174291
0.0030288237450631257
0.0029937325736402345
0.0019838682080192895
0.0020836828490164343
0.0018297451334885087
0.001826445429939992
0.0016528638222665258
0.0020908420341946817
0.002246022110365008
0.0018035717199042921
0.0019493465699090473
0.0016526290065418303
0.003756739401462646
0.003830378466834791
0.004594428347351206
0.0038518954691060007
0.004465019104210441
0.004183441723847281
0.004372289349460572
0.0037114559766406848
0.0043311534133832165
0.004146688833339598
0.0011381965781186612
0.0012472860443001378
0.0011115770127437296
0.0010243104464973027
0.001083206691486668
0.001288145719292963
0.0011807161101358243
0.0013135521406337928
0.0014401416397029686
0.001253507741542345
0.0006162718659782241
0.0007033929029057372
0.0006011079924812522
0.0007950258195597052
0.0007972906375009819
0.000717607332542104
0.0006606097289505294
0.0007666053197949758
0.0006531101338300278
0.0008006882656178189
0.0010577029456223736
0.0010817265780285383
0.0010791994988484882
0.001111219431513319
0.0012595063025588108
0.000990095078976363
0.0012104754284495086
0.0009530988546377882
0.0009929822151738621
0.001100599842367413
0.001119151810551014
0.0010963722432352086
0.001121042147263713
0.0012341310921343805
0.0011409262418699624
0.0012713441434299378
0.0013561482110217957
0.0012496826762566427
0.0011422413752306486
0.0012857189161468755
0.0008986905281462899
0.0007856519684430073
0.0009194259815681617
0.0007700872242196481
0.000993288060673266
0.0010006598513790917
0.0009071229137665588
0.000971718877438024
0.001040387855763887
0.000764793910918989
0.003934831924251639
0.003846119551996187
0.003324449100246122
0.003397809363485085
0.003192716345471013
0.0031692088128628753
0.0034272697526124478
0.0032577737895952844
0.0032288528212847667
0.0029351562056258527
0.0022966099013309493
0.0025905912086809555
0.0023033631044167783
0.002064858418166038
0.0023760280331025364
0.0023962287736076014
0.002296473906807585
0.0022775484581552203
0.002570352081989545
0.002526679358387315
0.0013392467313246797
0.0012661064052799282
0.001093928703215495
0.0010547616352961657
0.001276919902493876
0.0011992524804260618
0.0011604711375341598
0.0012893748968404316
0.0010508400800378849
0.001242110673115369
0.0011233609797599254
0.0011459934375430147
0.0013996954317680834
0.0012492084426198341
0.001294421886339689
0.0011591618835420307
0.0010482644314061791
0.0012999962817998238
0.0010769605680848156
0.0009501619754958474
0.0010701945177969247
0.0007457724838396533
0.0010998566047225897
0.0010104155825983463
0.0009335520225142215
0.0011470401777102512
0.0008900795729824542
0.0009831741336046754
0.001047782810084007
0.0008867554864849642
0.002437862261986215
0.0028466127653991144
0.0024544121174625753
0.002522957290069211
0.00272163806457213
0.0028813082742772714
0.0025919402240280765
0.0020812801603369534
0.0026920855420728552
0.0024802738821896593
0.0043922172554675
0.0036721323297739155
0.0028792068850885763
0.0035421660490919994
0.004026133921406802
0.0041368985758463905
0.0037749403399160724
0.0038422040594421015
0.004156100625176946
0.0037066709303858864
0.002225229704697685
0.0017344067960594726
0.0016579151454934062
0.0022193289584394537
0.002582895367937411
0.0022267822698586936
0.0022839289408139347
0.0025241253358281187
0.002226315686336021
0.0020844727544687435
0.0008008677729630932
0.0009099232601501497
0.0008109641746213208
0.0010055426050484422
0.000785474408989795
0.0008637882570161755
0.0007295234993385564
0.0009230499921399669
0.0009672696503792938
0.0009984360738752472
0.001146525973554442
0.0010616180115725258
0.0010296492375083365
0.0010602435861963209
0.00104064770616003
0.0010163154937070256
0.0010880925830194874
0.0011135021401097814
0.0011159033927871783
0.0009614672382048699
0.0012275203292777203
0.0014894526812881579
0.0013737937875497694
0.0012012915495867992
0.0013477224148675684
0.001287050615813905
0.0014076978650593942
0.0011877817770034787
0.0014310837971493904
0.0013139324633216177
0.0028472585786356295
0.003979739374325535
0.004015640346839516
0.004063469824181695
0.004007518770279577
0.0043152652448369775
0.0038028401728919395
0.003434073022759478
0.003536715436080322
0.004105077497563201
0.0014579904727572966
0.0012476902244787115
0.00109269705927675
0.0011083010627071243
0.0010358311674892207
0.0011551075665743446
0.0011939228001049055
0.0013689121579262482
0.0011882958441574495
0.0012938235407996424
0.004108927950731392
0.003988968251783229
0.0038100376269482013
0.0038748378159934004
0.003991068837175019
0.004425444474600842
0.003363287640787627
0.0036282795248417745
0.003962061208406844
0.004335790337347477
0.0007739542377612166
0.0012086763488460691
0.0007584550639428238
0.0009463238026031283
0.0008521954431328115
0.001139605370149265
0.0010659041419608661
0.0010517177206485206
0.0007554875790942157
0.0008976404284782029
0.001775234041307297
0.0016658070669457465
0.001922998885709477
0.002012229902777208
0.0019899866534233467
0.0017591713008917253
0.0017311869246143608
0.0018023794352373466
0.0019399038954157957
0.001568211583990091
0.0038474821736058425
0.0038634029677424957
0.0026194833630826414
0.0037891654071923386
0.0038256579366019805
0.0032763285993957615
0.004136109434729608
0.0028032230167943737
0.0035626575389066033
0.003124136151046908
0.00208828795511423
0.001730206726797364
0.001855372335863139
0.0016613499331286517
0.0019757988165860973
0.0019563789639747576
0.0016488231298121701
0.002020894605573501
0.001636493479811043
0.0016723491127217216
0.0007407463537470019
0.0005815914994226301
0.0006429711538176173
0.0005500394082085621
0.0007644173003754811
0.000608717774016136
0.0005555434731012416
0.0005414169768093109
0.0006978942819877046
0.0006016125422167253
0.0015664136150485158
0.0013886042489029467
0.0016802091303743587
0.001637039321874064
0.0015200241718448448
0.0017681946405181928
0.001311358249328336
0.0013440340145530376
0.001558591953888804
0.0014925500767344543
0.001284119515739328
0.001454516166399231
0.0012760181182226316
0.001492336678716345
0.0014251437258332867
0.0015825787125234858
0.0013843216126163617
0.001288880478955923
0.0015532180421388912
0.0011538285487159893
0.001145174387722347
0.001309924140186142
0.001262386092001343
0.0012169907352045637
0.0013042681848295207
0.0013743741245097467
0.0012771337163192099
0.001527183794124652
0.0014215753665898986
0.0015461869869729573
0.00042532106221374033
0.0004617826231788651
0.0005934091626256702
0.0005208852692697626
0.000554665027049574
0.00043453956237633935
0.0004895331543169161
0.0005173099425586936
0.0005731976914066649
0.0004533413372464093
0.003863755269206567
0.0038967347570436715
0.003497473064910086
0.0037975578571556876
0.003601231564671973
0.004214231976283505
0.0035427727570133405
0.003073238011119124
0.003394885711668346
0.002558851452691107
0.0016838326493882727
0.0015847427229198688
0.0012476425564189467
0.001615788249175776
0.0013205772296769858
0.0013834805582072555
0.0014568406346346587
0.001671867821006545
0.0016351708715201
0.0014822252606359406
0.0009407449297873511
0.001289032815145683
0.0012928990184412558
0.0012335885678821147
0.00133504849739112
0.0011115097950592328
0.0013825226427985307
0.0011951826531680005
0.001172503599219838
0.0013126403306125487
0.003261257548978987
0.0032020678009164975
0.0029107100295233334
0.0033794207890548633
0.00299588395482181
0.0036657931942169915
0.0029482032195005284
0.003064605790165114
0.0037664426455862685
0.0027958993744376984
0.0037430545185181494
0.003429201969604196
0.0036569259827837473
0.0033161106138778784
0.0030064770238017705
0.0035061478237905295
0.003709844284439659
0.003504585886051644
0.0038601635669809663
0.0038814261877918458
0.0012392389776897622
0.0012896924035769228
0.0012840515054675
0.0013035312315784853
0.0010988579004089483
0.001158456739911038
0.0011999282360133539
0.001443892118643174
0.0013527438830555141
0.0011699547838657383
0.0013888893575643418
0.0013478395765293431
0.0012464603131508553
0.0012924795242522879
0.001239994370818457
0.0011538542102546919
0.001283684473868702
0.0012562059785268872
0.001316946630988387
0.001263671008581247
0.0025112900904599206
0.0026501675171864444
0.0023955739285796214
0.0028976084597123553
0.00258343144461432
0.002504432792407427
0.002610635865989516
0.002107496821241779
0.002295533125804474
0.002883036723045899
0.0015685910451163183
0.001445852270616238
0.001801661951481405
0.0015071943974798508
0.0012636578594274956
0.0015566535436897565
0.0015376465791297521
0.0015249948186308077
0.0012458122501974047
0.001494323471536399
0.0021421839411830397
0.0022412234647740358
0.002422306101101336
0.0017072783744023854
0.0018532800390081508
0.001742594123927986
0.0016685217211765114
0.0020109880947731273
0.002071857202601122
0.002130104876772324
0.00021972237473515815
0.000186707582060097
0.00021146861094574297
0.0001800412280624311
0.00018313494280967823
0.00015941078148078852
0.00015937136640972066
0.00020214651476365837
0.00019058041881047267
0.00021792311462029987
0.002955459262526553
0.0030724702137737005
0.002546338791910442
0.002910487072580499
0.0029063500187127833
0.0029253451716600458
0.0021026333128332016
0.0031597698716112356
0.002772850289163746
0.003578619215010554
0.0023938982204595957
0.0023043439042971354
0.0022761564766699206
0.002272496415655075
0.002256378818928556
0.0024072777157101172
0.0019485232232714796
0.002327842108190824
0.002011493585833518
0.002525696194701412
0.0011261552679956498
0.0013651945371539586
0.0010022276602322572
0.0010579072109265899
0.001087730711237171
0.0011140919093480983
0.0012397123632834756
0.001146035526002803
0.001132301317819045
0.001004629222964938
0.0017127404083620312
0.0014899881758542483
0.0017564521090759875
0.0013977209969725
0.0017187906084488846
0.001970584003767975
0.0016084730962996727
0.0015206406428206335
0.0017511330140966075
0.0015173570248158397
0.0006651679538681577
0.0006404092771917313
0.0006014705789287744
0.0005681348679718725
0.0005772671206853418
0.0005233288416657098
0.000615240798396639
0.0005350118758141705
0.0005366553281891197
0.0005706658664930725
0.0011832363828235574
0.0010815554803382615
0.001304147522687113
0.001108053092924332
0.001185681988357943
0.0012014440975075668
0.0010290754801851128
0.0012486156083297713
0.001388018081338805
0.0014779506722058119
0.0032120911873244205
0.0034597192745327403
0.0036408375905648896
0.0032345387655132282
0.0033612512494175357
0.0028819619773350924
0.004040541776974002
0.0033708430860519183
0.0029298008392292475
0.0032891495792359143
0.0037000311390343954
0.003871945608974966
0.0037822203070971834
0.003943021975891483
0.0036511382347144765
0.0032264306854462837
0.0032840965944126734
0.0038271747920812648
0.0031905812304429343
0.003398744687650478
0.0039060434739076216
0.0036019410295537796
0.00410465373957716
0.00405452911982222
0.0036774462054347647
0.004266712491904591
0.0032230711280812254
0.003821240928335759
0.004009802456618369
0.00374880501764926
0.0029774100013055154
0.00295470744066869
0.003026960765447875
0.003435142931299334
0.003927935356912263
0.003527502843408404
0.0034216973584780485
0.00258081378083635
0.0034894279645031044
0.003665943695362896
0.0010900311979893734
0.0009879123832192934
0.0009611510386537876
0.0009456623225744208
0.001005300554084955
0.001034292494670529
0.0009814773026719974
0.0010139575026262531
0.000992645061950994
0.00083828074336637
0.0021757378340025615
0.0024530761171948105
0.002480483765327006
0.0023136567537838733
0.0020406853339794474
0.00238789899368259
0.002521665100331243
0.0023268275949892823
0.0023964108395994736
0.002271055625214817
0.003706680530828733
0.004205745872013249
0.003877651176267448
0.004424799625172846
0.004279093778757504
0.003467084755091074
0.00423311443914525
0.003926789427263993
0.0037444540373893923
0.00407381581719267
0.0004191248459676783
0.00043962022687689015
0.0003761051651308314
0.00042135618177464656
0.00038063559738403616
0.0004716952558391058
0.0003723732591635606
0.0004070199656024698
0.00045221652070102084
0.0003974333425248181
0.001119868938872408
0.0015049789916638321
0.0011731294828642288
0.0014931265801617457
0.0014167353921268307
0.0013392753033778164
0.0013080532988612539
0.0011422725380285583
0.0013847573829852866
0.0014235189433094882
0.003827676725964233
0.004012429665349488
0.003861535275928984
0.00420050728093856
0.0036509652351926834
0.003464871678779874
0.0031137690401780316
0.0035213051043416284
0.003335312444643722
0.0031316316125030133
0.0020593128336963556
0.0025834948840005602
0.0020888668680388413
0.0025600222926338905
0.002248638109210816
0.0019979109921245877
0.0022237314545474917
0.0027960055908165275
0.002002703915178
0.0019549354538093704
0.002265723150569645
0.002259779853474464
0.0023732893335551477
0.0021290083973551253
0.0027419601605544242
0.0022318234176306215
0.0025056292700025213
0.002714592021994689
0.002531974549700818
0.0025979699061919963
0.001192758343662907
0.0014415471144564656
0.001609018654248012
0.0015284622567878596
0.00150836856197279
0.001592272740242357
0.0014244845411175609
0.001493393021388928
0.0013285296935914188
0.0016154247240549658
0.0014897525215435102
0.001032826293387715
0.001214483434952102
0.0012566264674950982
0.0014879276655330009
0.0012091929832204794
0.001018376641349884
0.0012944456569048755
0.0013692101399465496
0.001158038313270188
0.0037619670191963335
0.0029989252609974805
0.004179858473426437
0.003397981609942703
0.0040720749538966546
0.003232031032867791
0.003634962154886408
0.003482813461448198
0.0034059924046870825
0.0038915889576763745
0.004640811260489095
0.004110080595593239
0.003781480191010634
0.004081613309099973
0.004299522944282768
0.0036681194151347097
0.0035892160823293136
0.004222602626746224
0.004209224026345631
0.00457594606109094
0.003970308444618505
0.004648731671446882
0.0034765111952199577
0.0039031755615166535
0.004036858264645378
0.0038211632639309034
0.0040514003304395006
0.004399696075176913
0.0034898839430984397
0.00386517075500457
0.0035968293390061506
0.003019736579436986
0.003396053221317251
0.0031130975853635875
0.003569379466591976
0.0034210612583900793
0.003134351163670117
0.003005468191391726
0.003175315010712307
0.002978717849702659
0.0030094390380385914
0.002291338913013756
0.002764213350489431
0.002903707728318179
0.002845823211494403
0.0025678058803529067
0.0035906684513108585
0.0027076945280149404
0.0029875299011988096
0.0025587382223785254
0.003656537603729841
0.0033647933551701334
0.0034616703631639104
0.0034914977768127652
0.002951842300492654
0.0034799147065974383
0.0035389232661456036
0.0034249665306576383
0.0032872494954033936
0.0031114125658678314
0.001996813295661796
0.001775096437462112
0.0019833448604218216
0.0016714601040034604
0.0018157268951590863
0.0017388963175581818
0.0020067090919176855
0.0018825293554864673
0.0019333398170594835
0.0017955784935794062
0.001878228502671574
0.002092415748230457
0.002173033750956565
0.00233129574086527
0.0020690336157914925
0.002264406792581652
0.0021507248410118037
0.0022008111790273164
0.0024385878646830676
0.002329907704353991
0.001919692853629069
0.0022226167213183867
0.0018874327805360192
0.002254479936877521
0.002172777138729513
0.002279710742121151
0.00215388772152213
0.0019797581685559087
0.001922797807170421
0.002238739809582485
0.0034822342671233892
0.0032662821056894417
0.0029059207669116086
0.0032193806024715865
0.0030896416179717573
0.0035415588578605298
0.0033619685670662177
0.0027731268476174293
0.0029634565971941905
0.0029330056847038832
0.00011616859445354706
9.310445514159933e-05
8.650565755753315e-05
9.090049405408959e-05
0.00010599792009121845
9.521154828874457e-05
0.00010251441231621493
0.00010261172320794456
9.352236802158157e-05
0.0001211381161433395
0.0019554574864793107
0.0019663280921326937
0.0016625932465461437
0.002240505238694723
0.0017713254220988034
0.0016686228510657316
0.002115900980514434
0.002218819792910642
0.002202364802373237
0.0018604922696363456
0.001717458188187581
0.001333275414510799
0.001810256900728961
0.001459474496567294
0.0018297797006314822
0.001540748301717504
0.0018668515834975093
0.0017052148870369407
0.0018859861276592487
0.001512437233675545
0.002835633012513238
0.002824708756422561
0.0032298242805690507
0.003214192704277253
0.003434514896053913
0.0026467388726546305
0.0029578131990167047
0.0027979443531091735
0.002856885967447547
0.0027545310361469654
0.0008789360917264913
0.0015836901532888276
0.0015017548673405463
0.001460109499855486
0.0015205083953943634
0.0016802911887101725
0.001598183017048211
0.0015249577897173024
0.0013209253900622285
0.0016549664774916334
0.0022069175301954987
0.0024339123130712875
0.0026159706485856487
0.0020084202674102835
0.002573221804673767
0.0019553830798794873
0.0023110523130461477
0.002495737473444563
0.0022623662460117227
0.0024872334268466753
0.0031264580618934213
0.0026796171391293222
0.00320770236387912
0.0024504101962084294
0.0033063888314773856
0.002878634628854072
0.0028492872033706344
0.0028551067994557733
0.002616575611557188
0.003102768407936082
0.0013938034408884753
0.0017567579664610586
0.0013940672883106843
0.001644418124052624
0.0015166691529801477
0.0014499312883370103
0.0014541752687526042
0.0016957419066664075
0.001489966433441369
0.001212625883532538
0.001769180012165323
0.0020672944017368707
0.0022802390577557523
0.0020825795572673176
0.002112546230611477
0.0022278470991882546
0.002165078213095055
0.0019917694360797413
0.002066889462785092
0.0019096359444318119
0.003484785077510895
0.003829772530262707
0.004431321673147903
0.004013750357328738
0.0035597894712897085
0.0046341305646751905
0.0035065979143754913
0.0036732398458589628
0.004014927883967201
0.004040110637038163
0.0009277025290843149
0.0009887775626687785
0.0012548183960287287
0.0011717665273100588
0.0011246621439702825
0.001053737847053314
0.0011607446840550424
0.0011317421311260285
0.0010957970068554048
0.0011504986483965327
0.0038439127683163403
0.004560114280383431
0.003216017869195892
0.004576807208563712
0.0035985004913089533
0.0038667583742212353
0.003941983907799541
0.003918125551643933
0.003732757622774637
0.0033244781779245944
0.000953795640455689
0.0008084584817756497
0.0008420935191026632
0.0008733411348444286
0.0008719671674042313
0.0008934921774131806
0.0007476992627007241
0.0007949776922525006
0.0008207533658574934
0.0007423526609443142
0.0022242220376204706
0.00192057233718365
0.0019357980275843893
0.0022924261330408624
0.0021170075767763634
0.0021676642951746644
0.0021017756561590183
0.0021845890809170524
0.0018744782720361104
0.002158682690924813
0.0024028798212191406
0.0022376181162179626
0.002568767500952724
0.002554965461268987
0.002673169614711004
0.002507254484815961
0.002675041032671285
0.002633853209370009
0.0028509480986741715
0.0021390516313459277
0.0017716789714107657
0.0017053353678194454
0.0017575669610837218
0.0015702673978579785
0.0016455711131489119
0.0015846743480986295
0.0014340402935483201
0.002003281098739014
0.001739650545357881
0.001781088918316688
0.0035709922833463367
0.0032171008753873347
0.0035790628415501733
0.0031755509849203936
0.003274394706119505
0.003492428807184279
0.003513513578198139
0.00379827204661997
0.0038292934419382834
0.0029586610904387954
0.00351402030363276
0.002955164317744725
0.003808382150656266
0.003585475245567773
0.0031186483267589687
0.0038054654062383174
0.003411669160488297
0.0037972196319288175
0.003630540070589326
0.0033403320364424247
0.0005827746919137822
0.00046399583338239714
0.0005838302885842022
0.0005740864078058442
0.0006053571203472861
0.0005931308873485679
0.0005404240163829177
0.0006634100397430853
0.0005723547297409228
0.0006697429304710064
0.003557479831969869
0.0030782252004031606
0.002860487041201309
0.0027695302300141337
0.0027846055456939014
0.0033054291816245807
0.0033302394825585296
0.0034296645141029254
0.0029017526402073603
0.003493683189580863
0.0010545568464763444
0.001103185055076275
0.0009110378653020372
0.0011823682521127502
0.0010772845425224763
0.0011463146720394073
0.0009876680195524763
0.0010327700015140167
0.0012039909321067326
0.0011208846070106704
0.002659882234656904
0.0021724647312293837
0.0023397126685204437
0.002228982689117359
0.0020117456098391146
0.002356957460066101
0.0023751943323023625
0.002401970546637544
0.0024054818660883934
0.0023735836208810036
0.0014684787955644362
0.0012431063405513709
0.0014936394221932666
0.0013719638324075213
0.001512276614572854
0.0013937105483418082
0.0012668840137690567
0.00147399585709888
0.0013525167899275064
0.0013285205216101094
0.00358230072180831
0.003257595559549963
0.00352710091614828
0.003353445250775697
0.002989784171860765
0.0033364078292983496
0.003566899561613775
0.003399239722146982
0.0034197012050793374
0.0036565898685894088
0.003059927431725954
0.003388336958970453
0.004005873597824615
0.0028758377003445246
0.0038498035324702044
0.0031261246644062454
0.0030370164118392927
0.003712914473280671
0.0031122009803870687
0.00337852973275662
0.002358458649915411
0.00268226563948174
0.0026437306195222724
0.0026626504133083722
0.002487039672128211
0.0025788186595671852
0.0026943192347127004
0.0023660135315006795
0.0028241017375269894
0.002471769078804639
0.003627296742088317
0.004313437526525315
0.004056606867301914
0.004309046631168058
0.0037537604453607475
0.003397352420829115
0.004016183096763962
0.0035485252028555005
0.004099074606852069
0.004191188779699404
0.0003948294253846887
0.0003944121061516527
0.00039469931014293714
0.00033256062217140584
0.0003906148936895857
0.00044378215464802625
0.00040164480247735734
0.00035667325752665837
0.00037375462454780964
0.00036185832228054736
0.00290192198554292
0.003145131801240987
0.0030718707599142695
0.003374966050890332
0.003453943380440874
0.0035500639425757406
0.0035802281061710906
0.0027907331833704084
0.0030263082825612085
0.003651169356307592
0.0032915232099435805
0.00293812457149808
0.003241851355364802
0.0036600140741790232
0.003411013693100104
0.003188335051442458
0.0034346146572152183
0.0035050471869802965
0.003567327970781969
0.0032334064230895164
0.0030962568717695237
0.002907585306544224
0.0029123235900124634
0.0026551980105774553
0.002921708488535193
0.0021836278685717836
0.003596447633143389
0.0025271571508500863
0.0029762259768836732
0.0024648798348275032
0.0009026570088929573
0.0010266101287038293
0.0009985236774250022
0.0007809266406170054
0.0009278085944916562
0.00082335229604413
0.0010065515952882567
0.0009543474318398055
0.0009153526425665758
0.0008822355043158112
0.0003954932817473192
0.0004113360442009357
0.00038497656930609216
0.0003658759460707762
0.0004293113484532551
0.0004614681212531616
0.00043708731500793284
0.000372977598189543
0.0003082240459738646
0.0003527061199074255
0.0032478846518942026
0.0031249751631330022
0.002801882151734639
0.0026841284507958937
0.0031045679186662485
0.002984398417340543
0.0028993893090961953
0.0033222178460371385
0.003442241607284669
0.0031567873246372705
0.0018922445742217495
0.002169038190131733
0.0018688480341692306
0.0017672006496073547
0.0019986449782643566
0.0020855667944016175
0.0015050635737189754
0.0018892569718597732
0.0018788711323963275
0.0018411452647842394
0.0011344202620930217
0.0010105651115565823
0.0012129930359539717
0.001140572435390851
0.0011165452705572262
0.0009634232007156099
0.001139269667493098
0.001169264917785667
0.000952505126354453
0.001053462508641918
9.944987999546121e-05
0.00010543778967938605
0.00010760997568901995
9.904831671770881e-05
8.840860156174719e-05
8.88546594606202e-05
0.00010664793670286048
0.00010360955415445143
0.00011376369058984429
9.004663296745656e-05
0.0028617217778656714
0.0026689068153132683
0.0028455167946722804
0.0029249242875645006
0.002678794392592689
0.0023874189953816236
0.0031133559714332805
0.0022001704770516564
0.002788012826762697
0.0030150926485040795
0.0010731824644939622
0.0008518652098197288
0.0007674534414196575
0.0007743639136948644
0.0008164648691997674
0.0007907335977736617
0.0007118725458662493
0.0008070177700334314
0.0008330195209357226
0.0009127734426947284
0.002550623250924617
0.002816474700787995
0.002164670085493662
0.002765704431861923
0.002542934723355298
0.002777857574572114
0.0026243994208360513
0.0026635358081904
0.002853250156087389
0.002492899276313511
0.0017059602033194046
0.0014397597550415428
0.0015781901825622261
0.0014288179227605546
0.0015905421612031575
0.0016162187653607795
0.001649931131812261
0.0014968810347113612
0.00151510693007871
0.001664802285232937
0.002215871837444309
0.0025375502298983347
0.002243662623379534
0.0024235312486703704
0.0021043536468807753
0.0022101847327665103
0.002634042003308689
0.002424944346507097
0.00267649403531751
0.002420778279274826
0.0011722948825772421
0.0011215724701199672
0.0011697050932877422
0.001028867606937766
0.0009629054269654556
0.001057406852200868
0.001087213744743863
0.001115294340031297
0.0010241718767221653
0.0012469601559614541
0.004166399831059453
0.004290194857816363
0.00335544708966766
0.004194283763920914
0.004362658150272253
0.0036352217459934837
0.004060092301286635
0.0037470029720104775
0.0032709282971893983
0.004685662148133708
0.0005546721438853488
0.0005027797195713627
0.00047113884536730357
0.0005714145977663612
0.00048558246533489353
0.0005415163783823715
0.0005440129796978326
0.0005338627392679048
0.0005974796140571186
0.0005432099635224472
0.0021981622891008882
0.001894795107203554
0.0024255085596545435
0.0025167247934883797
0.002836048002270948
0.002493605358899812
0.002469882712727599
0.0019788880788563926
0.0025880112203982572
0.0023672119217088613
0.0026546287488126517
0.0027914154705706118
0.003235248544665259
0.0030846037477598315
0.003067052429546265
0.003185668711873654
0.003148873841610433
0.00301571308640725
0.002828798847011388
0.0030352306369036187
0.0002795442586698406
0.00027510523084152964
0.00028620696500549864
0.000310380123899517
0.00029157613617680636
0.00030333651202362865
0.00029277218814536686
0.00033688804815821687
0.00029076395196089296
0.00033190367125204704
0.0024484398273049135
0.002289579452396988
0.002804307440548686
0.002532598710857488
0.002560466407972576
0.0026977723301580673
0.001961369513731987
0.0020573838114356737
0.002127594034779554
0.0028312569756128256
0.003244038728774703
0.0037801285110017516
0.004684161477706586
0.0032266100086886826
0.0035951190611345986
0.003940360253657646
0.003863044614484193
0.003763525548962504
0.0031936436299450574
0.003347335267873231
0.00021522967325500388
0.00019528536828643792
0.00018837273502956563
0.00018752914096534183
0.00019789053018306663
0.00018428448556567371
0.00019277790005661636
0.00018950274935871942
0.00020464621342853998
0.00023023953811625476
0.0019238492150691604
0.0018905899997867814
0.0023651224430643668
0.0018895250428682395
0.002142830764130452
0.0018686364589020562
0.001655464463794075
0.0022973458885098396
0.0019489149117724591
0.0018972067110355215
0.0006002766903400195
0.0006012404303489565
0.0005956032716283918
0.0007700137794371955
0.0007261253846591822
0.0006264058846016278
0.0006741903551958876
0.0005887310842833412
0.0005800790377664296
0.0005695684626316167
0.0005363999795582068
0.000586735711399729
0.0006764926612669141
0.000563265060681427
0.0006040991191319935
0.0006714091754210735
0.0005624020700040607
0.0008018402292479724
0.0005749481405923386
0.0006168162132268788
0.003077019780059698
0.003688987532592107
0.0038305224737546647
0.0042325895514059905
0.003775800934067943
0.003810422473736764
0.0034815323310091618
0.00369605232784852
0.004156766937852173
0.0036431164147842686
0.0004733723491223956
0.0004920567956085097
0.0005049829184530787
0.0005196234026789972
0.0005207397073894793
0.0004852457493335437
0.0005070783048616537
0.0005670617228033691
0.00046134011329557477
0.0005064337362579896
0.004390108800586934
0.00404493891776158
0.004806143990613588
0.003542203972744793
0.0037000277086846156
0.004435450445018103
0.0038036804236567536
0.004140384021645907
0.0037112285200223204
0.0035845244466019867
0.0001984191979802412
0.0002115080790690058
0.0001962744175767721
0.00021774379175143363
0.0002008338772585402
0.00017330996533949344
0.0002173683861544327
0.00019758605928434358
0.00021326246592138343
0.0001865415055068353
0.0015468358555551774
0.0018891716976108873
0.002179084874448303
0.0018765036430656173
0.0020057969408366614
0.0021393403060403
0.0014259331450714278
0.002039543136876448
0.0017188766742471397
0.0016731096334853366
0.002173640079899926
0.0018112714929457503
0.001713698106581846
0.0016638331411529517
0.0018311835377132013
0.0018509514613345868
0.001997896847093351
0.0022170519272691203
0.001830848446260339
0.0022196868762864564
0.0038986568605083945
0.003536760462012919
0.003780820183859149
0.003541524566167325
0.003953836290871065
0.0035192027799364465
0.0038581473056062713
0.004298475841498516
0.003952938402394251
0.0044020796528160735
0.0021232579066206105
0.0021327728240834658
0.0022229650845351384
0.0020746219716077474
0.0021768502432100495
0.0023885336442204066
0.002129351964937688
0.0018510661749028417
0.0018647892886082518
0.001767184279949488
0.002062715008894153
0.0021061191805120325
0.0018640770429159893
0.0023208253729917637
0.0017481367039108144
0.002078289965656846
0.0021051739817919894
0.0020680123928650926
0.0020185735294647902
0.0020179488898863164
0.00022849413832930738
0.00019220169311104347
0.00020873975144418606
0.00016361197830883718
0.00018619538578912995
0.00017309720884255765
0.00020949352945046873
0.00016594457704420087
0.0002188000217646424
0.00021168856569175136
0.003171511535956519
0.0048133686424611235
0.004319986284493985
0.0044909159539976845
0.0036926758217994894
0.004234864699506361
0.0044154277373876045
0.0034087930095546767
0.004372526070860576
0.004145499993605492
0.0006890265453605727
0.0007369745507376456
0.000697645223837987
0.0007873430545772555
0.0008071896484155753
0.0006900713597029331
0.0007787780398662735
0.0006990532955692579
0.0006672329356843854
0.0007698366961168416
0.0032084649709851185
0.003162407454065716
0.003377720144404289
0.0027548989208512078
0.0027786086783635703
0.002824574141690121
0.0031254123018301136
0.0028288452771159855
0.003030392914662843
0.002597089669414394
0.004073288071606212
0.003655178241281411
0.0032290825861456453
0.004111699602236315
0.003989558383816978
0.003399623143848007
0.003794561352109273
0.0035450450460660287
0.004178099237990998
0.003985587329082809
0.0021641866599442757
0.0024654812195523037
0.0022137524301729635
0.002241460198884669
0.002054545122572399
0.002232069555609664
0.0018643029219356938
0.0023778854145023176
0.002562670418281736
0.0021011211034466896
8.621313816879037e-05
9.859845357375936e-05
0.00010380718190614678
0.00011611349753105451
0.00010295614212044934
0.00010675337042747977
9.663716346048434e-05
0.00011153604778996045
9.76535565030795e-05
0.00010071680034563967
0.00016927152396351784
0.00020374557554080351
0.00022443954116454216
0.000236528563380429
0.00021116244352561409
0.00019494063015102113
0.00023044800101971034
0.00019947485373657698
0.00022492620720013833
0.00017828345711851505
0.0033427500966750957
0.0035337831055542485
0.0035512819510214585
0.0032079996789713553
0.003507341552057317
0.0027986123859804085
0.003588079717301127
0.0032851701727730285
0.0031664010125216292
0.003505547494349384
0.0010581538275575887
0.0010606825553935708
0.0012645293753734703
0.0010989129686694225
0.001096329811837665
0.0012190486951900877
0.0011255180600760364
0.0009983300379530849
0.0010821665461937962
0.0013100227056970317
0.0011813423363489233
0.0010420705966591001
0.0010502523601911846
0.0009627367026835545
0.0007670030160803818
0.0008328453227780818
0.0009666600507565425
0.0010844566975924327
0.001016008535739533
0.0009775549747421048
0.0014406523327997844
0.001673181583104622
0.001476990541081609
0.0012405488824071343
0.001285821343261089
0.0013071186488656053
0.0013958170211873647
0.00142811344225679
0.0013285562478843169
0.0014669183227684992
0.0013384084413374862
0.0016628599497234267
0.001350133134065707
0.0014132098747297367
0.0011421302310826611
0.0013326471816540255
0.0013616617451464635
0.001021593850195325
0.0011975958964724463
0.001340317461636686
0.0017741338304939475
0.0015946913487160533
0.0014405093155253033
0.0018334626456868142
0.0013343216195136026
0.0014790688644688718
0.0017213079412002317
0.001342835194920369
0.0015826795097867614
0.001744322168561154
0.002935608526579019
0.0029808798519462484
0.0035899487779358537
0.003456023265098802
0.003097331516300962
0.002585820044964182
0.0030037171502945194
0.0031796220073094846
0.0030647535974968752
0.002969176897807228
0.003194446316746124
0.0031158114976679585
0.002859611162311929
0.0024097832955263876
0.0029142912748513937
0.003088081801671318
0.003304389462013943
0.0031667560794345563
0.0029856271396185266
0.002911804716143024
0.001098965844018225
0.000776774899337552
0.0011256765857732493
0.0010781015151749868
0.0010100979799759916
0.0009707541873351219
0.0010084020356988966
0.0010484627966285314
0.0009225606236192125
0.0009878393942924872
0.0030005780903471302
0.003130121787360604
0.0032960107888161607
0.0035769434490067
0.003838143171697242
0.0032101376254989053
0.0036993329057669316
0.003489544857903146
0.0032308502600654197
0.0031855507236334853
0.002410944651339631
0.002208272660343466
0.002338365575131763
0.002646074558244875
0.0025304598649826516
0.0022529735445740214
0.0021120841693026016
0.0024150513588124724
0.002739621366315571
0.0022562902012486373
0.00040803620139515085
0.0004939778623988114
0.000478066840311086
0.00042196019243601935
0.0003431818591258724
0.0004013599495330905
0.00037574911388432123
0.0004023278285998833
0.00038997751663683055
0.00039573353471980305
0.0012444894550308538
0.0009675060612622133
0.0011779676727794873
0.0009459228596277955
0.0011028427180510704
0.0008687415936475486
0.0011670665857183471
0.0010416327733005905
0.0013236991279198197
0.001149555132410973
0.0019013099585627467
0.0020500682796654388
0.0018930162471008359
0.0019488718898801423
0.002138169871857412
0.0020489977285852285
0.0023133539779588517
0.002123193888880221
0.0020442058255030057
0.0018368458923016424
0.004045640577918226
0.0034592826040729706
0.0035329415246594213
0.003487950388840734
0.0033681349959639364
0.00402249205839661
0.0044783589260833055
0.0035730982202729026
0.0045050105448661195
0.003409089148940444
0.0010831523579727864
